N,P,K,temperature,humidity,ph,rainfall,crop_fertilizer
112,112,133,27.96346586310824,62.72236057037334,4.6389597897791255,262.2899618561641,Rice || Urea
102,48,33,28.02713261166862,89.1816724095687,5.779518306671053,61.22502096052059,Cotton || Ammonium Sulfate
24,123,83,23.89351945261709,38.051205418149266,6.886631567988361,269.04864693477657,Maize || NPK 15-15-15
116,44,175,22.320647296291614,86.81340817989857,6.919207047375855,261.1175121032352,Rice || Urea
81,10,31,23.8399615224958,55.45686809855658,6.420504916056837,52.95983012344934,Cotton || Ammonium Sulfate
30,33,163,22.78897133807169,88.97076590577859,7.762662163258534,126.47707304597505,Sugarcane || Muriate of Potash
112,66,180,30.992804414539783,91.45279438048908,4.750888685657835,235.15441367184076,Rice || Urea
131,109,192,15.519241309305386,75.25189322011435,7.761951062320543,186.77837091505626,Rice || Urea
84,79,48,17.13861973536938,74.86542719556067,6.479016961742815,226.9825464116249,Rice || Urea
97,50,166,16.693473938203013,62.165260262524406,5.035042780308009,212.568001309573,Rice || Urea
126,63,29,18.82423521315288,85.13241347262245,8.04280765416191,159.22482715051927,Maize || NPK 15-15-15
109,55,50,25.656718888321166,92.69676550599699,7.096915118163854,49.89233102840789,Cotton || Ammonium Sulfate
113,69,191,14.891427430793687,81.50490802034716,5.154182747296558,180.22436849548023,Rice || Urea
62,117,157,34.57240167848911,72.31620402540256,4.634598893596106,51.65599673423103,Sugarcane || Muriate of Potash
11,69,117,19.73139981402028,71.4075737492802,5.064438593330597,184.8944122084314,Cotton || Ammonium Sulfate
97,66,156,16.225987674186406,85.96819409501974,6.935191840721574,232.09860699848278,Rice || Urea
47,40,93,29.566154049554324,67.4722259462779,5.217184941040194,180.39801968846047,Cotton || Ammonium Sulfate
139,93,120,12.990243815582302,83.23159317492936,5.4030522995001125,279.28523309480727,Rice || Urea
30,33,75,28.11918268672827,65.53311531045475,4.600558903025257,149.40796004330394,Cotton || Ammonium Sulfate
67,98,167,30.153159197588995,38.74665649843545,7.391722688954415,219.71859126495698,Cotton || Ammonium Sulfate
31,45,62,17.5878298160547,58.036820534249316,7.741457599037748,200.1311900180578,Wheat || DAP
98,94,43,13.09106590953449,61.66645746028992,7.687392707088493,277.9436059739411,Rice || Urea
58,39,159,21.45477933190569,43.49703469919703,5.010272605457137,211.17256121850522,Cotton || Ammonium Sulfate
68,33,76,14.563449986290347,41.14977975135277,8.113204509555038,79.36737555025346,Wheat || DAP
24,117,143,15.028424091506764,67.12789697941724,7.18911531789632,269.32424954013777,Wheat || DAP
60,115,216,18.610792017566478,40.10861819336493,8.090114489507458,200.26653434698272,Wheat || DAP
117,39,36,19.68216604029574,53.17671007340503,6.288642018122655,54.241175393533574,Cotton || Ammonium Sulfate
64,95,19,25.779228866556934,79.67581855778457,6.247819444334791,197.81639338830698,Maize || NPK 15-15-15
73,101,82,29.63818902307834,92.86593077407885,7.638146074739581,251.94865760194602,Maize || NPK 15-15-15
60,16,105,27.412044462624806,78.07223483311571,4.873191421906974,178.490046877606,Cotton || Ammonium Sulfate
30,44,57,15.857368769527437,94.5575329071722,6.583496146539543,124.96471312768269,Wheat || DAP
82,64,79,16.47423684376829,76.90027827676417,7.845536942524903,237.01831217694783,Rice || Urea
27,101,196,34.848000494615775,52.62766823925965,7.820770252278285,227.80288196939907,Cotton || Ammonium Sulfate
98,23,109,26.517160191666953,75.32315243032171,8.324531425369475,170.6037170155122,Cotton || Ammonium Sulfate
69,129,68,34.61838365533991,77.12940591181423,7.293090374122186,77.04682477501608,Maize || NPK 15-15-15
23,19,11,21.660209294316733,57.30361907698764,5.331082517758913,100.23675652556352,Cotton || Ammonium Sulfate
18,89,166,27.97440019321442,36.06283103656334,4.581121259578323,217.23615332466537,Cotton || Ammonium Sulfate
99,25,205,25.61524881741988,77.19198708652922,6.417663194508408,233.4597196947826,Rice || Urea
62,63,74,20.297210735332026,36.3020057165325,6.554815462490222,107.02366672983754,Maize || NPK 15-15-15
139,104,92,24.21779967287348,72.87128468360427,5.461050337995726,128.3164185248288,Maize || NPK 15-15-15
93,115,163,25.064762797500233,44.816989324553305,4.998789788494413,58.631652459950836,Cotton || Ammonium Sulfate
101,98,19,17.220045343673643,68.93621166488259,6.844832664762036,211.23086760795994,Rice || Urea
120,86,62,20.190269681795023,65.234781522836,7.557022696096565,40.858610704007525,Maize || NPK 15-15-15
17,79,88,32.57665351318137,35.81081853837095,8.472616414360642,51.169965092576334,Maize || NPK 15-15-15
44,53,68,35.810494225807304,56.771949019706206,7.533210468842074,41.04257626818158,Cotton || Ammonium Sulfate
90,82,159,21.354646432177788,71.06547004377816,7.674529657022324,194.876700001028,Rice || Urea
59,54,188,19.981279337434472,85.91639311392679,6.96584351291519,140.17291064813116,Wheat || DAP
113,109,57,17.075126278868947,88.31852683019103,8.44369063588007,111.41122272239926,Maize || NPK 15-15-15
11,65,158,29.64077038491511,64.0309982019934,7.059825540458282,259.0482424857065,Sugarcane || Muriate of Potash
63,116,132,20.40059224332477,78.70534923796629,7.941013145598817,86.2726707223856,Wheat || DAP
115,93,31,37.681488016578896,53.98727459200746,8.283138584963822,133.44832249153615,Maize || NPK 15-15-15
13,91,109,20.467804853662784,55.53118434551945,8.219434002002243,265.67483222266037,Wheat || DAP
63,116,107,22.247537216348334,46.667811150938824,6.025661375133426,142.5055750808902,Cotton || Ammonium Sulfate
53,66,167,27.686689101512904,68.71688659959436,4.814648233257035,173.12648455529387,Sugarcane || Muriate of Potash
23,30,34,32.843791622973924,53.87384905564191,5.187494810156988,59.280847976677016,Cotton || Ammonium Sulfate
104,77,37,24.207485298986477,40.0622537863103,4.7368932215864294,229.63993285443095,Rice || Urea
57,59,202,22.98905687851292,76.10036519979073,4.921587739316561,141.46210650117717,Sugarcane || Muriate of Potash
24,42,122,37.88658367346501,77.46519245632389,5.23860498357479,232.12362990363602,Sugarcane || Muriate of Potash
49,100,54,12.272834669638556,56.59954512674347,5.8643772663496065,100.91143421343811,Maize || NPK 15-15-15
91,16,77,35.27169751013239,39.603403967361366,6.674158586300303,141.3949001347384,Cotton || Ammonium Sulfate
120,79,16,15.877661474433173,60.57786304420556,7.3467282374203435,228.77174472760248,Rice || Urea
62,24,58,32.43405718143175,61.540127483012924,5.343709344426047,273.7306640904735,Cotton || Ammonium Sulfate
33,91,146,28.06622055600375,75.12025309387357,7.190089616952557,54.31012585294453,Sugarcane || Muriate of Potash
133,41,173,20.888029422950396,53.92498347552101,7.317036298009679,234.98948258053704,Rice || Urea
50,129,92,34.720748843546474,75.95595678687832,6.734489347464757,112.16537623050645,Maize || NPK 15-15-15
24,84,138,12.335587927505792,87.28931250544329,8.114471479194842,172.1783874138573,Wheat || DAP
54,29,147,17.893956953948013,49.24916254173199,4.943979255687243,109.6221435881795,Cotton || Ammonium Sulfate
74,97,173,26.739212702487936,93.735173367194,5.208485830409678,187.22691341631764,Sugarcane || Muriate of Potash
98,24,82,21.140098761292148,58.182088228208414,6.214659297557939,124.91267935455413,Cotton || Ammonium Sulfate
80,57,55,27.869814878276518,51.0355211088237,5.006850940936955,120.06757383464355,Cotton || Ammonium Sulfate
18,80,115,12.626865028625337,60.29067095061743,6.76518457489635,49.10519510462453,Wheat || DAP
97,30,169,15.027932192524526,40.66384855423155,6.093601866437698,75.27049741691476,Cotton || Ammonium Sulfate
138,51,41,15.30450224567942,42.54235439072694,5.638383178143673,260.0987677277149,Rice || Urea
72,35,15,16.921374793816245,59.866042818099885,5.1799592520705495,279.5865829295791,Cotton || Ammonium Sulfate
90,117,185,23.942617460814112,80.74667131634601,5.841352953392841,227.32493820870553,Rice || Urea
42,129,175,31.55534618813285,89.01873437446946,6.931837403329368,108.83502994563683,Sugarcane || Muriate of Potash
132,23,154,35.54400978615143,74.88907944297625,6.803140843557646,136.5868332264622,Sugarcane || Muriate of Potash
14,66,83,33.7196857873904,41.31317331429018,5.154496000840935,217.48082917745984,Maize || NPK 15-15-15
50,46,123,17.119084666167772,75.3211857308321,4.999679242962534,272.44325365196755,Sugarcane || Muriate of Potash
37,67,36,23.469914357996444,73.12567524217832,4.606707050435491,149.31308097504822,Maize || NPK 15-15-15
81,30,63,17.18470154172191,83.34583509759987,4.549702375175729,239.0853796692099,Rice || Urea
21,91,187,18.876267233346958,84.51491999913085,8.01924174287874,274.01654142369205,Wheat || DAP
42,78,172,25.092221519309042,87.09218454673874,4.68035542402156,249.63356105344104,Sugarcane || Muriate of Potash
57,12,94,13.770834642811586,59.8478908747459,7.424884439492985,94.51593922511847,Wheat || DAP
71,96,136,17.6725325694251,76.87186372112865,7.987940384979828,41.927647330149505,Wheat || DAP
46,99,162,36.31983219398505,51.095021535338645,4.89223139424983,158.09960929321963,Cotton || Ammonium Sulfate
108,46,165,24.119023609120713,94.96017679901026,6.2452056953320705,167.52659960686404,Sugarcane || Muriate of Potash
113,97,120,23.580049675424675,45.5200544826116,8.349211932697106,88.30008749228071,Cotton || Ammonium Sulfate
44,58,24,12.378746023533251,35.606865899650145,7.83655464209434,108.32185406723623,Wheat || DAP
110,28,141,18.43239342351699,43.928522871090564,6.458816127431421,223.63675860365126,Rice || Urea
10,124,102,34.52360333553671,81.5523373726476,7.5502844511662115,152.8833420911521,Cotton || Ammonium Sulfate
14,98,132,16.280339134725388,61.80702059049269,7.833510497726655,116.1649800640616,Wheat || DAP
112,94,82,22.793248427902746,61.8500148686257,5.892107852754878,189.43024656686066,Rice || Urea
36,21,164,12.372603552542033,92.3013751767001,8.068611667479843,196.66234143427008,Wheat || DAP
24,70,163,24.43672252343445,90.17809448168445,6.3818932787086275,224.65498644179252,Sugarcane || Muriate of Potash
99,50,156,12.546548774881646,53.671684268240554,6.611229454235319,77.61023098310059,Wheat || DAP
51,42,101,33.3098483797108,47.54348772685197,8.498830551287323,217.96414055847768,Cotton || Ammonium Sulfate
133,59,26,33.4461979546647,85.90893259602439,7.8732118646086455,183.86281410650045,Rice || Urea
72,126,52,32.48129689586162,89.36114426266178,5.94708002309192,53.81724767267131,Maize || NPK 15-15-15
105,77,130,19.367465791169074,67.49581536790922,4.5413823858908,226.58695078081868,Rice || Urea
61,115,50,33.768167673767266,72.76542266702603,7.004696295175579,131.9392675199644,Maize || NPK 15-15-15
105,80,179,26.117951447737003,50.414857081537605,7.315653704512432,119.29142423911301,Cotton || Ammonium Sulfate
38,95,187,21.719010830542064,83.04816127871148,7.103210760573519,147.53803637959226,Wheat || DAP
45,128,177,28.258578952310057,72.9273457069414,8.371449404652852,123.08201855347097,Sugarcane || Muriate of Potash
22,42,48,12.320867197569724,65.21081067787979,7.951884109328577,121.18854213037818,Wheat || DAP
80,90,122,15.716982817619556,38.60651336470375,6.2953267727225946,233.9386402481501,Cotton || Ammonium Sulfate
95,33,160,31.299631992426832,89.95609775066922,4.751429949889523,69.88126104776615,Sugarcane || Muriate of Potash
37,70,120,18.348201826619977,71.92708522306435,6.4042350780079875,272.94401628579004,Cotton || Ammonium Sulfate
75,70,189,27.548237050547492,46.56146568157808,7.2569760798480925,173.18359464984238,Cotton || Ammonium Sulfate
54,107,56,22.012667673398774,71.38316701898316,6.930839232908019,83.9017596211151,Maize || NPK 15-15-15
71,37,72,34.2249502487808,75.6478012543984,6.652548270843539,71.49171590360476,Cotton || Ammonium Sulfate
37,67,119,36.76279795591273,66.54622020099353,6.375275832060965,181.96228771239583,Cotton || Ammonium Sulfate
37,52,78,34.97268293762495,78.08610427736136,5.675047492109545,191.91986652326273,Cotton || Ammonium Sulfate
117,50,52,19.036119862033512,69.88723687571746,5.609387046898517,52.72618504715459,Cotton || Ammonium Sulfate
53,48,185,17.04823459519814,91.86617492192889,6.500925915703208,98.3204593909086,Wheat || DAP
93,95,43,24.33530723413911,38.22182471595841,5.142412585718596,230.91086109315216,Rice || Urea
39,58,49,12.190687921740688,41.37474250817363,5.862741694299206,51.90991065844612,Cotton || Ammonium Sulfate
84,26,212,12.671044214442725,45.420298217260395,5.795917098840398,245.22127933744866,Rice || Urea
137,107,70,26.385556630198003,76.41026423625993,6.848531206336803,197.95899436632004,Rice || Urea
101,79,187,25.531684508297435,73.73575236498851,4.766729201452098,144.26158224716914,Sugarcane || Muriate of Potash
138,119,204,37.85913171491676,88.52353161258165,7.818674721060381,123.14388375301981,Sugarcane || Muriate of Potash
130,79,71,17.24788771945771,78.9726471730339,6.749513521537608,44.61975132373455,Maize || NPK 15-15-15
36,107,67,18.71070215817218,65.50132925387554,7.183306723103741,238.05158698044232,Maize || NPK 15-15-15
130,74,170,14.952056700483453,94.50990754781782,7.312375615037731,74.25324495244914,Wheat || DAP
125,83,84,35.85611825099736,50.966477370157946,5.665936547370146,114.29007804690114,Maize || NPK 15-15-15
12,94,25,32.22309235591972,84.99149958712724,6.381486269539466,176.58567528707292,Maize || NPK 15-15-15
112,14,91,33.380816897878034,60.60742233163516,8.324983823478668,99.03822401710102,Cotton || Ammonium Sulfate
71,11,103,35.47185848707723,73.92410833254405,7.56682095198726,159.31371130052833,Cotton || Ammonium Sulfate
60,31,57,25.647399654871794,78.63610822714604,8.378227500892741,234.24227889728857,Cotton || Ammonium Sulfate
68,121,147,23.731022977718816,73.02524523142017,7.485017380585154,152.92910434966598,Sugarcane || Muriate of Potash
127,66,91,20.590178315306026,43.430438186515595,5.20240055883407,267.75456258870304,Rice || Urea
105,75,47,27.31957997304424,61.577060644875964,4.758143535378705,243.400148890322,Rice || Urea
122,83,136,23.811238316535388,68.68630267598746,6.810645746878654,119.92941648721461,Sugarcane || Muriate of Potash
71,107,28,23.740705251744952,85.9426255507158,5.931253118810439,135.99090990014506,Maize || NPK 15-15-15
61,25,173,36.36012445700961,61.618744927914335,5.601831640552681,141.59841448540652,Sugarcane || Muriate of Potash
21,121,196,37.58481937125738,90.12483828825509,7.72884398570167,190.28306870188354,Sugarcane || Muriate of Potash
48,60,72,32.708594122569096,61.42245338151264,5.967973068327789,108.83097500524956,Cotton || Ammonium Sulfate
139,48,86,31.675710346420136,67.9267915557807,5.768003878937216,272.61979331740207,Rice || Urea
122,95,183,29.694512206256636,82.77714097656806,7.899950372676042,186.08421294484023,Rice || Urea
110,85,140,16.317946160671355,69.98406106532862,7.885149345945841,135.85639809787205,Wheat || DAP
122,97,211,13.536751342767017,92.61308434296947,5.925466551020227,194.80235571797616,Rice || Urea
90,120,111,29.95888419294484,74.62014983084765,7.829994803943865,134.89720252712982,Cotton || Ammonium Sulfate
122,49,74,30.948441778670976,66.36256724405607,7.903113961330642,236.27096343506054,Rice || Urea
11,47,129,13.221297768551635,36.41551806684775,6.195722140118665,176.2818305324131,Cotton || Ammonium Sulfate
139,69,100,36.129345505950056,59.82397385481979,4.765892520836687,50.07292081745608,Cotton || Ammonium Sulfate
63,68,17,14.369656625561616,52.95490515560962,4.50633857786536,82.42164818163059,Maize || NPK 15-15-15
96,19,188,19.43341387805126,79.88634007324936,6.59316985155598,247.5985535270883,Rice || Urea
138,108,218,29.482135132766317,47.496660509212745,5.876301973481423,175.09595832562957,Cotton || Ammonium Sulfate
135,73,82,16.416687454516385,47.31320523764431,8.488527576633464,268.0824343633372,Rice || Urea
139,124,143,13.440813099498355,46.371142594242606,7.589643998509137,57.38135508656435,Wheat || DAP
62,72,116,20.609808718267892,42.53693678937415,7.54510182540165,110.86255122063375,Wheat || DAP
77,58,98,31.915260946234657,53.66042022025324,8.320971073149375,86.45040957749742,Cotton || Ammonium Sulfate
132,73,48,22.755645653616767,88.1553268666055,8.050897591573284,172.9216701348967,Maize || NPK 15-15-15
47,41,122,28.977295969606423,81.4957083383573,5.772749917825555,131.87027945917825,Sugarcane || Muriate of Potash
33,16,197,27.070096527931554,79.11507297840761,5.163948886415506,77.74564817833436,Sugarcane || Muriate of Potash
78,30,37,12.577680532665092,82.84020833899777,7.483569060261929,194.26045935029126,Wheat || DAP
125,29,106,37.70203966318837,51.1650733597743,6.0130955747314925,168.71160779132475,Cotton || Ammonium Sulfate
107,35,191,13.077130309304081,88.24650144514928,6.392690606523826,105.93670031111223,Sugarcane || Muriate of Potash
106,77,46,37.16287117886061,43.238202508496265,7.021590925099307,155.14512586777067,Maize || NPK 15-15-15
133,119,146,26.29646863747435,55.18074360293492,8.131490707740962,218.97719560988548,Rice || Urea
79,125,91,37.04213470369173,70.20488713804058,6.176351014683863,89.26520189215805,Maize || NPK 15-15-15
102,95,65,14.98359358475972,41.17430530052004,7.633267560877446,110.29737920841498,Maize || NPK 15-15-15
12,24,196,24.750621498823342,78.8078112665855,5.57335916509863,123.06663690258763,Sugarcane || Muriate of Potash
99,129,94,16.407106388517526,58.234762892208494,7.291887163694454,219.21434492824758,Rice || Urea
105,113,11,13.325346802583503,82.06433993650401,4.5063176843116475,243.26142389221766,Rice || Urea
61,94,198,28.0557569916201,64.57377713507617,7.986028853962539,130.33323914598662,Sugarcane || Muriate of Potash
137,88,67,17.40236894500398,45.85247146552018,4.62151831981785,111.18900684014038,Maize || NPK 15-15-15
48,95,116,27.280122475476194,79.08570868132065,7.351015019050337,253.46722200440252,Cotton || Ammonium Sulfate
91,125,132,14.921476530673626,50.12863735033662,4.6850327570451356,279.8475837262429,Rice || Urea
113,101,197,20.631648257250273,64.44861807608257,5.564982797576014,200.88487351883177,Rice || Urea
138,23,177,32.32244650938443,39.531996149414454,6.488809614226213,277.59534759740336,Rice || Urea
20,36,173,23.36333956789688,72.0719992647222,6.179754741392953,198.3919066724584,Sugarcane || Muriate of Potash
51,114,123,28.321380787330746,74.95146597297664,5.267344458404042,216.03046528187798,Sugarcane || Muriate of Potash
108,49,116,28.833906459384195,57.72045259836702,5.835259646836949,133.2774403704433,Cotton || Ammonium Sulfate
16,67,46,33.937631143669634,92.26536681926443,7.410825480243869,143.91221127977283,Maize || NPK 15-15-15
99,37,88,20.447992654572673,87.4501352889241,7.1770283703185935,74.59255935745483,Wheat || DAP
121,35,101,29.869684627145457,77.47645494439968,4.787258335055663,237.46000354362957,Rice || Urea
69,122,27,37.00201098320031,77.81912446962457,7.489263302291546,263.45416741292803,Maize || NPK 15-15-15
122,72,107,30.98632669330457,50.14410289652908,4.712183524788113,189.6251520865869,Rice || Urea
11,75,72,24.736632394661356,74.40891386530694,6.671705556399138,122.47535402689563,Maize || NPK 15-15-15
138,34,159,28.39865355679016,46.89237591413118,5.540250992168763,76.96391808984791,Cotton || Ammonium Sulfate
57,129,148,31.231755341840813,43.64019343518933,6.850760510239276,103.63749512927558,Cotton || Ammonium Sulfate
46,12,195,27.919169908040683,94.96807365215481,5.545313583763607,101.29850100444239,Sugarcane || Muriate of Potash
18,81,194,12.433571150735817,72.34255588839045,8.439831878503323,187.24669219925752,Wheat || DAP
108,53,214,17.064110939867874,60.85927235943143,5.738912734910127,266.80899168726506,Rice || Urea
57,106,13,33.07217364760211,52.28987137303708,5.4678425426979835,51.58525286991555,Maize || NPK 15-15-15
63,51,144,19.088916830124603,71.23522661973365,5.613861163661384,40.24535190266752,Sugarcane || Muriate of Potash
129,125,70,31.02061510858948,37.97561049320517,8.085891429037181,184.04366663543814,Rice || Urea
125,108,116,21.67512559628417,40.680859430287704,7.044875314677379,108.17451089913166,Wheat || DAP
84,15,63,25.56899253210652,36.97140186442378,7.422736389683106,251.33160216134968,Rice || Urea
122,48,97,13.767305795304496,64.9501899957597,8.172042040377402,118.54007389739608,Wheat || DAP
113,61,77,16.711864587292446,71.03639775123095,8.14748993938003,109.53702412693343,Maize || NPK 15-15-15
93,32,216,36.8871210515001,38.74878568146925,7.45578338631491,104.68254909239134,Cotton || Ammonium Sulfate
121,98,138,35.14358938961976,78.27346804993499,5.291297715365292,74.76467854437858,Sugarcane || Muriate of Potash
108,59,64,28.959152883375307,48.82370429087386,7.8734932827000215,179.56731382650653,Cotton || Ammonium Sulfate
102,52,12,23.950759532029174,76.11208722619196,5.315104136764255,80.3712645602104,Cotton || Ammonium Sulfate
137,28,215,29.56979361527582,93.91382840211475,7.471595256393728,141.9114783496698,Sugarcane || Muriate of Potash
119,78,175,28.083867516442414,76.46635220323107,7.242412266179498,150.63329254135573,Sugarcane || Muriate of Potash
91,60,130,26.782358645719913,87.99158317541651,7.535555400561787,44.91809125071387,Sugarcane || Muriate of Potash
63,20,138,13.538603868452087,91.89191040458405,6.630742722855263,44.0337471570742,Wheat || DAP
77,129,111,28.45286787719918,64.20506290113893,7.0549047289968785,164.85104530163903,Cotton || Ammonium Sulfate
42,21,47,31.991921158850378,77.13949876518241,8.313280321737022,207.04833573499175,Cotton || Ammonium Sulfate
30,83,94,37.846123020784965,86.1181552133505,4.90435437669686,266.1141957472971,Maize || NPK 15-15-15
57,17,166,12.288042367452052,56.39653477246317,5.73538909912648,82.98862819766923,Cotton || Ammonium Sulfate
137,33,142,30.98450978607759,50.683838993623695,6.945428052393529,64.78211426465981,Cotton || Ammonium Sulfate
137,101,211,26.866522214335493,91.79591436670032,8.356216520525958,52.50109766251622,Sugarcane || Muriate of Potash
42,50,101,23.285356578104874,78.57821002212907,4.882297790650405,144.64997989910808,Cotton || Ammonium Sulfate
124,45,30,15.316824538855643,48.18092800254958,4.590196886120346,189.55536816062965,Rice || Urea
128,110,208,22.636213864506782,61.9450035605668,4.722998393881312,241.7328056203034,Rice || Urea
31,94,204,21.213806757639517,82.78710617226857,4.709622745844795,203.83477175035154,Sugarcane || Muriate of Potash
47,81,118,19.873577113447297,67.82377945510652,8.131263431109618,90.00658937796575,Wheat || DAP
118,64,56,31.0028702063774,73.99712588995334,7.385031631735298,150.82488793510697,Maize || NPK 15-15-15
60,18,93,30.218863553390857,80.22609212270314,7.208425464785114,258.4831231140773,Cotton || Ammonium Sulfate
17,56,92,27.3145223655037,72.32055132853884,6.590291281047238,118.4178549945691,Cotton || Ammonium Sulfate
36,24,44,36.40528514562768,67.40475931533175,7.627810467888608,159.69528762206355,Cotton || Ammonium Sulfate
36,57,205,21.096213988702218,79.97685706326641,5.122591971046363,270.05568031448723,Sugarcane || Muriate of Potash
30,119,78,18.33885038046467,78.65378212593204,6.06776475915375,216.32992133768744,Maize || NPK 15-15-15
39,113,138,29.053486140558388,72.79234401099073,6.460017003057374,219.4576925540061,Sugarcane || Muriate of Potash
106,91,205,17.16916558437248,56.58736480291577,4.941637990706905,100.56016105917463,Cotton || Ammonium Sulfate
37,51,149,20.19027318676904,59.348725532016296,6.178054837350068,139.52754839323075,Cotton || Ammonium Sulfate
120,69,197,17.839663441947007,93.22631293304585,5.766007117050481,59.76211914321321,Sugarcane || Muriate of Potash
70,93,36,13.797992760681032,41.74315593749155,4.6423285831738506,185.56620809212808,Maize || NPK 15-15-15
57,79,65,33.51496728252751,51.11029503517012,5.0469416109169405,64.8952394901986,Maize || NPK 15-15-15
13,21,32,18.61805411596319,64.54410555226013,7.556147292669888,240.61829972942914,Wheat || DAP
44,11,162,24.298715086918538,85.20378116862716,4.572151638018578,235.49290888479925,Sugarcane || Muriate of Potash
58,16,30,13.12619710461211,44.820539823783676,8.237013196385444,168.06522426935427,Wheat || DAP
26,89,70,30.18282612256872,51.617277087476594,4.845698529788949,73.87984796728713,Maize || NPK 15-15-15
55,12,72,20.59458605996356,38.94789306771434,7.696952376813833,46.138955966840356,Wheat || DAP
126,118,131,31.36315492355946,77.3591159630491,8.094466163773884,231.21008021021737,Rice || Urea
15,12,61,22.72247957216452,49.29256612853697,8.264542339401789,184.03371597122245,Cotton || Ammonium Sulfate
108,36,97,17.08964576654624,58.320485040257026,7.96990809398389,210.623112819492,Rice || Urea
133,123,162,25.342552139332934,61.62208682178007,5.650200157701773,112.91371017672822,Sugarcane || Muriate of Potash
46,116,64,15.393118550573433,88.47883613638734,5.832348525353908,162.2758570825395,Maize || NPK 15-15-15
33,49,55,23.454018156697863,59.67981741987421,6.206182794440304,219.3218009295161,Cotton || Ammonium Sulfate
102,111,41,20.24994241293265,43.71350119491494,5.057186757628403,151.0151939953119,Maize || NPK 15-15-15
55,42,64,35.71094918919046,66.45889630040726,4.589089820268896,184.33221346449542,Cotton || Ammonium Sulfate
104,101,105,13.584146764738719,92.77747967891779,7.976486457124139,229.53478283391095,Rice || Urea
108,10,142,30.04445276674929,71.46113846304866,6.716514864841825,91.65295486393092,Sugarcane || Muriate of Potash
125,128,45,16.751530315673335,94.00323322763435,6.934891768712865,55.822933445795755,Maize || NPK 15-15-15
76,17,119,20.295171932638233,85.4664385363322,8.207953899271182,167.63764259459322,Wheat || DAP
137,110,186,22.803365639613716,37.15794537280477,7.160480712454463,54.910184972822975,Cotton || Ammonium Sulfate
27,41,115,35.60839232374933,74.50397572262251,7.263414017359254,223.97375064802077,Cotton || Ammonium Sulfate
34,57,67,18.307034917919452,52.206012653473024,7.647874593746969,212.61074743210926,Wheat || DAP
63,116,48,14.374028866161426,68.57701133868343,4.965393799429615,251.61104115167126,Maize || NPK 15-15-15
67,110,89,20.285929703753613,51.76071145587359,5.940648612855166,193.49490352815053,Maize || NPK 15-15-15
76,13,106,14.721575233923867,55.93222499631742,8.372831710813465,56.127416980569706,Wheat || DAP
113,103,122,15.343508634974366,90.39012270525076,8.191720312402426,100.75651011750818,Wheat || DAP
33,79,70,26.920115547350694,47.39859109350232,8.036301185240738,233.9036426950526,Maize || NPK 15-15-15
123,119,146,13.583450260586826,87.44654708154982,6.30835404135589,80.11178015526106,Sugarcane || Muriate of Potash
41,127,15,12.804202916232716,36.82746848422981,7.928771814347223,207.63531227557297,Maize || NPK 15-15-15
95,28,118,30.57476663823294,40.4525923021789,4.693583527783062,227.2622394209147,Rice || Urea
136,41,44,21.402824465867155,86.28050248305581,5.09406969702847,119.22683148525788,Cotton || Ammonium Sulfate
139,18,48,15.259759080080705,72.83336185455173,6.1558707939362165,117.35139361669803,Cotton || Ammonium Sulfate
26,21,159,18.593932042352414,79.83416828237301,6.433568266728505,173.87264349019526,Sugarcane || Muriate of Potash
113,20,178,28.694249191162374,47.56506024931126,5.554028614083427,246.7087198611433,Rice || Urea
52,55,127,19.16395074566213,67.22500733540622,5.925906683391149,93.73748845923532,Sugarcane || Muriate of Potash
48,128,14,24.857549253130607,79.23315341427829,5.151104404101475,265.9019670501766,Maize || NPK 15-15-15
35,25,179,15.16407797489348,72.63884822061576,6.456536126863629,183.78848435682596,Sugarcane || Muriate of Potash
108,10,96,27.29043457774162,63.30192601347257,7.6753731714714455,278.1103531245463,Rice || Urea
59,72,218,20.218019779924866,92.58702718626289,7.145441574645223,61.50729375887743,Wheat || DAP
22,118,85,28.30117929774663,75.56944000720671,4.931168989462165,70.37491276162217,Maize || NPK 15-15-15
69,128,217,33.01826693990459,89.46504801447426,6.450326413586865,238.39403289123587,Sugarcane || Muriate of Potash
66,126,204,27.9028069041398,78.78623069442088,7.2905855311189,247.54141494492382,Sugarcane || Muriate of Potash
45,30,167,19.68943662747054,79.12781171586099,6.619581186215765,146.91008520902415,Wheat || DAP
29,39,66,18.64933624025581,39.801096185460764,6.066702386142196,211.3770822741604,Cotton || Ammonium Sulfate
74,22,136,20.512944927069647,56.567877311236614,6.987657685135513,248.21374898692923,Wheat || DAP
17,43,210,16.280133344149128,86.5021644031795,8.374554661201103,50.350669172518884,Wheat || DAP
124,13,38,16.710468122100522,48.95623172892536,4.879631639064312,177.74810151838207,Cotton || Ammonium Sulfate
101,37,174,32.557968649404366,41.93035196938797,6.060064242990243,244.8353599663575,Rice || Urea
107,111,96,22.00304698919357,54.56636339832761,6.126423412184383,135.557186700346,Maize || NPK 15-15-15
75,104,150,23.335874694835233,48.22627309355684,6.807869241873484,112.57206546698245,Cotton || Ammonium Sulfate
41,68,169,27.44528610473709,90.5172916875893,5.108698407527672,230.96960442276102,Sugarcane || Muriate of Potash
95,128,55,27.330990873940237,87.07799852012786,5.206572119481878,120.58878004068069,Maize || NPK 15-15-15
60,36,125,13.751798659570069,64.98099381697425,5.641445543991418,40.76183156428077,Sugarcane || Muriate of Potash
72,78,121,33.620060444779305,38.68063246903208,8.323480173074078,270.2974210309758,Cotton || Ammonium Sulfate
134,34,160,16.610490383822423,77.87374076558937,7.43643432492361,182.10957672424445,Rice || Urea
67,12,54,30.79986253729139,72.40470388017587,7.146773206766013,236.6843004904171,Cotton || Ammonium Sulfate
67,106,154,32.08944569133233,93.23328024370974,7.767830749577049,238.0723749622515,Sugarcane || Muriate of Potash
95,77,113,30.587387886374156,68.53719441622262,5.010305875666772,55.938500889455874,Cotton || Ammonium Sulfate
58,34,94,27.053418810407777,55.18362340417457,7.937331278895007,81.00644785275155,Cotton || Ammonium Sulfate
79,29,203,12.379833924830955,66.14130161471334,6.879330855550016,114.66896338231537,Wheat || DAP
24,43,143,21.369762801442437,93.75579748427097,5.841316029835742,116.96782840991747,Sugarcane || Muriate of Potash
63,35,117,27.72582516342711,76.78174595198183,7.763421022982762,198.1086682434191,Cotton || Ammonium Sulfate
110,14,27,22.073733693986007,75.31856827562306,7.710258137394496,189.55190098064435,Rice || Urea
17,108,103,34.45047726773314,49.440895383553126,7.8828343268669085,158.70154672235532,Cotton || Ammonium Sulfate
62,70,159,20.028859159089997,79.61615105363705,4.962071600427929,90.7032957541043,Sugarcane || Muriate of Potash
69,101,42,19.63190460392517,80.01630976830631,8.377444979983103,131.67603272567283,Maize || NPK 15-15-15
117,102,167,18.915940020409106,54.03733902655432,8.338504615158925,170.4625524316407,Wheat || DAP
14,18,218,20.652302592980682,64.02282994344279,5.929878582006966,152.31648786494605,Sugarcane || Muriate of Potash
112,125,135,26.492529072168868,52.67619997642736,4.763576072847679,70.55020794281882,Cotton || Ammonium Sulfate
15,111,169,30.38239765108736,50.5223042194572,5.168222677875143,195.88251844046172,Cotton || Ammonium Sulfate
118,59,179,29.226765861208413,36.55376421496911,8.471323301778789,57.53242643455853,Cotton || Ammonium Sulfate
125,15,215,33.000663319518466,52.11270467919992,6.752051772686652,130.76672393945927,Cotton || Ammonium Sulfate
103,92,131,35.033763882933044,68.23819699269649,5.926487195304208,210.40704344205497,Rice || Urea
56,69,147,33.21805510092713,35.09607125294173,5.652810775400155,44.805648284729564,Cotton || Ammonium Sulfate
108,53,124,12.49258048773322,51.993145028580045,5.52796694124379,176.79587657087586,Cotton || Ammonium Sulfate
64,20,173,31.133866792351707,87.88461993939501,7.156611060217928,120.28503379439135,Sugarcane || Muriate of Potash
61,75,171,17.418388914076623,70.61891510644165,6.177551326078744,42.11964242145627,Sugarcane || Muriate of Potash
22,56,210,15.456129110407549,71.47176944485884,8.361642797474445,85.69198505463325,Wheat || DAP
123,117,37,28.600708404777524,59.2018583015812,7.235372122581445,265.82708638495706,Rice || Urea
133,117,20,20.313323080600068,75.58832860954466,7.668178364195844,165.0757373212217,Maize || NPK 15-15-15
115,82,215,13.485046247631525,46.395965973821546,5.67096619433264,279.33452911099164,Rice || Urea
129,94,176,15.578373094357396,84.1248086230515,4.816745636434503,165.95602008753787,Sugarcane || Muriate of Potash
72,97,56,12.024164838618988,42.001347196153986,6.451291349527525,170.54473894966438,Maize || NPK 15-15-15
28,107,136,35.48381431096239,74.36008127918656,5.7583261861849095,134.04232310388457,Sugarcane || Muriate of Potash
101,95,156,12.640067579872204,55.46895954918098,5.308332660031695,114.40970049553943,Cotton || Ammonium Sulfate
67,12,127,17.445850007247287,79.8507782349486,8.310568523203445,100.37093275190675,Wheat || DAP
99,85,152,22.82283229788559,67.9858730759612,6.275952857368122,122.42094787136173,Sugarcane || Muriate of Potash
126,101,135,21.270854474721297,62.141182308722975,5.1988343681951426,150.36425941610372,Sugarcane || Muriate of Potash
71,39,165,35.70487279973217,45.16534412559482,5.2946026107245565,86.07806805538962,Cotton || Ammonium Sulfate
32,99,161,13.047512589098094,73.20928785706117,5.6228389698583765,93.970022033367,Sugarcane || Muriate of Potash
136,121,81,25.31758239960334,93.48619060522478,8.49726507275885,105.17074448042538,Maize || NPK 15-15-15
138,30,116,29.692466025633724,84.5362054944209,5.572046002078389,147.8223740634014,Cotton || Ammonium Sulfate
67,37,146,36.22414731571039,38.60049155534071,5.815207218313814,196.67520803541834,Cotton || Ammonium Sulfate
131,129,184,28.129652555216747,57.57376270167147,7.137312511936006,245.47507606870894,Rice || Urea
10,99,42,32.897636136305834,90.53498055141631,5.675845505641194,108.9116409249144,Maize || NPK 15-15-15
43,71,199,14.176848383979058,65.18262485342129,5.3632170042387735,84.09480168194497,Sugarcane || Muriate of Potash
105,42,28,22.034427284360113,74.72670954849076,5.134548746598394,130.9233915641332,Cotton || Ammonium Sulfate
135,94,204,21.722625496455755,89.75596073548343,5.750730660111168,254.65193832924538,Rice || Urea
127,44,83,35.04349362784866,87.42768142519284,4.9236627585150945,42.36657480091347,Cotton || Ammonium Sulfate
57,61,177,15.935650452845149,65.10922253243066,4.574586345659132,202.6884678538589,Sugarcane || Muriate of Potash
98,43,184,15.949040480752387,61.25877815945613,7.718566789338709,154.51841113877956,Wheat || DAP
126,50,202,20.54251189703076,55.381557108775226,5.051579769658306,78.65109159056321,Cotton || Ammonium Sulfate
138,60,166,13.416117231537777,78.14116658977346,7.603907399260969,117.045166305872,Wheat || DAP
25,56,187,16.74390905696474,52.219207968292594,7.690169915946639,93.98801053048814,Wheat || DAP
78,91,107,37.09545060218912,49.99325638585401,6.6516781053169725,250.67972029362934,Cotton || Ammonium Sulfate
31,67,150,23.132782436546492,56.37499367622681,5.738727833251806,155.64961214679766,Cotton || Ammonium Sulfate
102,84,138,28.432499418983348,45.63290341272752,5.080130934999554,175.14262668939827,Cotton || Ammonium Sulfate
85,66,171,30.87889274296056,76.70718895674604,7.447220426883996,182.48502864088496,Rice || Urea
95,32,102,21.540996582187212,71.97443895983673,6.905547943927144,193.50810990456546,Rice || Urea
38,57,185,15.82790393467344,63.97271204695062,7.1218138259742565,158.93336569022318,Wheat || DAP
78,31,214,17.3711064217663,58.419546755693275,4.534676359380525,44.28964740071579,Cotton || Ammonium Sulfate
56,26,57,20.144928391095867,89.54375257380389,8.210068062831297,120.33344485951646,Wheat || DAP
103,78,186,28.537778929157867,36.74742709934632,4.765160749786201,84.12957777303788,Cotton || Ammonium Sulfate
94,117,73,22.355294276315416,81.14646461043796,5.967223540560022,203.23428229880247,Rice || Urea
48,20,70,12.17718214540333,89.11457430493333,6.110846598606801,53.6091163288112,Cotton || Ammonium Sulfate
109,103,166,25.608586811754268,61.78127476579556,4.505422097991795,175.3128138667946,Sugarcane || Muriate of Potash
42,24,48,35.959348189592866,68.0414294882388,6.488357237403188,90.55161334583222,Cotton || Ammonium Sulfate
110,100,137,33.11401788622565,91.66782127292228,7.51123597804404,267.7230012320947,Rice || Urea
32,44,97,33.45549565275041,47.736650917130866,7.793074612459089,120.52982612476852,Cotton || Ammonium Sulfate
19,42,35,32.67150845775941,66.2080908670811,8.017587973223538,118.05308592991221,Cotton || Ammonium Sulfate
78,93,26,20.417001465871017,63.483267627692776,6.450875473261478,261.61232031777365,Maize || NPK 15-15-15
109,25,80,31.895039677614193,50.50355887222221,7.022544762118602,140.16350087299392,Cotton || Ammonium Sulfate
43,43,22,15.722195303091018,84.11559382238647,4.818078853185995,271.08696020457813,Cotton || Ammonium Sulfate
105,75,78,29.100619829174793,88.97603568579416,6.452152897127,45.80088451204084,Maize || NPK 15-15-15
10,108,35,28.680782733809856,81.91595478729253,5.119263019486941,113.52269804851511,Maize || NPK 15-15-15
78,49,58,12.6648147763331,46.7215376509165,5.978572470490086,199.8863104639435,Cotton || Ammonium Sulfate
13,129,204,32.487223473364224,40.204918130082895,5.817221251458397,253.80567148663323,Cotton || Ammonium Sulfate
25,37,16,35.48445073247339,71.32666911832054,6.194162308966033,101.53734232198815,Cotton || Ammonium Sulfate
33,56,67,18.952797240274798,38.42568563059304,6.78654647189653,263.3146220712804,Wheat || DAP
89,48,58,33.12215882883992,75.36955331348506,8.111506588251984,182.58915195980515,Rice || Urea
11,79,112,14.142555268410653,66.82545321963457,6.077938525390021,232.24197836749983,Cotton || Ammonium Sulfate
137,82,62,27.599164314787714,74.7671439646198,8.424524782846202,135.32975303365532,Maize || NPK 15-15-15
93,29,202,24.626818498691208,70.41024641898464,7.536112192204811,90.9232918160496,Sugarcane || Muriate of Potash
133,10,71,26.194011866034,60.362154171630365,6.545924187153533,258.6964997074464,Rice || Urea
42,81,26,36.08133524899297,47.052630808413696,7.076105748447777,263.95260841749246,Maize || NPK 15-15-15
110,128,180,34.65419642841819,53.342128148629314,4.908896684527778,159.41803459699253,Cotton || Ammonium Sulfate
21,96,34,32.41217508823368,66.4700344531386,7.878086125254619,41.558803839821564,Maize || NPK 15-15-15
76,72,140,19.116159899637644,74.11208561885636,6.829429820255863,66.34790888089708,Wheat || DAP
74,76,216,35.70728434583838,81.76898101307171,8.444269920838407,177.52671045561323,Sugarcane || Muriate of Potash
83,13,38,14.535200004060757,81.03024310694366,7.045714975011396,45.70640855245269,Wheat || DAP
52,67,126,34.18655963052848,93.36132459566512,7.8364463330653,135.25886175680688,Sugarcane || Muriate of Potash
53,34,169,20.5321618811938,52.150486919804564,7.699050971180959,112.80878693728302,Wheat || DAP
38,56,35,13.398080103211568,39.266642492806206,5.881844605873075,211.44358609652912,Cotton || Ammonium Sulfate
21,47,133,29.403281590259457,55.73941613251156,5.538442500932847,53.33888150750447,Cotton || Ammonium Sulfate
104,24,153,18.013278136214844,79.5976685134446,6.22197433372604,157.29550455454898,Sugarcane || Muriate of Potash
55,72,34,18.33284927248043,61.28669906199771,6.368965377635348,178.98742477014528,Maize || NPK 15-15-15
139,30,63,19.95722632194806,84.06730583536516,5.4603388077465755,188.14985825262823,Rice || Urea
44,108,165,13.655803955065435,67.9595819111609,8.078391493403888,137.2378412840658,Wheat || DAP
90,66,82,16.605305749154603,90.78750335783019,6.6701914492025836,113.04826802309223,Maize || NPK 15-15-15
99,126,129,12.133630317224569,91.87180651994413,8.413777568614279,203.7983280969157,Rice || Urea
17,62,65,23.580647548750456,39.15827036112492,7.740071112185053,243.4165715445988,Maize || NPK 15-15-15
102,55,74,14.190639812867254,62.38480638274546,6.722819441567784,206.4682330678909,Rice || Urea
99,125,102,29.748967731149175,71.58134367497408,8.288161112577438,263.70456770973317,Rice || Urea
124,23,95,18.12619413098286,50.352352448732766,6.519499260381228,212.14324608590252,Rice || Urea
114,109,89,36.5329277449146,59.42460676273882,8.048426050074681,223.5084961632684,Rice || Urea
67,85,178,34.65254231236497,75.6608924670619,5.9325791247832225,80.29676718450133,Sugarcane || Muriate of Potash
123,26,117,19.525463269173414,48.604053613901684,6.014569533616376,140.68951468641083,Cotton || Ammonium Sulfate
84,48,188,32.363601821073644,71.11888117846715,6.172522731883724,156.41327942943167,Sugarcane || Muriate of Potash
129,18,127,32.88436752128496,76.84686968985837,6.686502583772985,101.51035895070584,Sugarcane || Muriate of Potash
30,108,208,37.65064096697467,40.429778665752,6.713961080795296,166.8495664855091,Cotton || Ammonium Sulfate
110,86,215,27.54383965798781,64.85175896164716,6.485595686708336,109.7900666132434,Sugarcane || Muriate of Potash
108,88,166,14.131109100735216,50.78480179545144,5.72400389433267,205.00050227305985,Rice || Urea
45,91,92,28.817767952085905,78.46318135988267,8.208825859163325,152.86923440876222,Maize || NPK 15-15-15
105,124,156,28.249473457776915,46.37333051221643,6.854344389397017,150.11366902456854,Cotton || Ammonium Sulfate
46,106,203,28.597115012931226,88.53427493228638,6.13095686476638,276.0742074478748,Sugarcane || Muriate of Potash
21,15,178,19.9857868507095,60.856480191099614,7.104707842974473,134.1867636502169,Wheat || DAP
122,100,182,34.35166921208865,46.88018181845321,7.57186703123922,126.9509038214964,Cotton || Ammonium Sulfate
22,32,24,36.94627675684071,61.28130778101976,8.342912352912972,116.46504910783706,Cotton || Ammonium Sulfate
32,68,140,17.66052533743194,59.52462576851167,6.49819664907033,254.73981303419154,Cotton || Ammonium Sulfate
108,100,148,14.291956111552755,60.735137569622616,4.948394041403035,159.21371826356278,Sugarcane || Muriate of Potash
114,107,190,17.057910862380588,70.13367760984681,6.263063205746166,184.00347459535251,Rice || Urea
39,129,183,33.334355620648694,66.27042349481225,6.4158822458138856,83.3964349605748,Sugarcane || Muriate of Potash
26,55,39,29.592760505316036,43.98662790085416,8.087976312742695,169.82616640118246,Cotton || Ammonium Sulfate
122,47,66,28.537230900817292,38.93474435879818,6.079203073851812,105.91556628843719,Cotton || Ammonium Sulfate
71,23,155,22.446621512845034,78.76492692359244,8.313297059548553,215.3528611030906,Sugarcane || Muriate of Potash
93,109,188,27.023527259297328,68.58304615569881,6.440527630857339,239.80680371017172,Rice || Urea
121,126,137,20.004727257133553,56.54004608475582,8.395122003915716,211.55456611150663,Rice || Urea
95,81,57,24.407202064866993,83.50146934988443,4.532793284523849,215.25859990486177,Rice || Urea
28,71,203,32.619638737637054,58.28350845565742,8.095261499225387,162.99392898868408,Cotton || Ammonium Sulfate
109,44,145,37.512281533842014,82.75790537603646,8.224481807773403,210.90833352019246,Rice || Urea
85,28,31,36.24471201333485,53.34536765074248,8.344083743060853,141.44486452195846,Cotton || Ammonium Sulfate
18,39,15,36.28051451400247,39.370717852711984,4.552306136698459,196.3573968471071,Cotton || Ammonium Sulfate
37,87,213,22.457817106024923,90.95838162799575,5.186803346201236,102.16941042892353,Sugarcane || Muriate of Potash
137,93,194,24.188536893176565,58.67306775688239,7.115058012372945,56.741682954882435,Cotton || Ammonium Sulfate
61,122,113,30.34652030559352,82.56155437096268,4.6018907669404285,139.23358338927244,Cotton || Ammonium Sulfate
92,34,45,35.97699012933339,51.74864799333827,4.754435984706003,150.8267573873176,Cotton || Ammonium Sulfate
120,49,88,15.691850743154202,73.78190672741937,5.384315494773768,101.5377179652856,Cotton || Ammonium Sulfate
126,97,125,19.91028845950709,87.3986523954637,6.549759074975537,214.65028441773703,Rice || Urea
78,23,66,15.620417959446847,37.49864134039882,6.68361023706723,57.65211495430701,Wheat || DAP
108,35,58,27.91222177894584,84.83814588116536,4.637044491174017,93.45959785100526,Cotton || Ammonium Sulfate
34,111,182,19.963825919075976,69.27998029831572,5.181469003126125,219.65553242887043,Sugarcane || Muriate of Potash
132,96,91,20.47880416532691,71.44830523451415,6.498822693338621,144.90982569760297,Maize || NPK 15-15-15
62,31,75,13.843814946687461,66.38948004835896,6.875762483773621,209.268069769435,Wheat || DAP
66,57,86,21.09469760699739,87.46850619701854,5.0936067859448615,176.1966106680631,Cotton || Ammonium Sulfate
48,92,54,34.42490919244122,37.60600143413825,6.095365647787883,268.171059999367,Maize || NPK 15-15-15
118,119,88,18.05989310916171,50.661703492150885,8.11760574606781,183.47099985347992,Rice || Urea
51,60,29,30.074874121461708,87.54575233154932,8.495597148184688,43.56855384292473,Cotton || Ammonium Sulfate
131,12,201,28.370336968403407,80.14074215191735,8.448857819324566,124.69056412104015,Sugarcane || Muriate of Potash
84,51,132,34.450599817596995,36.05870961071635,8.02669804114749,74.33456372912985,Cotton || Ammonium Sulfate
85,28,76,15.439486638926994,66.02037699258253,6.078640351799783,261.9120826234488,Rice || Urea
18,82,92,37.41733896897112,66.77436084276049,7.246297168299137,64.96298902841929,Maize || NPK 15-15-15
83,37,12,27.148344797049504,59.052928107674624,6.166368911136795,133.049599151461,Cotton || Ammonium Sulfate
16,93,191,37.88232796101717,52.84359992371938,7.094108107296812,94.26380647040612,Cotton || Ammonium Sulfate
36,54,215,35.69938287251212,75.90349102474053,5.7377298838779325,243.213277695216,Sugarcane || Muriate of Potash
131,80,73,17.75944907494075,47.46742788228523,6.924809014441328,114.05595942134008,Maize || NPK 15-15-15
14,87,49,13.460212257486141,82.93691372430237,6.5950339862114,278.0544359542348,Maize || NPK 15-15-15
38,72,68,18.646616438679402,83.18222964604831,4.5979210632528,49.267985346940215,Maize || NPK 15-15-15
92,82,192,25.716654873984915,59.915686254369234,7.662811614984455,70.7864253910158,Cotton || Ammonium Sulfate
118,128,71,16.46150554369494,52.01288065457886,4.547591328980623,93.91330634298619,Maize || NPK 15-15-15
74,28,141,16.353953357467702,52.03269089544279,5.672623769013207,234.66544964803825,Cotton || Ammonium Sulfate
95,56,69,24.027432224733978,63.9374794397726,4.52369626181601,250.84413017536377,Rice || Urea
80,125,125,12.86496725040332,78.17475348496153,6.004805653180792,57.148331346261365,Sugarcane || Muriate of Potash
54,23,84,15.169090145839032,56.532121459631526,4.752642112656558,47.790434022946336,Cotton || Ammonium Sulfate
45,129,131,22.812394824606635,71.60260072746509,8.154043867324965,218.69364570509904,Sugarcane || Muriate of Potash
79,47,116,13.641377639407128,57.94906763495566,6.162717180651475,72.00448162086724,Cotton || Ammonium Sulfate
28,62,105,22.31563146784376,53.271391349083004,6.33798309945764,71.9196608979134,Cotton || Ammonium Sulfate
117,70,100,24.324162914659574,36.49157095494765,5.899400944363419,45.36796827866303,Cotton || Ammonium Sulfate
100,45,167,23.732931965900974,35.23484634412344,7.0100246168070655,51.95389062002125,Cotton || Ammonium Sulfate
99,49,139,34.59854629248027,48.63246066992026,7.637632466472815,103.28211006291738,Cotton || Ammonium Sulfate
28,90,71,25.781623831345044,59.384377208059725,7.092586972195912,55.60131745859351,Maize || NPK 15-15-15
48,39,58,24.16749202442913,86.07567004172361,7.49282847358051,128.53098199822614,Cotton || Ammonium Sulfate
135,18,146,22.67844038018332,82.90905457582552,8.123894654037041,239.86600749456377,Rice || Urea
135,73,101,33.258207835916636,51.02991575527939,7.954186126685714,118.31686175718224,Cotton || Ammonium Sulfate
67,42,168,35.27147170399566,49.67242657905796,7.196233811014784,214.68019901904918,Cotton || Ammonium Sulfate
70,129,133,34.18430419912505,48.63932426420165,5.358551851617714,62.53839155944722,Cotton || Ammonium Sulfate
136,61,70,29.51221103141616,55.35424043173202,7.050811404167716,198.2500449806783,Rice || Urea
114,98,216,15.57140539518553,64.89192317370112,6.524332382962044,116.0193239817844,Wheat || DAP
10,23,57,19.19861920679232,61.32006632189453,7.368876924041681,219.94069088728915,Wheat || DAP
101,84,162,13.197639655731413,48.09639192688962,7.831726593571659,72.70048337353165,Wheat || DAP
122,62,173,36.20142594974297,42.827084596617084,7.470885988745669,255.49201066347567,Rice || Urea
65,108,145,29.18076177196367,35.75466874917172,7.8862446798451415,98.21852869550479,Cotton || Ammonium Sulfate
126,114,210,31.40543499214428,44.23779431999023,4.755465493364095,124.75307038748235,Cotton || Ammonium Sulfate
67,68,67,20.100865229137952,77.32138221164709,4.626480152949856,268.04337059632996,Maize || NPK 15-15-15
53,87,110,33.9869915792109,49.618314160734975,5.534002270798376,178.83576633540613,Cotton || Ammonium Sulfate
70,103,121,18.74968537642044,63.116108607290585,8.102664336434513,127.78516455112526,Wheat || DAP
56,50,182,12.042737684923692,70.47806893539467,7.794637003935895,267.9045152880716,Wheat || DAP
89,77,71,21.78678902553804,88.21045416989642,7.230909191181246,118.97858005360769,Maize || NPK 15-15-15
127,77,48,26.839798504935906,88.33130590360517,7.303034669758864,62.76897104204315,Maize || NPK 15-15-15
29,101,67,24.446326307103586,79.74402402088154,7.406681877032851,279.24373308626076,Maize || NPK 15-15-15
56,17,218,34.413979706991526,37.10941952291009,8.270410801938988,104.28278093413932,Cotton || Ammonium Sulfate
58,11,108,14.74053743486034,69.50422514512489,7.82876460923023,244.3018836879058,Wheat || DAP
23,114,201,26.399409456476867,82.19500824989039,6.99356154810819,79.72979075754094,Sugarcane || Muriate of Potash
10,119,53,25.337463095343594,36.03728268580179,7.162861741028562,215.52495322657074,Maize || NPK 15-15-15
126,95,38,19.316217536476238,67.9810768193947,5.354961048244488,165.8678546733405,Maize || NPK 15-15-15
63,50,68,33.377930927002275,86.46584874716177,7.12927530062509,275.41757398963114,Cotton || Ammonium Sulfate
127,129,80,31.574065052937364,63.44612455053601,6.198716049673834,172.67928546217587,Maize || NPK 15-15-15
12,64,101,31.054338870627607,35.24637217384691,5.111847482422975,46.00363645380499,Cotton || Ammonium Sulfate
21,25,18,34.781004435008455,35.66080150013645,7.725611276986298,184.9307175097811,Cotton || Ammonium Sulfate
83,102,136,30.79239961615955,59.99816224482503,6.540988399212583,74.87594952079024,Cotton || Ammonium Sulfate
25,71,143,18.02787358458289,44.30052004500527,8.409700166757686,231.6498196677009,Wheat || DAP
111,122,166,30.344630502891967,74.86703942559558,5.626717417898099,245.57636715757576,Rice || Urea
126,57,195,20.00027314813594,77.52795589436923,6.422680449220307,155.70244451073142,Sugarcane || Muriate of Potash
17,39,154,18.296540909034235,45.67278772763771,6.291981818675472,227.97314969255166,Cotton || Ammonium Sulfate
131,21,153,13.89809341539031,88.3119973114691,4.983118089730315,74.82657651558523,Sugarcane || Muriate of Potash
101,44,140,31.344743089039596,61.51447069873555,6.204461115323118,158.09876476855504,Sugarcane || Muriate of Potash
99,20,30,30.48602501069509,43.57075445551543,5.6502138256837,134.5466235257403,Cotton || Ammonium Sulfate
69,73,73,18.096986419526438,80.85509588416373,5.141281885467738,186.71617289273954,Maize || NPK 15-15-15
37,119,99,31.483854434828054,82.39847000100637,5.6286223361445575,50.6745253127584,Maize || NPK 15-15-15
110,59,45,35.86386296043238,73.35772835992745,5.433006765065568,220.50948117967056,Rice || Urea
50,94,71,14.808752894781062,86.20793319215318,7.436294124023512,58.99102947392408,Maize || NPK 15-15-15
55,30,179,18.048552598056148,79.24237832184028,4.62310071303664,197.55316420723958,Sugarcane || Muriate of Potash
44,78,85,31.506780646270204,87.93234423361943,6.969850991652885,44.42973412958661,Maize || NPK 15-15-15
91,57,179,19.137173511184034,61.03328290912877,7.542645368094426,239.6531353016151,Rice || Urea
124,29,198,28.241263331376636,79.85582768596655,6.422893825875892,81.92791125370752,Sugarcane || Muriate of Potash
56,110,22,14.110269836056577,94.98509380574266,8.226259920031673,163.7193942344777,Maize || NPK 15-15-15
19,76,20,23.757264456692006,78.49587185117716,7.331522780946141,102.75829689462864,Maize || NPK 15-15-15
65,53,63,31.21637697181678,41.85102681422793,7.491694605245669,213.43532849465643,Cotton || Ammonium Sulfate
39,42,25,29.849362519124565,66.09912334575098,5.287733949763481,117.1242640455331,Cotton || Ammonium Sulfate
118,126,17,33.191874617570974,70.24086747458168,7.6091823033562935,213.90620646119612,Rice || Urea
14,82,113,34.81375529168239,45.45264050428346,7.82837894433246,108.36908964051436,Cotton || Ammonium Sulfate
128,70,68,32.102771032727716,92.77349805068226,5.945065553623959,220.5935418245824,Rice || Urea
42,18,66,29.461281316412077,45.53478665807698,5.353452272131885,47.34531912085701,Cotton || Ammonium Sulfate
127,77,49,12.82478478721681,45.653475182793365,6.040202716814466,107.99472048972363,Maize || NPK 15-15-15
74,44,196,25.909133508645546,89.9100282784733,7.458431876000549,159.67204154566696,Sugarcane || Muriate of Potash
20,90,139,12.980140847786172,62.912325987300264,6.170556023474811,50.814299660734115,Sugarcane || Muriate of Potash
94,107,103,33.009763245016586,38.79129675647097,7.446607500899152,84.64817472910687,Cotton || Ammonium Sulfate
35,97,213,20.338837635958896,70.89124999631171,4.954258163910151,264.28887559388875,Sugarcane || Muriate of Potash
72,105,147,26.623163727065943,71.10958091798287,7.724046841953937,274.4402236432454,Sugarcane || Muriate of Potash
95,74,53,19.26557799029147,38.87004552119371,5.512829926569429,217.53998737371654,Rice || Urea
68,17,148,32.34500375388763,93.35134973801972,5.495715950858375,100.52801214805909,Sugarcane || Muriate of Potash
36,54,216,35.04906569268947,67.64179791767454,6.861523860815443,102.52418690463256,Sugarcane || Muriate of Potash
107,96,89,22.364704849539663,68.58774333078586,4.780472182987959,194.98968587081748,Rice || Urea
114,56,90,34.43598223128571,66.20692487014367,4.605190906738674,68.22390798368843,Cotton || Ammonium Sulfate
108,49,11,18.943950193864644,71.6439067786772,5.544114661173797,267.594251303288,Rice || Urea
138,85,187,25.90118399996362,50.857985166425294,6.652270202939291,93.9550958824443,Cotton || Ammonium Sulfate
64,63,149,34.3277971758063,52.234480878490444,8.13046554490091,279.9125501021065,Cotton || Ammonium Sulfate
15,85,124,20.47291490801055,65.68034538776797,7.885740705229228,158.97611087259048,Wheat || DAP
104,55,99,36.80509889203023,83.40115128581478,6.461785839683902,225.14319735830472,Rice || Urea
111,56,32,15.168867046315974,37.991874589650735,4.648207974773971,40.524182681333734,Cotton || Ammonium Sulfate
12,24,155,12.475151812811163,71.20425273321476,6.641010938517237,253.29913714039407,Wheat || DAP
32,114,71,35.50751916703295,83.40668855037885,7.319182399701182,104.8004907473393,Maize || NPK 15-15-15
62,28,122,13.784865319844679,44.41503632223363,5.856658130100135,200.30481869153567,Cotton || Ammonium Sulfate
92,35,137,37.789119094634785,35.901352518833974,4.944253213126618,233.52526739046152,Rice || Urea
94,61,71,36.73631841145676,53.76279770848748,5.614271812822638,79.39545773416049,Maize || NPK 15-15-15
87,102,47,15.562543660944337,70.28862240377589,7.586355457871256,146.20227551901496,Maize || NPK 15-15-15
119,31,204,25.977200268006712,43.29699040428486,5.904975329133313,158.5206257564616,Cotton || Ammonium Sulfate
10,113,175,16.807927734145753,60.56734225834913,7.7479259627428405,114.90867168140909,Wheat || DAP
60,30,204,23.132034498783117,68.13928984245668,5.778085807229903,155.62139913495554,Sugarcane || Muriate of Potash
13,60,70,13.59705336075565,70.93298568543904,5.154220153655272,116.21095783728113,Cotton || Ammonium Sulfate
122,47,138,17.822039282711327,51.46470326002251,6.243393438054433,126.57945881325021,Cotton || Ammonium Sulfate
41,29,182,21.445092706371387,59.00177815917748,6.309098049156556,200.63948288865734,Cotton || Ammonium Sulfate
43,38,165,23.404835006397427,81.70035374405353,4.5644328741973474,191.8223843931993,Sugarcane || Muriate of Potash
101,60,158,37.41490271343122,91.47288164724114,4.9681802908253045,95.74377419140606,Sugarcane || Muriate of Potash
104,13,131,33.00450678778351,86.71281986709543,5.23970407509127,255.3958923509019,Rice || Urea
81,64,119,31.1726585521106,68.85701010400592,4.954349269514699,247.06925096113375,Rice || Urea
48,80,22,25.963074183291333,59.617568176636794,5.866104301685455,162.17999360558838,Maize || NPK 15-15-15
127,101,164,33.83994177571293,54.97739686228509,8.358491422468072,143.98017824698007,Cotton || Ammonium Sulfate
12,37,109,20.82239372704849,42.497393965041084,6.5368901533083115,130.4454359161861,Wheat || DAP
132,13,144,30.431376932106218,41.393074832966775,7.010224095482586,209.7443004799454,Rice || Urea
59,31,31,37.83838335983248,76.30145749481946,5.925545914092113,201.1998537302729,Cotton || Ammonium Sulfate
21,85,83,20.18035163231517,50.58766497026962,5.793951046572584,87.08334566511488,Maize || NPK 15-15-15
63,54,190,29.52445590698315,50.279701185946806,4.592587087660034,201.14992751208672,Cotton || Ammonium Sulfate
66,76,216,33.952186467961944,94.89170326866714,6.501334622704089,100.58348658448959,Sugarcane || Muriate of Potash
121,95,216,35.81099716711748,46.27555747242772,6.434436027006665,44.454000765646136,Cotton || Ammonium Sulfate
56,117,141,30.66624996444265,43.88358556932978,5.131322904724492,207.81008260897048,Cotton || Ammonium Sulfate
94,75,32,19.37380600884554,40.921113665595236,7.557296000826815,194.7504645905799,Rice || Urea
75,97,128,20.483335940792607,69.78832071000777,6.470697321244012,138.59422296984195,Sugarcane || Muriate of Potash
84,43,79,12.53970883522307,72.67182956012608,5.855975880646293,166.16465342068147,Cotton || Ammonium Sulfate
112,100,93,31.783035419459253,56.91367557541292,5.087635636091708,267.32060600938235,Rice || Urea
47,64,110,13.111229757610737,67.12480013068807,6.708643307884049,182.84804341730504,Wheat || DAP
59,114,93,34.480961219671386,82.30397185669474,7.5112681043552385,197.89214448076754,Maize || NPK 15-15-15
107,10,213,15.085175976338009,84.0862500993049,5.627997410739887,55.33871702779386,Sugarcane || Muriate of Potash
91,81,170,16.468789315534032,92.4747245429389,5.37517740630689,79.83867056203006,Sugarcane || Muriate of Potash
39,96,37,24.38968824163817,84.45607915537246,6.587739856258308,112.22854633878116,Maize || NPK 15-15-15
88,47,145,31.1848907943873,68.8904862030456,5.121373210040067,169.45103632675435,Sugarcane || Muriate of Potash
100,15,10,15.614057335176021,45.77941795021076,7.16645354637714,226.38181503599708,Rice || Urea
61,95,174,23.44184795172896,40.98581346217054,6.921374511776921,117.09781066926088,Cotton || Ammonium Sulfate
88,34,72,24.554133134662724,38.27071339465155,4.8483281983657145,125.53178331490574,Cotton || Ammonium Sulfate
39,91,31,17.519426683383372,74.99154990712302,4.646081517525495,101.47621244169972,Maize || NPK 15-15-15
115,26,79,15.004517793696426,83.45217532387959,6.98115461035434,101.10623903087341,Wheat || DAP
60,70,134,33.74694399762663,65.52103704104474,5.677175095954963,267.72732301475116,Sugarcane || Muriate of Potash
90,21,158,25.064106893831905,38.2828504900184,4.845783012693595,192.50972310853362,Rice || Urea
38,15,105,12.373912135587977,67.1282344754803,7.537714819825946,77.41629844958723,Wheat || DAP
83,99,172,32.8775138340367,91.14495569147303,5.7561760120705765,213.33965874022238,Rice || Urea
26,36,88,37.500638940779204,70.85679145594763,6.338398198552895,213.28507440640695,Cotton || Ammonium Sulfate
93,17,14,27.75408108077043,83.5656493077689,5.4472517098150774,199.9528470528892,Rice || Urea
78,92,69,25.09641806418584,83.00915890350504,7.009268313431859,72.33290682175927,Maize || NPK 15-15-15
43,115,129,34.838812439169004,90.92774598683917,5.705953661417437,137.91795603270086,Sugarcane || Muriate of Potash
15,74,55,36.765436531799566,81.2137259389924,8.372083844910513,65.62151931865915,Maize || NPK 15-15-15
62,66,187,31.617959813463973,79.86203084078537,7.311790194467626,235.98892098211275,Sugarcane || Muriate of Potash
135,102,185,23.581776173091484,49.046159898238436,5.046889105493863,197.24131436270062,Rice || Urea
52,118,143,27.39775638261745,38.595509319264885,6.1667793586938675,161.72894482427643,Cotton || Ammonium Sulfate
124,122,65,30.22431949046798,66.05596790322846,6.041684398919514,122.32371436014319,Maize || NPK 15-15-15
120,108,119,17.051112846046838,42.46605247680531,6.636988442881533,84.21987387866402,Wheat || DAP
89,49,196,23.62722683762739,92.73175257667947,7.867722697917014,65.5474213199459,Sugarcane || Muriate of Potash
104,23,166,33.57535288264941,52.39548575798172,6.8336880607320065,272.6177458088559,Rice || Urea
127,44,208,29.02285906095952,86.17665220305759,4.746226710399997,87.91567406944553,Sugarcane || Muriate of Potash
17,57,113,22.691305747508206,58.25747751214756,7.12166278721142,54.36991041313256,Cotton || Ammonium Sulfate
113,118,86,29.247425884381716,54.39165499144265,4.533061191783434,270.8000253237991,Rice || Urea
34,93,155,15.073782713883958,91.10951434259727,7.619841842161572,171.7484179258785,Wheat || DAP
105,65,11,22.438937874686786,56.79935432517344,7.166544289644968,231.1976163978743,Rice || Urea
102,58,17,32.621341987039465,58.41727451978819,5.735142633410344,50.50380332759645,Cotton || Ammonium Sulfate
70,22,84,17.73322846555285,41.36550677677455,5.6697672183580625,176.06700579511713,Cotton || Ammonium Sulfate
131,70,191,16.83499919649286,75.22679991695055,7.693091986185222,135.57039138831885,Wheat || DAP
60,111,134,36.72128515782722,52.33036486865081,7.633346767698482,225.27146424397205,Cotton || Ammonium Sulfate
30,58,47,17.457338369242,70.13625007037044,5.909209417507039,49.22215495337406,Cotton || Ammonium Sulfate
14,55,185,18.78388307090437,70.48110224319257,5.695790912319121,136.40573645478744,Sugarcane || Muriate of Potash
101,122,36,37.21001441151279,78.15198173574602,6.73929915553116,231.77762067668704,Rice || Urea
70,71,29,31.102422826890667,79.71448917034647,4.533462639936577,165.4473435132088,Maize || NPK 15-15-15
31,17,149,30.189509858611732,65.86714606409237,4.830668151946169,172.00929783966495,Sugarcane || Muriate of Potash
79,52,52,34.17608598021911,54.85951685620418,5.004678360594947,63.31952367183172,Cotton || Ammonium Sulfate
10,29,198,15.01140013815665,85.24705369008403,5.241647271308697,71.75933346882192,Sugarcane || Muriate of Potash
21,106,40,30.354862151080187,53.59193896450908,6.548072506701876,202.4799052877886,Maize || NPK 15-15-15
99,99,100,25.095903842534213,65.45054566815989,8.468967659444488,202.01118934958077,Rice || Urea
55,48,70,33.557916647387636,59.07515499222368,7.110453606989414,274.9848146205456,Cotton || Ammonium Sulfate
43,94,211,25.211684685295054,86.30470315818128,4.745195177796894,210.86871713573208,Sugarcane || Muriate of Potash
87,126,204,28.126275210991714,60.915111868749726,6.602317496248967,158.37843902402736,Sugarcane || Muriate of Potash
54,58,118,24.421295286387934,58.16595133024906,6.486580849558018,245.7586776480527,Cotton || Ammonium Sulfate
82,73,100,24.432132012451945,76.38942157385824,5.076671263272198,65.07351659582469,Cotton || Ammonium Sulfate
35,71,172,31.96721942960762,71.14646659168656,8.181089475209632,147.8309970151011,Sugarcane || Muriate of Potash
56,115,104,28.342726416829365,41.43481000975076,6.263060990701476,108.90618662261674,Cotton || Ammonium Sulfate
130,116,152,28.46484324184467,65.4901283806378,8.478236562438958,65.11307366263014,Sugarcane || Muriate of Potash
65,63,153,23.707344579619672,79.12870329999487,6.180289181008657,223.2405003328879,Sugarcane || Muriate of Potash
103,114,22,25.808846904775717,94.52448587548137,6.9318308107344375,162.59008731973213,Maize || NPK 15-15-15
116,18,122,31.388659321324468,72.74881003821915,4.919050145805761,173.62449277539775,Sugarcane || Muriate of Potash
72,97,44,33.474463896909874,57.21758398647907,6.316911295227477,138.70124509847898,Maize || NPK 15-15-15
57,46,212,30.1105964557452,48.5690959881271,5.455063576015894,150.48093558465644,Cotton || Ammonium Sulfate
70,58,196,36.02589770998776,87.36981404919922,7.8422591942849404,67.84417290952075,Sugarcane || Muriate of Potash
90,50,158,33.32842629182723,83.87391272681016,7.635678339470159,201.50027782887435,Rice || Urea
35,26,191,26.60845853504748,49.035369246763096,7.796719998501434,143.78736630525128,Cotton || Ammonium Sulfate
45,97,212,29.45655788873716,47.03792540879441,7.394437751031806,236.02421755109998,Cotton || Ammonium Sulfate
10,30,167,36.0840151999511,77.90820660867054,7.830732894480205,87.10892803433826,Sugarcane || Muriate of Potash
17,60,57,28.098369150319517,53.897123715125566,5.303315000699683,89.21322242052058,Cotton || Ammonium Sulfate
122,68,44,33.444980647475596,53.38392790171747,6.308175106319206,194.98229716736506,Rice || Urea
108,48,95,29.909073093339664,44.13741482405932,7.267387519783872,243.04082161537525,Rice || Urea
56,64,175,26.35034538757213,50.83853118258979,7.049569991740539,153.32748126836208,Cotton || Ammonium Sulfate
136,50,168,18.287793080799183,60.650453455558974,7.3654179314963475,214.468928495944,Rice || Urea
65,48,215,23.075935506179132,78.97030023634494,5.397033532604927,279.8391811583406,Sugarcane || Muriate of Potash
23,22,161,37.16131344567661,55.17848566482499,4.893738836179959,277.66375353494277,Cotton || Ammonium Sulfate
37,73,123,29.1018999650876,54.71626036879056,8.167226312299105,218.64084227720804,Cotton || Ammonium Sulfate
87,20,186,26.67427988881373,52.09479515314615,6.740687582269434,217.5007575227797,Rice || Urea
139,119,109,36.25687226373391,63.69702005066258,5.115303698029644,99.42853292773736,Cotton || Ammonium Sulfate
118,28,169,27.249306306973665,45.83820187647892,7.673746327549447,240.0495115705057,Rice || Urea
23,20,192,25.67814547885248,64.13784404192754,8.15971974651713,137.22451049130893,Sugarcane || Muriate of Potash
65,86,216,31.742082233905336,77.2505333716814,5.178254074284436,270.8785383680374,Sugarcane || Muriate of Potash
124,55,195,30.529306093650156,36.78743024195733,7.769649821076442,59.54264528966452,Cotton || Ammonium Sulfate
16,54,108,17.022160218619252,35.58676281834571,8.232900245276513,144.60168852945424,Wheat || DAP
12,10,12,24.25401513892715,39.507374609270556,8.25344640118407,173.40171704403966,Cotton || Ammonium Sulfate
120,49,217,24.285401513309218,67.13960370368673,8.156625846614006,137.23748970067956,Sugarcane || Muriate of Potash
116,117,206,21.833837396326963,86.2673049911242,6.685684049440411,90.5390057211864,Wheat || DAP
27,28,94,25.449630535958583,35.293067961215115,5.924845269015477,182.31723730780237,Cotton || Ammonium Sulfate
47,85,134,22.74079234090575,91.19967827508086,4.529091230776038,221.42029951003303,Sugarcane || Muriate of Potash
124,81,147,17.182982726250764,41.376710694232145,4.743648907486108,194.76126304484714,Rice || Urea
24,81,92,22.72152866914171,85.51901168349357,6.215356061189563,96.26772371392948,Maize || NPK 15-15-15
128,70,34,13.879200636902592,63.9712858989768,6.097304585566041,215.58590664844576,Rice || Urea
37,126,77,26.9704324321347,74.56144323673064,5.238855638279533,101.65547345069518,Maize || NPK 15-15-15
48,118,70,34.195018272468914,65.64097906683094,6.081920112126627,82.0485671017696,Maize || NPK 15-15-15
26,21,38,30.857464193218437,63.62289351076128,5.198600261821472,205.7603237052933,Cotton || Ammonium Sulfate
95,70,136,21.370245041406893,85.09396570186348,7.895165011103362,242.26893906734298,Rice || Urea
135,121,28,14.263851345010012,80.35318277406898,5.692779511502396,155.56946744717786,Maize || NPK 15-15-15
53,42,180,17.25588437985704,64.00413419138025,6.89425740063324,167.53403035322506,Wheat || DAP
34,54,203,26.18274885286573,41.698155763763694,6.511372247996347,112.6594169130958,Cotton || Ammonium Sulfate
22,99,83,17.383484167958855,41.924177558864486,4.707528310375968,158.70832362640772,Maize || NPK 15-15-15
34,112,70,26.143300893409155,83.09236764314453,8.268934877964664,71.67591952297772,Maize || NPK 15-15-15
77,101,180,18.02157464386137,66.763437280852,6.608903913001933,269.39939912391765,Wheat || DAP
76,78,162,34.07202060637789,63.895348413161756,5.800230573567261,232.0865568775831,Sugarcane || Muriate of Potash
118,17,29,22.32905829385195,75.8340104816429,5.132506278532273,200.31353459732435,Rice || Urea
120,34,57,18.384316274556767,86.53049500485562,5.8541065389073434,169.16664920425671,Cotton || Ammonium Sulfate
120,100,96,33.120480686423605,72.73238866479832,4.582046412093558,230.12059269471146,Rice || Urea
43,55,161,20.91381308494172,80.77087414078875,5.95423262139319,158.74173750059305,Sugarcane || Muriate of Potash
120,96,148,14.898679883808331,80.91623144701742,6.625943709218019,111.9937379570878,Wheat || DAP
17,39,119,26.83064677649468,56.37568692757755,7.987464983403779,78.48981644000129,Cotton || Ammonium Sulfate
122,118,192,27.12066931538771,51.44499173845974,7.2494976707911905,195.42054131243376,Rice || Urea
92,56,37,30.58208755612909,83.06984403050953,4.946329252532966,263.06217880636336,Rice || Urea
51,96,206,18.245705263418024,57.630727507054615,5.090985297751844,76.86845284104427,Cotton || Ammonium Sulfate
110,58,200,23.538054816398372,89.20016039136232,6.212493471273499,83.20433081219363,Sugarcane || Muriate of Potash
15,56,68,19.341565895109063,39.181441803807175,5.282831006555151,144.0654480182884,Cotton || Ammonium Sulfate
35,93,142,14.104797139007891,38.49305072452038,4.611399110331023,233.65584350072535,Cotton || Ammonium Sulfate
73,91,60,34.79195950241318,90.6202496060845,7.720059520472281,110.54145495316111,Maize || NPK 15-15-15
68,27,158,30.95061491669687,73.90729485088609,4.578090282791976,100.93910192080675,Sugarcane || Muriate of Potash
118,75,21,19.83803954592882,57.77596138689994,7.822758420792056,188.79190995108013,Rice || Urea
130,77,59,27.583697814671645,80.30362488897097,5.0764158521318645,168.54754764983966,Maize || NPK 15-15-15
42,103,141,17.232858491496284,75.33960859961847,8.398713643228465,54.4528874668567,Wheat || DAP
30,42,122,35.146152166690044,66.87206280917577,6.915495647304761,59.55759455422637,Sugarcane || Muriate of Potash
79,45,179,14.987564927409668,40.93240055975908,7.439931886519582,194.32311524434388,Wheat || DAP
121,91,175,12.099765783202823,83.7307752375651,4.94193451187226,151.62966379546708,Sugarcane || Muriate of Potash
13,110,162,25.052213141218736,86.96139144083747,7.94841629380592,273.0345259813953,Sugarcane || Muriate of Potash
103,28,23,27.161323409774603,45.33012131315895,7.856769371486154,202.84753857521554,Rice || Urea
84,120,212,27.053098327690915,86.030699118624,7.111970926166871,42.41767887837555,Sugarcane || Muriate of Potash
71,37,41,13.417310113383483,87.67083866099385,6.50909945838155,155.44450715211082,Wheat || DAP
103,49,148,20.165138979879245,67.96571673731097,7.38595669252669,139.46750440851508,Wheat || DAP
104,93,198,24.979172617874628,74.37074217336122,4.523712861347512,65.61132639850449,Sugarcane || Muriate of Potash
64,122,155,17.631058826308262,57.934239200869484,6.869763021593838,261.5701206093256,Wheat || DAP
40,106,164,34.688273022633304,51.90749885055596,7.889624539716946,233.20271177961368,Cotton || Ammonium Sulfate
49,85,64,14.264841525997285,78.31898881709868,5.927599548699019,95.22061802080046,Maize || NPK 15-15-15
45,124,191,24.671995483473115,86.71250894094848,4.933157425931667,101.43538212231933,Sugarcane || Muriate of Potash
15,24,219,29.976817495341955,74.24465317734484,6.183508998972824,47.68433279666823,Sugarcane || Muriate of Potash
75,50,129,18.805528603496544,65.69543663879296,7.408417796234028,111.21218837896983,Wheat || DAP
84,48,84,28.23025916193547,44.535486010650295,4.92920484148269,180.30928213920487,Rice || Urea
13,11,30,33.564013903701735,38.20752275628909,5.3241942408515595,141.00241321280038,Cotton || Ammonium Sulfate
88,72,181,16.948761352471237,61.741507414804786,5.0902073873148,272.6213112927234,Rice || Urea
127,38,142,35.847735387446434,37.96097382184528,7.6877910223009,53.45924062328101,Cotton || Ammonium Sulfate
122,114,96,26.392521849221307,69.16007791443351,4.751570489809947,181.94323813576256,Rice || Urea
103,83,178,19.780032111827573,57.963751479066275,7.246346008457731,245.99426572169153,Rice || Urea
71,75,68,23.20231515993904,80.43134718091817,5.9658276830127654,155.37781897833344,Maize || NPK 15-15-15
88,60,98,20.116988978446088,53.338909810171,7.52316497154121,40.711052934495235,Wheat || DAP
35,84,191,30.85289015826622,70.57896205804593,8.35753367513615,98.27235995830605,Sugarcane || Muriate of Potash
53,86,211,32.703817248793435,67.26101130530603,4.95818119834593,117.70455416031187,Sugarcane || Muriate of Potash
79,19,159,33.65637220028519,35.28274553133447,5.757540164269834,271.838678693791,Cotton || Ammonium Sulfate
127,23,92,37.62997448922927,39.34336389585862,7.740501710875428,258.8255876412878,Rice || Urea
77,91,74,32.57339160491377,52.42209274916123,5.564633544204706,267.8009212258313,Maize || NPK 15-15-15
28,60,73,27.63598583790265,87.93410486124591,5.360482388184163,238.1820298280724,Cotton || Ammonium Sulfate
29,127,80,20.819727758186378,43.82089729398672,7.801511911475886,124.39545618733705,Maize || NPK 15-15-15
122,82,13,26.159481666479486,77.6536598276325,8.448329456023881,257.4103413030881,Rice || Urea
56,48,202,13.06777249255054,93.40199396913724,6.727522360591863,275.6042814248917,Wheat || DAP
10,37,152,31.36545196377774,82.43405316146931,5.6121949933333575,124.0171149459887,Sugarcane || Muriate of Potash
99,12,113,23.594844172394644,49.57672170122264,6.0942638464002155,102.53343183674774,Cotton || Ammonium Sulfate
73,93,213,12.520603973036877,89.5019156247849,5.180521309534436,171.25991026773312,Sugarcane || Muriate of Potash
47,79,159,13.62518047927068,40.586429390503405,7.54754911556301,84.9165262237432,Wheat || DAP
46,36,184,22.074128059365673,63.08851651224415,7.593896071291072,47.829813137531254,Sugarcane || Muriate of Potash
135,126,218,27.16895949447931,88.25251446358482,8.000483969529977,266.9994810678087,Rice || Urea
109,11,102,24.069302672755292,73.47594255541219,4.6064102543862555,262.1777517859406,Rice || Urea
86,102,183,28.099312249596025,59.81867388366193,6.747925366505517,79.03692490290905,Cotton || Ammonium Sulfate
12,47,151,24.48765072857525,52.56877200423013,5.357021737372738,137.85765926313266,Cotton || Ammonium Sulfate
19,12,187,29.204299982515014,57.505964319101,5.863532061969428,239.44871518544454,Cotton || Ammonium Sulfate
14,25,157,17.697277681440823,65.53650686055718,7.63982246114603,198.64007171700473,Wheat || DAP
139,103,187,14.933922866774157,54.142635792368445,5.268134609445985,134.74900220097135,Cotton || Ammonium Sulfate
22,49,121,27.507282820267157,93.13807172493799,7.053367002324359,218.60103932387656,Sugarcane || Muriate of Potash
139,11,170,24.601927440343992,90.9846591839687,7.118264764894393,255.2913731704458,Rice || Urea
93,90,128,12.698559005168317,87.24028809285925,8.316375659609204,262.2779993262083,Rice || Urea
74,50,68,21.892529022818934,60.30979013135921,7.600643714115748,130.92390686132535,Wheat || DAP
72,21,52,14.759265222765883,76.47810616011373,7.714540588614774,81.65456321747654,Wheat || DAP
110,44,216,25.815277625570076,89.16975842215788,6.626402996071574,259.081325966554,Rice || Urea
82,116,21,22.2902196711712,86.02576926073567,5.247123228649483,62.21330700664679,Maize || NPK 15-15-15
26,74,49,27.941949688678466,59.85962084121246,6.202253462873406,213.20521389475928,Maize || NPK 15-15-15
18,64,127,32.945657688026195,41.74316295933564,6.6979582940472815,73.71935556659238,Cotton || Ammonium Sulfate
47,54,29,19.79138577987876,39.53782183007297,7.21367700685485,133.45284512024614,Wheat || DAP
103,88,175,37.01465470829071,69.62384271354216,6.930836447327708,138.77337917080655,Sugarcane || Muriate of Potash
104,99,140,25.926497015276937,73.5576761126559,6.075911315668974,78.1018996269,Sugarcane || Muriate of Potash
58,110,165,28.075560767624488,85.99055627582145,5.561252427983366,261.44354416158683,Sugarcane || Muriate of Potash
78,94,193,29.697481703869162,52.55090122046187,5.172923372814733,40.6403603222287,Cotton || Ammonium Sulfate
71,71,99,29.335019776297333,45.04822943300255,7.275381545089065,254.51405037199135,Maize || NPK 15-15-15
87,58,103,25.285239319171616,57.74034999069197,7.08159469724994,252.11903763411652,Rice || Urea
126,104,22,23.14787156898177,56.2145074179365,7.2494898630312266,116.07127688752038,Maize || NPK 15-15-15
129,34,214,13.398331068611826,42.94813724107129,5.9901098112111795,209.02822477102612,Rice || Urea
85,32,75,12.574231977830673,75.33695915078913,5.54963129028298,100.67413871159573,Cotton || Ammonium Sulfate
44,33,46,21.30699105785188,65.52151644376255,7.538885314723702,222.10565494094521,Wheat || DAP
10,47,186,20.67518315647601,78.26736536688597,7.594589580221337,174.6687380290584,Wheat || DAP
49,37,75,22.080074025814177,56.161467210184085,6.3224654958673625,112.054109019438,Cotton || Ammonium Sulfate
73,30,45,15.59757322309294,54.542132694662136,6.947616339069297,136.0563408730371,Wheat || DAP
69,63,191,31.192375033957934,63.35455118263134,5.994078656926964,205.57329573721685,Sugarcane || Muriate of Potash
73,116,35,34.28107478418221,87.64444072370881,7.307788800479226,257.46338791450796,Maize || NPK 15-15-15
102,27,84,36.40658051972491,37.41687840403882,7.842886386591485,71.37436397614591,Cotton || Ammonium Sulfate
81,45,209,24.80141989151027,83.28996903778832,7.252933109342598,177.1273527205977,Sugarcane || Muriate of Potash
20,108,117,30.222508177261144,57.13925675946539,6.550330507388546,100.8950078697082,Cotton || Ammonium Sulfate
114,54,177,34.24432920933268,86.27714154730866,6.334631837969481,232.3293399701102,Rice || Urea
23,128,52,22.875568888430635,83.13218053015139,7.069278603902977,56.85695340867546,Maize || NPK 15-15-15
69,82,159,20.044732666631553,55.92567484376531,7.219243566405321,205.34938964108076,Wheat || DAP
39,62,157,36.35483845219075,76.63259211929696,6.734917774098156,81.98704328584715,Sugarcane || Muriate of Potash
44,111,17,25.4075903280039,44.577965406406406,6.99976910042958,183.132500416775,Maize || NPK 15-15-15
14,39,38,24.928601051362826,88.77689312982727,4.8863547299781285,240.56622092624607,Cotton || Ammonium Sulfate
92,69,49,16.63881851065089,59.26946386711457,8.307062064569307,221.2193589092031,Rice || Urea
132,117,167,14.812030378907275,62.33753692131201,7.663092254928136,220.70629304407294,Rice || Urea
87,107,218,33.8947784245713,77.3455430622191,5.995711478827135,164.28287492485725,Sugarcane || Muriate of Potash
71,41,137,27.96746258087547,84.25041420229105,6.75125044381452,253.7789420439331,Sugarcane || Muriate of Potash
98,76,93,20.471439184505666,49.18056459969257,4.689298120545685,181.1452475780795,Rice || Urea
51,76,125,16.98514165214693,74.68100839261973,4.664911255996241,260.20431245189695,Sugarcane || Muriate of Potash
98,37,192,26.44292928441042,58.519882633348914,5.503193340447851,171.16538987978024,Cotton || Ammonium Sulfate
49,53,153,27.18190152078952,57.12217544023768,7.258806569458493,161.4317351248007,Cotton || Ammonium Sulfate
81,88,183,17.38183363237151,76.40154943643928,7.908590991200047,93.36472461047548,Wheat || DAP
48,50,71,34.13654944517832,58.230996449356056,6.7367435199193935,170.7487969672492,Cotton || Ammonium Sulfate
113,72,16,14.19087352005213,55.76651000986446,6.62853095832941,73.74035949973528,Maize || NPK 15-15-15
23,32,217,21.258420214326964,85.15330448757454,6.109238135165864,248.7256483022909,Sugarcane || Muriate of Potash
41,113,54,29.689994757825573,41.07656742986038,5.146391823832085,202.21405328999043,Maize || NPK 15-15-15
134,84,196,19.12712945929922,75.55355736981264,4.9734164053063505,278.47250763830607,Rice || Urea
106,57,193,33.51955506431307,49.923523627437476,7.542719044883864,62.10338266972555,Cotton || Ammonium Sulfate
32,41,185,31.23656349161049,35.92989450957142,8.210014205186303,97.76145996286886,Cotton || Ammonium Sulfate
72,66,164,32.51459395825149,45.00585613236152,6.3331328655450925,250.51806502387342,Cotton || Ammonium Sulfate
62,127,190,15.096769932794622,71.39969178655207,7.137782634862553,134.86098394454024,Wheat || DAP
113,109,97,15.654225327884117,77.54763148915625,8.157830603523765,151.9127175956554,Maize || NPK 15-15-15
113,42,82,19.448317181359172,36.263467013379206,4.860454531736578,246.55645297302806,Rice || Urea
48,33,172,25.47000629513659,37.18552659810321,7.581925812476119,165.23757398798853,Cotton || Ammonium Sulfate
76,48,188,31.448417994184464,89.15252689057718,6.9672675375023,86.43420385944836,Sugarcane || Muriate of Potash
51,43,46,33.74980315978349,39.39834908682319,6.894548715319445,254.08722769834742,Cotton || Ammonium Sulfate
24,65,218,30.312718214886694,88.65092951699427,5.670161713926279,47.45479754152804,Sugarcane || Muriate of Potash
120,37,128,36.1435189197966,48.68995482505434,7.2355734191107075,254.89510423442638,Rice || Urea
42,46,66,31.207331250014185,79.40106800949277,7.679191019283106,52.124854401360324,Cotton || Ammonium Sulfate
47,16,17,19.962965062119984,53.583994936760725,4.951432659774788,199.80384750403076,Cotton || Ammonium Sulfate
106,77,216,18.892113392802887,86.52512153655104,6.634085723923935,57.20305112208032,Wheat || DAP
42,46,104,30.101003707828337,77.02729192546147,4.905060723949639,209.49111663161574,Cotton || Ammonium Sulfate
95,65,126,17.01463478592997,59.108807516101706,7.990296077190578,48.15311711990822,Wheat || DAP
75,74,119,14.410585081067017,39.57814725044477,6.53054689062539,242.189854650589,Wheat || DAP
19,74,29,25.83779474626104,78.96201103224843,7.73186275704303,151.82654822319634,Maize || NPK 15-15-15
14,56,133,33.36268081425284,72.0130853579109,5.972342550664857,62.4289390405307,Sugarcane || Muriate of Potash
132,29,62,14.635875904216451,35.17470307002733,5.000312907265302,209.63666680243455,Rice || Urea
83,28,128,32.589174418688955,35.565191358346716,4.665997217542846,157.42963780090298,Cotton || Ammonium Sulfate
106,38,21,33.100872113140255,83.52757839156163,5.626038483089502,85.8277261301063,Cotton || Ammonium Sulfate
127,83,186,24.539124002120133,50.56398432811123,5.476934801456315,43.76136973329419,Cotton || Ammonium Sulfate
47,69,26,13.490068060272657,73.16802006368394,6.741407896079847,140.31958233412894,Maize || NPK 15-15-15
56,27,73,16.539336132426847,62.25286518591484,4.586955352254829,60.55101537484853,Cotton || Ammonium Sulfate
118,101,51,30.39308315421024,86.80580087130603,6.582282177196694,62.600727579336926,Maize || NPK 15-15-15
24,44,103,30.506226569764685,90.01766678614932,6.067086968048013,104.15909160704244,Cotton || Ammonium Sulfate
14,52,166,35.3572371543593,94.80846276073125,6.808489079657768,191.30999133818185,Sugarcane || Muriate of Potash
56,120,156,27.149839810419152,44.22104814843481,7.3096701126014585,167.17854605462782,Cotton || Ammonium Sulfate
77,104,20,15.226791560558212,86.77784278852852,7.036367780319356,56.55695398208334,Maize || NPK 15-15-15
85,100,107,15.156787543129276,50.96128260372811,8.438577477493466,272.42350621419274,Rice || Urea
139,20,187,30.749441291277417,70.44895249373046,5.053061375507484,252.92048519070187,Rice || Urea
104,58,80,16.77840129280543,65.34637003215266,6.218948035719114,102.21411691483797,Cotton || Ammonium Sulfate
124,122,117,20.538022990031738,36.07928789434326,6.199322946573245,69.3612582309139,Cotton || Ammonium Sulfate
45,47,67,24.667512179969762,90.96627679436568,6.168212814811683,266.17668754167767,Cotton || Ammonium Sulfate
35,73,43,12.643886816979931,39.69962330895311,7.155193568170674,150.67402669136797,Maize || NPK 15-15-15
52,78,29,18.469294702518226,76.29313516446415,6.45931224218689,114.68007154514459,Maize || NPK 15-15-15
36,17,59,22.60512982118928,82.10041017249571,6.569730239251852,157.68592843964495,Cotton || Ammonium Sulfate
78,43,111,19.270544280823362,82.71727094286106,6.229423968587058,225.45859469113893,Cotton || Ammonium Sulfate
20,57,147,15.54562851415671,43.12967113573069,8.46679784407425,80.41247159273308,Wheat || DAP
83,125,169,30.928318702701134,61.854197030478325,8.210245395276168,224.1990000422337,Rice || Urea
113,65,61,33.14183903436761,84.76573222603879,5.730896757457484,219.86722910412772,Rice || Urea
47,85,24,18.694453379736846,53.16075262272528,4.946375699066669,169.44356916181113,Maize || NPK 15-15-15
32,111,93,32.13490685976389,63.06492052247982,7.859058896154412,247.8021492998996,Maize || NPK 15-15-15
56,74,140,22.02439267443416,51.36763356199074,8.488681005702897,71.71441076076653,Cotton || Ammonium Sulfate
99,40,46,25.173830562204074,62.81308507311945,5.670435576158582,182.91496159976154,Rice || Urea
55,13,135,34.25602794722197,88.2702753555728,5.931139703367065,147.8423326004372,Sugarcane || Muriate of Potash
116,122,49,31.498795726862603,62.30745386196617,8.266532725940811,141.3501070805996,Maize || NPK 15-15-15
113,118,81,32.933038134220624,68.35472102445922,7.3445180720123595,100.6146571046861,Maize || NPK 15-15-15
120,59,49,15.557974331245276,59.23857699818501,5.682553327118544,129.34711763437792,Cotton || Ammonium Sulfate
113,78,65,13.812705071676966,62.607030992199526,6.82418596513566,65.95618144567979,Maize || NPK 15-15-15
69,39,160,35.22852295628766,35.9104519427853,8.276918317457024,100.38375274355805,Cotton || Ammonium Sulfate
109,129,113,22.083691008848454,52.02473059762736,7.747252427783114,105.27162586673983,Cotton || Ammonium Sulfate
77,97,148,19.4848716298117,61.19490330450947,7.467330854914639,212.96028819043346,Wheat || DAP
129,68,119,30.842102610807437,73.02781855956374,7.44798524690809,51.65210253012716,Cotton || Ammonium Sulfate
46,76,201,33.746805511076275,62.00311583323353,5.212081297169082,196.28615395620656,Sugarcane || Muriate of Potash
81,84,145,34.424730169355826,55.26902259929384,7.798724956911746,93.13837835036557,Cotton || Ammonium Sulfate
136,54,102,20.21592566925591,58.285924120649426,5.6044745297738325,59.64676141991055,Cotton || Ammonium Sulfate
115,13,103,34.15752217124353,49.537599752027994,8.221466631606118,112.19347866050418,Cotton || Ammonium Sulfate
101,35,65,13.06428255373298,90.46965696644318,5.958559964055132,93.87348866286467,Cotton || Ammonium Sulfate
40,36,69,13.29119877795269,66.30459354745487,7.930641588169026,172.487770201564,Wheat || DAP
131,55,147,28.211499074528014,35.804567232327386,5.564933978071206,125.77033682751097,Cotton || Ammonium Sulfate
60,127,48,13.640765597004203,36.166775505172794,6.558107746328962,271.8384981779983,Maize || NPK 15-15-15
38,116,37,20.4398383812642,93.3776980971225,4.927541181956242,271.25190385380415,Maize || NPK 15-15-15
49,73,58,29.491655642420024,48.287053482394704,7.140475611984696,146.49166458885747,Maize || NPK 15-15-15
50,100,173,20.768939297409887,83.33649732885888,7.844317100667354,230.8209905584623,Wheat || DAP
20,115,134,16.669594317442495,38.49651809363447,7.373789125209664,43.184449806610004,Wheat || DAP
10,60,22,19.315116168199882,90.26976420167294,6.593034051754629,171.47478033395262,Wheat || DAP
55,59,45,23.896958638511226,87.4650202200007,4.680463514405838,218.39180135367496,Cotton || Ammonium Sulfate
110,15,110,24.360032239242543,69.26558974607087,8.233764028683433,92.06637409776062,Cotton || Ammonium Sulfate
99,68,35,32.35800601502725,35.53991943699535,7.321958194314538,54.6812212398265,Maize || NPK 15-15-15
119,24,95,31.503983965219327,50.46865244140025,7.4834569534613316,77.42054461754941,Cotton || Ammonium Sulfate
66,126,13,23.877262918459515,59.409358843907896,7.678722302043228,146.0435409217257,Maize || NPK 15-15-15
10,39,91,33.98735107656806,62.603847004853705,7.490973703710443,161.52914098150288,Cotton || Ammonium Sulfate
72,51,201,14.97016560337629,52.860725513742324,6.264464656393335,131.41242930610443,Cotton || Ammonium Sulfate
64,110,175,18.63918710595144,36.976872094731796,7.434487317151787,145.5937040901712,Wheat || DAP
124,46,136,33.52738805105854,70.40764435559252,7.000107151241316,152.85639030622752,Sugarcane || Muriate of Potash
62,51,97,21.82784500427998,66.44928006168536,7.916065334675146,224.6647987842631,Wheat || DAP
66,110,136,37.510720528639894,51.98003812574466,7.709839261349481,65.25805553863657,Cotton || Ammonium Sulfate
126,44,129,24.12258531972372,37.27855805417639,4.6654975298690395,224.54811211825503,Rice || Urea
44,96,31,32.59032619705786,94.67565123331642,6.015548361330421,205.27055255079955,Maize || NPK 15-15-15
72,15,139,22.459983075941672,63.919171209584356,4.638864608735578,217.99859427431633,Sugarcane || Muriate of Potash
34,77,40,23.048791495623192,80.36025450644462,4.908299699064392,216.27241261007748,Maize || NPK 15-15-15
99,27,128,21.954961829388772,62.13884210308013,6.905642888014445,152.94203579242807,Wheat || DAP
84,82,20,30.695966133281104,37.59021745177649,7.995287284649013,90.73604429461601,Maize || NPK 15-15-15
47,122,55,26.235464985559858,53.57604470513,4.979299034837069,168.79093703243296,Maize || NPK 15-15-15
139,38,105,36.5382308955776,54.206608460354076,6.304357149867326,269.9156928661839,Rice || Urea
100,86,199,18.523148229886722,85.30117424294096,8.143515619225775,181.2461635344073,Rice || Urea
26,68,206,14.614631034169554,74.25379867999246,7.757203934686351,42.65131485106663,Wheat || DAP
137,56,201,22.224798612579598,51.525794218368375,6.57867158586372,54.33061717033375,Cotton || Ammonium Sulfate
117,125,19,28.034530398816177,93.06439727954516,7.5862857573153235,278.2872240648526,Rice || Urea
34,26,177,34.380772359802876,54.29250994387228,6.590775096178148,57.26712621746569,Cotton || Ammonium Sulfate
97,118,137,21.00111905368852,94.89404154972323,5.132369349131395,51.050838410775654,Sugarcane || Muriate of Potash
38,105,161,28.998455529236,94.7698215902158,4.998944452886716,124.72582464607729,Sugarcane || Muriate of Potash
72,121,108,21.105165706603696,46.47263106480451,5.253472928268279,272.6361287846408,Cotton || Ammonium Sulfate
123,31,181,28.047709157855913,53.76446697130401,5.903688379862718,116.48203689588777,Cotton || Ammonium Sulfate
58,77,121,35.00500662279693,64.16265190907924,8.222117070696076,138.37219141006494,Sugarcane || Muriate of Potash
90,78,69,18.015298698744637,74.84604026887345,7.698713654614405,192.17849469005574,Rice || Urea
93,46,199,22.51028269478302,66.68284694022796,6.23120624490527,45.78684143833548,Sugarcane || Muriate of Potash
114,114,96,37.82489510717341,93.16648814793541,6.472306839150296,255.46325860460513,Rice || Urea
127,58,154,34.58248273448598,78.43934985414148,5.56243783066566,164.66632421306372,Sugarcane || Muriate of Potash
95,22,74,26.68063630530125,47.72269096297846,7.31741182588852,152.0346174409739,Cotton || Ammonium Sulfate
72,43,66,25.43231738821116,41.3058530128183,7.711062685848152,246.5743989295913,Cotton || Ammonium Sulfate
113,118,192,19.399609939921707,76.30407744256141,5.455618782670307,268.7383814459251,Rice || Urea
58,95,115,25.447445120031766,44.50714641084578,4.667286495145861,141.62205559524034,Cotton || Ammonium Sulfate
80,62,190,34.05271895527862,82.26061042014524,6.9955557726518816,81.38585903037537,Sugarcane || Muriate of Potash
10,96,193,29.814537345222295,53.66220003562022,6.7500484765412665,235.77022480049752,Cotton || Ammonium Sulfate
132,60,18,19.54114473262765,54.61359578333639,6.108524620115506,136.78250109339692,Cotton || Ammonium Sulfate
71,12,31,17.238061947391856,35.64790354337072,7.0755757670928405,264.53092948282386,Wheat || DAP
41,51,150,18.895421961917556,77.06067602570243,6.702453191940574,267.9757561194359,Wheat || DAP
38,107,98,16.413739236213488,41.79618518388115,5.502326306376771,67.55896761312869,Maize || NPK 15-15-15
58,41,185,14.486658096616615,81.37283464781109,6.09091590249089,269.57295215988427,Sugarcane || Muriate of Potash
39,118,27,22.89754053549343,64.5120693150324,6.212454278988966,128.38487810682904,Maize || NPK 15-15-15
28,60,124,14.94578971435496,82.05678889727415,8.020991977902256,195.10060423772572,Wheat || DAP
27,122,213,16.469726500904713,70.03559235186448,8.343616616515838,48.34001961617105,Wheat || DAP
10,94,177,26.23044179282664,39.94599632113945,8.072005449585989,253.33222578011984,Cotton || Ammonium Sulfate
87,55,154,16.279581116188943,80.93914020231098,7.3767120962079185,193.98335904276757,Rice || Urea
124,117,152,13.660873953203474,39.187969093684984,6.839970934423287,194.4530720695406,Rice || Urea
122,30,115,20.252110100725016,63.72210323415993,7.25704654186382,256.5222783945961,Rice || Urea
123,53,24,17.728296564171156,45.340952848697796,8.256436882930757,162.00332197776237,Wheat || DAP
72,20,216,25.397934887853793,80.1401106786731,5.499994940895327,138.52399368701214,Sugarcane || Muriate of Potash
138,112,72,14.661544199163442,89.69547366836758,6.64048203069362,247.8709005501559,Rice || Urea
17,77,176,31.54604047975743,68.24756980149645,7.258432076001632,218.18092284913558,Sugarcane || Muriate of Potash
64,124,22,35.562071505313604,66.62883765795083,7.2169880052970985,267.75415959157624,Maize || NPK 15-15-15
112,10,90,31.329314522861054,80.83779177953707,5.509115838307346,265.62925439452783,Rice || Urea
41,101,41,25.853502972436253,35.304728778543634,6.846926109559007,131.75827949445767,Maize || NPK 15-15-15
19,72,146,34.37736336651101,90.06551855810964,7.683652569680626,147.2767096339403,Sugarcane || Muriate of Potash
119,33,49,30.067877874319194,46.8469290254679,6.400315920200976,101.43638890978683,Cotton || Ammonium Sulfate
133,108,157,12.274329183704936,94.04713302957424,7.67319230679494,198.55549339325623,Rice || Urea
96,22,91,22.24634397213708,79.17523687762773,5.939530391018219,127.49007282133277,Cotton || Ammonium Sulfate
64,120,86,34.1247493845768,81.45506886204026,8.255040508655036,228.66415518584105,Maize || NPK 15-15-15
41,107,217,20.992330307357,74.3721788224164,6.635713761996405,69.17218257541853,Wheat || DAP
102,20,210,12.915594511663611,63.299790967109615,6.883791803170457,67.93668427977902,Wheat || DAP
17,109,200,31.40067060235908,69.29766160166993,4.625446275218353,89.06929154065526,Sugarcane || Muriate of Potash
74,60,85,32.85299502735458,37.78417316090754,5.181076548514377,60.23012522497923,Cotton || Ammonium Sulfate
66,26,181,16.175436071126022,72.43757056592085,7.031735521884179,188.80758584277635,Wheat || DAP
76,108,47,25.970852917922713,72.5658861192228,6.179481487129085,75.36466384401727,Maize || NPK 15-15-15
81,91,197,16.99084141388887,88.47204784410857,6.5326551618326985,78.39110019223702,Wheat || DAP
63,113,80,30.700094895147817,65.33938144581316,4.751885634934801,43.41477369499984,Maize || NPK 15-15-15
76,95,57,19.060311834614627,39.62866244516366,7.836540953641537,227.70160350966637,Maize || NPK 15-15-15
60,33,27,20.22159318664658,53.37175522892487,7.6380224091848685,234.95105330163545,Wheat || DAP
106,28,153,33.96924219464263,74.33776472685905,5.241415902887399,78.88537992746552,Sugarcane || Muriate of Potash
101,46,192,24.384381157379515,49.35553176508783,7.0373174290295175,217.48586422413388,Rice || Urea
17,112,48,29.413615731674444,51.831669311324056,7.773260846617086,144.0508295577663,Maize || NPK 15-15-15
44,94,205,22.46169931878416,84.22814098165121,7.0634165456624,97.50277191169391,Sugarcane || Muriate of Potash
105,17,196,19.74817828703764,70.05918390576254,5.741592381183379,189.13230593771894,Rice || Urea
97,37,98,28.262429571041196,65.51164590641434,7.124444601912669,82.83617784330035,Cotton || Ammonium Sulfate
87,14,71,16.026296926049355,54.10711800834826,5.341846990732849,221.6520658367285,Rice || Urea
41,26,150,21.69799572473844,78.85568215598201,5.773019989117683,51.42765461693241,Sugarcane || Muriate of Potash
129,110,118,17.43496297203398,52.26310606940176,5.460278612428715,270.19142390269946,Rice || Urea
55,45,90,30.090669140459383,79.22381105865051,6.727700409560827,57.250060890069875,Cotton || Ammonium Sulfate
64,127,143,36.549429796998794,39.20608881604652,4.932906587062194,179.06762061968553,Cotton || Ammonium Sulfate
16,28,86,37.88328516841253,86.87248049492501,8.233241521393355,256.52662962937086,Cotton || Ammonium Sulfate
83,73,197,23.70719707148136,64.97398780255597,5.834049414651467,42.857072523484085,Sugarcane || Muriate of Potash
16,100,99,18.565790130547555,61.3104810019382,5.375880508423205,159.6434706373737,Maize || NPK 15-15-15
94,126,23,23.513563629992426,71.66140469251548,6.486199254407325,124.00167143456318,Maize || NPK 15-15-15
121,107,104,34.02900465903082,72.45152437377622,5.607991273818865,179.27972566189817,Cotton || Ammonium Sulfate
134,20,63,17.356147642353037,42.92211061339973,6.639616345530577,94.10977281703808,Wheat || DAP
45,63,141,36.754486942976015,80.3740153889728,5.894036599128341,55.575812135613944,Sugarcane || Muriate of Potash
38,54,48,20.888509988751927,51.55569787700377,5.028267243076163,190.22392884368966,Cotton || Ammonium Sulfate
91,56,81,37.630895145707925,89.29771281019484,5.563580968109048,140.0438174784166,Cotton || Ammonium Sulfate
11,21,34,33.80383107588302,84.07103980488995,6.253759379846101,189.39652928949513,Cotton || Ammonium Sulfate
138,127,86,33.02283388783215,55.77596249208491,4.6211729059185025,90.5293952410823,Maize || NPK 15-15-15
56,30,169,20.265521518105373,83.46435759204286,7.582570108059048,121.29790310883564,Wheat || DAP
20,127,196,12.228207510646167,56.38342995799425,6.987298258361664,174.80353344750648,Wheat || DAP
139,20,200,21.935455629475683,41.05686089816244,6.905438429113417,182.34706679793456,Rice || Urea
128,112,175,19.847043611230035,92.71329432354247,6.684199727531064,129.35555386582365,Wheat || DAP
29,101,129,12.97232175062873,74.15612091292641,6.861252689300274,107.21276934797355,Wheat || DAP
14,14,62,25.13949666915417,62.3659715997555,8.238607810828881,105.688151077263,Cotton || Ammonium Sulfate
46,90,204,22.478814093351154,58.86640109186238,4.534276843242963,81.92784434101563,Cotton || Ammonium Sulfate
62,65,165,28.498468161279643,54.48232005549584,4.6911988386309975,118.09719095910091,Cotton || Ammonium Sulfate
108,29,140,28.150844377046162,93.88685572574775,5.265973639723209,87.86568088317279,Sugarcane || Muriate of Potash
95,50,217,15.139412533313683,43.08483590785444,5.1692055199726,192.11569749518677,Rice || Urea
117,55,159,37.40110419929219,53.8883035352341,5.224777837876731,176.5760795781015,Cotton || Ammonium Sulfate
33,21,105,16.86021716547762,64.1298584169598,7.187775543394601,131.82131768102082,Wheat || DAP
90,79,175,23.57712464388232,63.679972703258684,6.337933204200661,118.19920478497467,Sugarcane || Muriate of Potash
129,26,209,24.691056129277108,63.28198906447061,8.467115513338772,97.02740804671421,Sugarcane || Muriate of Potash
68,124,81,33.13963272756712,45.54702894982291,5.407543659211779,168.50999415024188,Maize || NPK 15-15-15
137,28,71,14.579969498460816,43.695951626570036,5.743320404109978,260.53666344296516,Rice || Urea
123,35,194,23.144751259421824,50.2860551797172,8.436962867206596,204.5687323333449,Rice || Urea
124,57,15,28.3410564261413,89.87156922812336,7.827032563208988,218.65953136853616,Rice || Urea
23,117,215,17.594046162225446,41.783178070070605,6.379196882714131,240.25068727753785,Cotton || Ammonium Sulfate
18,117,41,28.31416536791789,80.44550620239949,6.718387542183959,124.39239360108371,Maize || NPK 15-15-15
49,61,108,36.015285776290966,80.45290358800227,7.872711682611362,55.09018770747703,Cotton || Ammonium Sulfate
34,105,147,37.93547141048955,83.58622423383574,6.423920984185312,189.41411279719463,Sugarcane || Muriate of Potash
112,79,140,12.843727996557568,88.19692933936133,5.324094894328337,85.28134989472784,Sugarcane || Muriate of Potash
31,64,196,18.125293934361615,50.782170652335815,7.813778154217542,176.5704759989599,Wheat || DAP
13,109,85,20.067985010584135,48.47356815613378,6.651089965102574,217.48245595769555,Maize || NPK 15-15-15
38,111,186,22.377278611569118,62.93033999164878,5.112170388655285,228.07319251548077,Sugarcane || Muriate of Potash
118,84,68,18.29868609720395,50.90535012512217,6.522343324737591,112.44138885940372,Maize || NPK 15-15-15
107,42,40,17.290687858438126,79.05859933898645,6.152813522387435,162.98397581663562,Cotton || Ammonium Sulfate
46,71,102,36.818399902855,73.15637460448602,8.007370127527032,189.03162310652615,Cotton || Ammonium Sulfate
84,97,78,35.88156167203346,87.49926128315909,5.004221725442814,236.67537320814927,Rice || Urea
79,32,199,13.221805026081054,39.964298209224296,8.000839217792102,222.73327962518738,Wheat || DAP
137,24,61,20.80913856172605,89.9050000014845,6.548844067241139,277.1140770345689,Rice || Urea
94,36,98,22.53386239563857,52.60091760020537,6.117457719924591,41.94032236720261,Cotton || Ammonium Sulfate
51,84,136,18.214377901314528,64.44166075561904,5.147868737611761,144.9974658071519,Sugarcane || Muriate of Potash
109,73,178,28.350695321692562,61.31668615637862,7.303271850554717,101.45067673027069,Sugarcane || Muriate of Potash
50,124,40,28.649899412750266,80.61869906626544,8.207226836440162,68.77441291476961,Maize || NPK 15-15-15
43,123,93,34.11310993654352,60.21999856591056,6.00150941559728,258.7636787601243,Maize || NPK 15-15-15
26,90,136,31.262600978015662,91.61318873896457,5.466340002683333,279.51089586296473,Sugarcane || Muriate of Potash
131,60,159,26.106906501114846,89.15203295831452,6.7194676679966285,83.34308989713367,Sugarcane || Muriate of Potash
85,62,141,28.993256021154917,87.32966911817039,7.684743793735481,49.22401427232727,Sugarcane || Muriate of Potash
96,87,22,19.12370832011847,39.275499958893676,4.515070778202132,106.01306744332008,Maize || NPK 15-15-15
126,100,54,27.4194609391513,86.25548369323637,7.025509745581717,240.36686033593494,Rice || Urea
115,91,136,24.7199086234979,81.89812672659264,6.886064002794523,110.53361996783602,Sugarcane || Muriate of Potash
95,101,179,15.46695615022563,41.21077682036786,5.77260874321664,53.656355319429174,Cotton || Ammonium Sulfate
36,60,123,18.30615119115724,41.44485952617331,6.305692014419881,52.59812414872718,Cotton || Ammonium Sulfate
66,56,186,19.584029718761236,41.06982869105247,5.487852896647284,142.58147256866474,Cotton || Ammonium Sulfate
40,120,29,36.0320487433665,35.67995559226925,7.659542951807371,263.63817353478873,Maize || NPK 15-15-15
107,13,214,17.990052624033126,67.91805831167501,7.038139733464431,108.62090599351166,Wheat || DAP
21,16,90,19.520341473311372,93.40365748616259,6.630846488155941,142.5178433682505,Wheat || DAP
62,118,191,21.603207382325238,61.32108217398761,6.070104793671309,64.46411329182605,Sugarcane || Muriate of Potash
131,44,173,29.257311204260063,67.44545011324138,5.6655375440829285,158.45747038455545,Sugarcane || Muriate of Potash
55,57,138,15.074198204275653,93.07818780619733,7.790945944173726,207.17129542856895,Wheat || DAP
73,82,152,36.802575524838176,50.31093372645384,6.305630681734276,105.0760866825327,Cotton || Ammonium Sulfate
139,81,214,34.504851722463876,86.50821515589578,6.505789679366691,111.21071404688435,Sugarcane || Muriate of Potash
63,125,26,27.007617898232702,67.78342803270417,6.583314922162966,242.0740060975051,Maize || NPK 15-15-15
116,54,161,29.524984553048874,69.16859087978065,6.293467741726306,42.4872933633225,Sugarcane || Muriate of Potash
60,90,67,12.433172252349616,55.590431432437015,5.524353704953695,192.75297005202327,Maize || NPK 15-15-15
45,90,81,20.812564159059665,68.69506165801448,4.981361760972208,134.53231238598806,Maize || NPK 15-15-15
124,122,118,32.687165997197496,39.388550568697035,4.894149068670963,111.61132325475256,Cotton || Ammonium Sulfate
35,106,32,14.014557318602034,80.87861435684673,7.529850093362755,197.8225197385305,Maize || NPK 15-15-15
38,105,183,19.340159689478725,52.0812656926563,5.394111289206045,240.32044522952924,Cotton || Ammonium Sulfate
20,81,81,27.217717536692092,88.2564997696373,4.722691259815902,174.01410791888168,Maize || NPK 15-15-15
49,28,17,18.66673872017249,57.07104167644751,7.6900696267835436,47.46270926633344,Wheat || DAP
20,72,68,36.2834273277575,43.569446629212955,5.116246611442592,150.73628579813825,Maize || NPK 15-15-15
122,47,120,15.40752440091155,76.7528944621091,7.000584366933416,151.06238581455355,Wheat || DAP
48,76,196,32.73225330560224,44.874688682810174,5.854573085791452,170.51163875310587,Cotton || Ammonium Sulfate
63,68,22,25.206665989566616,80.22083093257942,5.005921026765238,201.03013625045256,Maize || NPK 15-15-15
107,78,176,31.508600171318857,93.08673418436699,6.15792391701744,44.63641684824171,Sugarcane || Muriate of Potash
64,22,165,20.078598536097633,81.7731721277157,4.559235444530501,160.48302985594012,Sugarcane || Muriate of Potash
120,56,198,25.376729660113007,36.34695490587948,7.864179930050241,181.19386465134176,Rice || Urea
78,119,25,34.277719092802585,70.99314728316648,6.553991845367429,122.40481273985247,Maize || NPK 15-15-15
65,70,128,24.138830577200714,76.72464025818346,5.056640043631847,200.40765438170394,Sugarcane || Muriate of Potash
42,40,11,21.35271640966701,84.52749954777711,5.447921273555939,94.76265211100107,Cotton || Ammonium Sulfate
45,128,219,25.940040042571137,38.36013853634001,6.291900768554107,116.16935993618839,Cotton || Ammonium Sulfate
90,89,154,30.651431578945537,63.80646967713718,5.255477531262194,271.0612833818383,Rice || Urea
118,123,39,23.53264698296107,67.12225235830365,5.5743966460043435,123.53688900667363,Maize || NPK 15-15-15
82,105,112,36.4108013536991,45.14749175865068,6.637542256941053,123.1602129677788,Cotton || Ammonium Sulfate
49,31,22,19.668591425100892,54.34698858263898,7.8304360521535425,182.96335259754767,Wheat || DAP
26,102,105,24.36205376039713,61.41330357536991,6.107358742759683,273.0340791664145,Cotton || Ammonium Sulfate
138,95,103,31.680119142877476,84.99258127746809,7.367901094214194,275.9393070287201,Rice || Urea
70,52,91,29.917148352889715,90.76445396421241,8.006736853842593,179.11791128231584,Cotton || Ammonium Sulfate
113,76,22,34.45466736284606,72.70536973506037,5.365203761184648,40.26088475318381,Maize || NPK 15-15-15
51,63,180,37.91703869770883,58.69671116128772,7.72876788160864,256.1575721844159,Cotton || Ammonium Sulfate
34,19,103,23.09831654867233,50.241861067939155,7.52960879332411,176.85711149849155,Cotton || Ammonium Sulfate
48,51,158,14.889922874366107,93.92811106616902,5.92774919179254,127.8391379895846,Sugarcane || Muriate of Potash
44,73,121,12.790812901007168,93.98119988458151,8.458079838003469,239.00683384382518,Wheat || DAP
117,30,64,30.898799559634064,90.49861689410208,5.5502894857438285,135.9597902440492,Cotton || Ammonium Sulfate
111,89,90,34.72435545402661,82.14014899266915,5.519213064126783,48.17068148806352,Maize || NPK 15-15-15
107,85,177,17.738527234554887,54.546772624737095,7.589036658612791,237.0573335336845,Rice || Urea
21,75,125,16.119648966937554,84.02002900985784,6.238629272204337,171.00625624474296,Sugarcane || Muriate of Potash
28,50,152,13.617332379667966,59.527581036270355,5.823179979124173,121.15444917380708,Cotton || Ammonium Sulfate
110,33,210,33.390275964647365,54.606385889302715,5.214651221356412,100.21417032492428,Cotton || Ammonium Sulfate
53,44,189,20.095930437207194,79.69192150797677,7.561329723738176,182.51139025970215,Wheat || DAP
58,65,211,22.444119211754188,39.77923565722537,7.645287224544308,89.93189157402404,Cotton || Ammonium Sulfate
26,39,117,25.07150498184992,37.9137633977397,6.766256012920562,117.72421277368078,Cotton || Ammonium Sulfate
83,66,62,33.82578408944832,61.877221830871136,8.329254452765491,192.76727425935607,Rice || Urea
66,103,137,28.92166376059861,61.73832804932971,5.772653081690617,251.57066809742366,Sugarcane || Muriate of Potash
64,56,189,27.991680376303094,88.73864918383009,5.378476181917349,167.8936788139837,Sugarcane || Muriate of Potash
56,44,167,16.56747459885368,42.569185777269006,7.209867075737847,222.1855355917822,Wheat || DAP
21,28,170,25.34293718445557,42.39703564714477,7.533634563198818,223.13454490313003,Cotton || Ammonium Sulfate
71,123,66,30.599906446645036,43.84715602849407,5.3996238822072895,199.44494863825284,Maize || NPK 15-15-15
89,17,61,37.304782958792785,36.78417567767616,4.8064430570444525,99.00120104332424,Cotton || Ammonium Sulfate
92,35,146,17.236564039547158,39.3039042688945,7.7420659463454875,248.02926355605805,Rice || Urea
17,122,191,12.248127179747893,74.59219200974235,8.40600789458405,144.70615735349594,Wheat || DAP
90,113,120,13.957837273560214,60.89505974705055,7.078689144289138,50.610578544568135,Wheat || DAP
127,80,10,21.77216409473146,80.81618402528082,5.611467600575576,98.70704081668603,Maize || NPK 15-15-15
34,39,53,33.334160841395665,94.55586311489961,8.486690434211168,223.73160498383578,Cotton || Ammonium Sulfate
98,16,84,12.185694125974372,74.54208086594008,8.07306654506831,56.59200059619745,Wheat || DAP
21,76,107,23.874995415031847,38.02733423720743,6.553522585121176,75.36745651717868,Cotton || Ammonium Sulfate
68,74,217,20.559995998876257,41.27377188526049,7.8012851393673355,206.61443585000907,Wheat || DAP
118,45,18,13.364524462592916,87.86024508888246,7.763282093051867,254.22418953460974,Rice || Urea
35,34,41,23.70614345348805,66.64975667349569,8.239195878693998,192.09568121383285,Cotton || Ammonium Sulfate
56,46,24,18.62346639075469,84.4902295637444,7.86369537509384,93.34985291909311,Wheat || DAP
41,10,149,21.14900569302217,86.39674017349557,7.074716943828658,52.81930317989166,Wheat || DAP
19,24,215,30.345997924391618,90.66047248997116,6.9372148758260295,187.6303798120748,Sugarcane || Muriate of Potash
25,46,194,25.560325581685145,91.98975232918195,6.369429153326447,51.37565870347935,Sugarcane || Muriate of Potash
35,22,145,15.240833153813146,68.28954779019837,7.00594255988303,187.05329246602167,Wheat || DAP
95,113,81,36.996778051014616,55.46121033536203,7.680866346121531,94.13918659866282,Maize || NPK 15-15-15
23,17,164,28.5336799084532,92.71189246087991,8.376150505210212,257.1174549781191,Sugarcane || Muriate of Potash
88,14,199,31.91257906722582,67.84438436007352,6.369149432728481,154.02224043696685,Sugarcane || Muriate of Potash
126,69,21,14.059541900217642,38.85516337727666,6.794612811955028,93.74522399432695,Maize || NPK 15-15-15
16,82,74,13.223517865960492,73.56659300359189,6.279221980235127,244.75487597406197,Maize || NPK 15-15-15
124,10,116,12.50564930957011,70.26108502370064,7.173954483933616,100.968495627402,Wheat || DAP
81,45,51,16.908644722109557,88.74757237368236,7.019682016245039,113.58377836597012,Wheat || DAP
68,44,199,22.774618340680874,74.19123134946875,4.571335160774494,240.22669577330936,Sugarcane || Muriate of Potash
91,75,124,36.33147946847339,55.943145467693085,6.664646236402634,114.11008715214302,Cotton || Ammonium Sulfate
125,72,148,23.883551140910185,92.97354354234923,4.8539475827960565,138.43930461535297,Sugarcane || Muriate of Potash
112,113,112,19.546632739685766,83.09716915892201,4.605534472022153,123.43976098212798,Cotton || Ammonium Sulfate
26,32,180,26.610316591511246,72.82505710288126,7.664788648338793,67.9360762792902,Sugarcane || Muriate of Potash
23,18,104,14.91029903150452,52.575512204187376,5.534599448637202,49.33499493923827,Cotton || Ammonium Sulfate
117,43,26,27.847153166129566,57.41241777885773,5.862620309149197,213.88976177463553,Rice || Urea
54,55,169,26.779230812593084,75.1981954457994,4.756338350416264,194.83290974457296,Sugarcane || Muriate of Potash
107,87,94,32.59181886854845,39.3188491077993,5.218001041977402,107.76785621249373,Maize || NPK 15-15-15
46,13,177,37.65387790204262,50.40083549901581,7.5624192730311695,110.94378999637084,Cotton || Ammonium Sulfate
117,39,160,18.522710264618873,77.83405600379588,6.474123320930484,266.8013879220835,Rice || Urea
48,104,65,25.251067720897776,63.801110590677254,8.022673850200594,277.0410705360381,Maize || NPK 15-15-15
24,111,143,35.630500564294096,59.14361388886581,6.08896852586734,153.62437677608645,Cotton || Ammonium Sulfate
129,84,95,32.41493699499387,44.08745734402487,5.5748029430170725,232.5884189155585,Rice || Urea
13,108,187,24.672563880621,61.51094206866396,5.890399257834604,216.8046102086477,Sugarcane || Muriate of Potash
102,81,111,36.57966288998422,81.24151824561403,7.351087174067618,111.35625028289127,Cotton || Ammonium Sulfate
25,12,174,13.488154031437045,50.84077076431358,6.720022689337944,54.055050524914805,Wheat || DAP
117,23,201,36.205964112527184,35.323912531020646,8.11676483020971,74.21350171238561,Cotton || Ammonium Sulfate
135,69,63,13.31319220195297,75.11029406905897,6.908675077555533,241.1905880801832,Rice || Urea
64,86,209,26.229923346981792,93.35759626595316,6.4720728339260125,215.49131679910747,Sugarcane || Muriate of Potash
43,54,186,35.15146464802823,71.40959381531496,7.643010895546931,199.44036267094668,Sugarcane || Muriate of Potash
22,105,124,18.830744532593872,42.19531153562781,8.290135402933782,71.3557196071956,Wheat || DAP
27,43,148,24.278460972574123,54.243985540680384,5.923383644979882,193.58336498812594,Cotton || Ammonium Sulfate
105,54,97,20.432550857561132,87.0584968832134,5.499504840661911,225.3165595583477,Rice || Urea
132,70,58,36.755741843985135,48.95408445540971,6.964869585176556,246.54441996646975,Rice || Urea
48,92,158,33.41478546358036,71.46175420985648,6.4954912846155235,43.17550700646837,Sugarcane || Muriate of Potash
55,111,124,30.434039294485867,59.160272495239866,8.456742299459133,204.27402445083464,Cotton || Ammonium Sulfate
38,25,203,27.278301651992827,47.470623285178945,6.349447136590934,44.58343734476906,Cotton || Ammonium Sulfate
71,75,72,33.335386522427854,83.80441361388078,4.797326205441383,209.64948293042525,Maize || NPK 15-15-15
25,49,113,22.198943079612224,79.56987658794142,8.409476243110543,192.54912753568115,Cotton || Ammonium Sulfate
130,26,92,23.63634823275761,74.69546395755592,7.87434778237416,75.6034871005534,Cotton || Ammonium Sulfate
19,128,112,30.980044748102397,49.18019541612507,5.213000575831853,223.86922032283127,Cotton || Ammonium Sulfate
112,43,165,21.30162384563657,40.871420162987,8.118421012451478,56.403428365525876,Wheat || DAP
93,115,26,13.66142449325772,69.56955978955797,5.862667283286978,238.33570569871202,Rice || Urea
74,25,15,13.932699831037858,68.220670012366,6.0084479381377776,102.86301876357496,Cotton || Ammonium Sulfate
12,111,156,14.999432833948301,46.30310056009238,8.125565929448637,205.3244469521596,Wheat || DAP
129,69,193,34.611714406935235,38.37480165891035,6.620462260141261,261.6854418452489,Rice || Urea
77,75,37,24.27788706966131,39.84250725163916,5.051051717594079,121.55848592162775,Maize || NPK 15-15-15
46,75,203,30.534941602963148,94.56625919076403,5.976224637367216,160.69457870570062,Sugarcane || Muriate of Potash
82,99,47,22.215642725727225,82.01503368457301,7.3883897850715226,151.14832814810808,Maize || NPK 15-15-15
58,22,128,18.726484632806496,90.31924855791036,5.196736752272066,77.82672377508834,Sugarcane || Muriate of Potash
130,65,46,21.02699635661751,46.7032833341818,6.860924789625435,181.6748825177828,Rice || Urea
97,120,124,32.64874097824678,92.6341121794061,7.281096531777667,218.32046044502752,Rice || Urea
46,40,77,28.255619250817393,43.559261088389725,5.875414302170317,260.0499589417166,Cotton || Ammonium Sulfate
70,43,186,36.37863427890545,65.54490971398826,7.27552275483329,244.1926243958831,Sugarcane || Muriate of Potash
133,48,52,29.672324242997682,84.78174106502384,8.036829407317274,162.4046511347276,Cotton || Ammonium Sulfate
48,76,173,26.824722425622042,55.98820127069476,6.388466976932964,212.56411708286436,Cotton || Ammonium Sulfate
72,17,67,27.865096233631697,60.489711990614026,6.031637312719143,232.18801920973428,Cotton || Ammonium Sulfate
55,96,22,36.50165742617878,42.69110661794587,5.504633605433143,158.43729129720373,Maize || NPK 15-15-15
97,87,61,32.493224176534355,42.375312799938364,6.916821919453216,67.70261456902426,Maize || NPK 15-15-15
20,129,67,12.625072171527384,72.17409348671958,8.019408192154863,145.103383323369,Maize || NPK 15-15-15
71,64,41,25.887632099528126,75.5319421172034,5.798645068740776,242.19472916837557,Maize || NPK 15-15-15
86,36,218,29.896798700210685,81.6399508449316,6.084942098149214,183.1939372944964,Rice || Urea
61,127,114,31.466160439418033,68.40092316090521,6.126502070199935,213.87001048224136,Cotton || Ammonium Sulfate
13,102,197,17.541695102162354,73.74555753567836,6.743249367110069,84.464325316621,Wheat || DAP
68,112,92,34.546611215735155,35.8110363019832,5.413635846269754,271.44106437064136,Maize || NPK 15-15-15
81,62,195,36.85192182655426,44.730243628231285,7.788844621230817,136.97932707839425,Cotton || Ammonium Sulfate
102,48,108,18.154597951966615,94.09488596101428,5.682409110016885,196.87252545225496,Rice || Urea
72,74,113,34.94800189544839,39.559610378949905,7.321450763586728,44.52934110174526,Cotton || Ammonium Sulfate
63,26,193,14.52144782541848,75.72729333561469,6.552862967118208,70.55662294126992,Wheat || DAP
126,114,37,13.448377738996374,45.56495798190298,6.843590413411027,227.68822477238055,Rice || Urea
119,39,138,15.359818802671484,78.00311514605852,5.2184349553092115,272.3126669248611,Rice || Urea
83,62,179,13.501268066142936,77.3594241777196,7.440092792712682,116.81328521331477,Wheat || DAP
116,22,219,33.97031816605018,49.05194358728541,5.254482076170524,48.92337638590356,Cotton || Ammonium Sulfate
66,30,57,13.53530375591507,51.17806395315225,4.953894550509757,126.60798447523301,Cotton || Ammonium Sulfate
12,28,49,19.063268975455042,74.2862428161253,6.686717999555148,44.19235126696063,Wheat || DAP
129,62,106,14.697664931932266,58.405162326812814,7.337188547670661,86.16954214299258,Wheat || DAP
15,28,200,19.680972944157887,46.672878181994676,4.700143345739027,220.5932836128972,Cotton || Ammonium Sulfate
14,66,213,14.354546157623933,78.9007759272489,4.777581259762169,264.90121554555907,Sugarcane || Muriate of Potash
14,34,209,29.368084519318366,44.24885146018005,7.7107166508236755,60.9877802485328,Cotton || Ammonium Sulfate
63,95,217,15.466497224906954,86.3386198486968,7.736130798029328,173.89618691452222,Wheat || DAP
56,40,123,34.147994071811084,65.88017144310965,5.481218868236325,100.93140306976767,Sugarcane || Muriate of Potash
18,90,141,33.246967318892665,41.34203623275804,6.960912811200814,73.37419019054309,Cotton || Ammonium Sulfate
108,64,175,12.355203822235845,76.64434001185907,6.272720300578638,92.5552551739738,Sugarcane || Muriate of Potash
29,32,164,35.28888524339298,66.14978237447242,7.030784165614052,178.66313619944978,Sugarcane || Muriate of Potash
131,41,146,12.752552235327544,52.88345430768857,7.9515171363969,55.63228034655065,Wheat || DAP
70,71,120,18.23079040889647,60.35236281343129,4.819425698329026,144.2124630804202,Cotton || Ammonium Sulfate
132,83,153,12.842117582175872,52.900264615249924,7.611937703953817,72.45468422923933,Wheat || DAP
91,19,193,20.731930663022215,50.78155014456704,6.472116418084157,105.44249257467555,Cotton || Ammonium Sulfate
71,109,85,25.360529668545063,44.81650525062273,6.756507775047986,85.78103913838333,Maize || NPK 15-15-15
12,81,40,32.712766594393585,56.76602798824855,7.115725440068481,251.91411995941533,Maize || NPK 15-15-15
22,63,128,20.78752031221574,50.059232378964246,8.19049259651643,209.92271940910948,Wheat || DAP
129,61,151,30.342740641501035,76.00606922323502,4.726879814206951,248.43101894739291,Rice || Urea
134,29,34,16.87511588509349,76.03260446979837,4.617905408497791,132.0310802914462,Cotton || Ammonium Sulfate
98,41,43,31.515559875347286,65.1104145533383,5.213047125955094,115.21920756488083,Cotton || Ammonium Sulfate
82,123,76,18.135911753640176,81.67667164821927,8.445790904106946,131.34092677546408,Maize || NPK 15-15-15
77,23,161,15.732163654537967,85.48038314036289,7.360305469511102,44.451566973857794,Wheat || DAP
110,59,127,16.820630109725414,69.7859874460564,6.958564476218008,213.92902603565398,Rice || Urea
107,37,82,16.733641350928238,72.13610976580603,4.688156213658992,123.9453896548188,Cotton || Ammonium Sulfate
20,119,35,25.334434863801768,51.97315458718191,8.01644089557186,115.19771285843001,Maize || NPK 15-15-15
114,125,157,33.9647371108918,88.69215204233119,7.751027413188638,183.5538556889279,Rice || Urea
76,62,201,14.069732001805146,36.45236266535179,7.15920017546834,144.69997881035596,Wheat || DAP
132,33,113,30.380864280828987,55.916148166570736,5.856523261938811,275.4024083737356,Rice || Urea
38,88,19,29.0130079509743,78.30802529299136,4.782019822273029,125.50073029571232,Maize || NPK 15-15-15
85,31,76,34.68551874756342,39.805370580269674,6.8201539516036895,187.3350021298992,Rice || Urea
18,39,161,18.34783657317959,45.99017164569756,7.3787782858433495,114.79626414631642,Wheat || DAP
49,72,14,23.70285632581077,70.35714367177107,4.876961401908989,277.7427952505576,Maize || NPK 15-15-15
34,13,204,36.07151173553145,68.59962028781348,7.035070639193984,146.82664833283076,Sugarcane || Muriate of Potash
14,86,195,29.15982970351825,79.3356977678573,5.645464271548635,192.1909146080327,Sugarcane || Muriate of Potash
133,68,36,22.10797873440152,83.75675834529031,7.556976884879247,70.41320102864249,Maize || NPK 15-15-15
47,96,217,15.41672195423698,42.71477471070015,6.658463402407348,215.92581156727795,Wheat || DAP
81,17,122,18.824610205415368,36.102859386514524,5.016147151241746,104.61041389014929,Cotton || Ammonium Sulfate
99,91,24,27.111602414723965,76.37831117953436,6.606077790932944,147.66718067912126,Maize || NPK 15-15-15
46,21,172,30.672366636573358,53.08350774598155,6.082947453466875,251.9519349585899,Cotton || Ammonium Sulfate
69,128,213,15.23496905814923,72.55903483507721,5.221423873126607,272.93260357242434,Sugarcane || Muriate of Potash
37,40,114,27.589528761145402,44.03267528373348,7.866062896248493,141.89730444168566,Cotton || Ammonium Sulfate
90,87,190,26.309133249807527,63.14240279995777,4.544113793996544,240.35264030907996,Rice || Urea
123,43,53,25.36284161395841,65.26548476380621,5.748513107512424,52.80375869196658,Cotton || Ammonium Sulfate
49,91,35,29.943201059732207,70.10466898239297,4.5503801526777075,243.417767149663,Maize || NPK 15-15-15
54,129,184,33.773689472170005,65.79020097983386,4.88402778602461,191.08247731663593,Sugarcane || Muriate of Potash
71,107,171,20.39773176259858,64.74144621372284,5.688384876692324,157.28948041398448,Sugarcane || Muriate of Potash
102,84,104,35.11431694288494,54.96404923903133,4.717084741557494,253.59128923293946,Rice || Urea
124,114,187,16.176473928082316,39.27081417908517,6.886522129428565,242.88093340153932,Rice || Urea
76,85,93,16.49862061353027,40.37121180781054,4.847451631944731,111.26682302885727,Maize || NPK 15-15-15
65,58,149,18.93607365422202,61.02669646442922,7.306854536264381,229.9572117627418,Wheat || DAP
49,88,141,15.107802608224024,56.34758766925958,4.710568450508644,63.877824078969425,Cotton || Ammonium Sulfate
107,66,96,17.988299841754817,65.96808828046987,4.737235579204388,237.46334451216885,Rice || Urea
49,104,185,14.76670583547396,53.29029015537601,5.721303596133065,202.10934832558013,Cotton || Ammonium Sulfate
100,122,192,33.36556284162015,76.27460548731946,8.08628609987711,61.08791942366626,Sugarcane || Muriate of Potash
42,102,121,15.61319378905224,86.83728932057063,7.065572994893266,203.9392416337925,Wheat || DAP
15,35,138,31.429736496556277,52.93179132721206,7.5805251677156775,179.32462640232885,Cotton || Ammonium Sulfate
89,27,98,13.245760565746677,46.57904047634172,5.066208437908424,182.69202427481076,Rice || Urea
101,105,75,36.661528515361795,41.970834455245345,7.8365017329889834,109.80734443112765,Maize || NPK 15-15-15
106,95,167,30.49016227572192,71.97524243424874,4.532584992776941,103.95932800308287,Sugarcane || Muriate of Potash
68,47,140,12.176710263238906,61.63135946843416,5.352229402932025,223.0084268929648,Sugarcane || Muriate of Potash
68,90,131,31.860269005205563,46.28094303177734,6.964369284599973,101.63523544413738,Cotton || Ammonium Sulfate
57,96,158,25.366129939920818,74.18820399751132,6.000985634376201,147.10294043437568,Sugarcane || Muriate of Potash
22,97,93,32.263494428713116,43.908990980317064,8.436773566874255,206.74935966370833,Maize || NPK 15-15-15
116,59,186,25.5849170311553,68.25804235087716,4.621356987273273,59.10790031858507,Sugarcane || Muriate of Potash
54,17,125,28.666646298519222,66.62890289751587,8.494392671746173,182.69161182679773,Sugarcane || Muriate of Potash
98,50,199,32.444623040271054,79.05366807116499,6.994511331445264,181.45032943554816,Rice || Urea
109,15,125,22.532809419284273,38.30657839644,6.734827978384386,204.21489061312613,Rice || Urea
16,78,47,12.070411895331754,88.27237591107982,4.7380497702558975,128.78274287335807,Maize || NPK 15-15-15
54,53,152,34.098608894574895,77.17950356880917,5.593315506663563,147.75514577532152,Sugarcane || Muriate of Potash
67,73,119,21.90314942824123,47.967559900925735,8.198650753166383,119.19263534672648,Wheat || DAP
40,38,189,24.89711087643116,46.004320916584376,5.916984012756977,233.96037932530618,Cotton || Ammonium Sulfate
32,37,216,12.201932696003187,60.899612848627,7.146612801869004,71.3465824086718,Wheat || DAP
116,20,55,24.794392269102545,84.05391977267581,8.497985401674887,271.1089488580792,Rice || Urea
48,74,34,37.64867244086497,85.57699958834642,5.552278855334165,192.36067743501218,Maize || NPK 15-15-15
91,116,30,19.234959181288012,66.22736552836298,6.804323516057975,252.8576138541222,Rice || Urea
109,28,130,22.28087502630183,86.64865176120425,7.285751170808853,142.29554998354342,Sugarcane || Muriate of Potash
11,18,131,29.866939908185593,35.32662255150144,5.15850898626166,119.7469768940792,Cotton || Ammonium Sulfate
86,36,142,33.18463535561513,37.1104778918958,5.094690254784728,256.174194429756,Rice || Urea
21,43,79,22.852182224158607,89.70929561820456,6.325231646632693,63.729526930312666,Cotton || Ammonium Sulfate
48,53,122,20.051390630433605,81.51991579315496,6.0432500870371575,68.10573556126667,Sugarcane || Muriate of Potash
22,77,116,36.38347079961174,62.04236349502314,7.356861747429255,111.84322635632256,Cotton || Ammonium Sulfate
55,109,121,29.6057691334634,80.21660788867922,4.778035085794345,270.34599562391645,Sugarcane || Muriate of Potash
122,91,117,15.094553916821667,92.3383677034053,8.388666494962761,191.93646636762568,Rice || Urea
26,24,56,13.792124831500864,81.3253714328771,4.557107926743329,173.00648718769557,Cotton || Ammonium Sulfate
113,60,205,24.572296120549595,85.54228002909932,6.905267297344604,209.28552072530096,Rice || Urea
107,22,100,17.722341717229085,80.63639488340371,6.750530383469553,140.19389345875987,Wheat || DAP
97,92,27,18.60360358778259,45.0926655460125,5.038862923478903,221.9376403409918,Rice || Urea
118,58,158,34.81999664952406,85.01444657874421,5.103663930854119,134.37536751349063,Sugarcane || Muriate of Potash
79,79,113,14.328716632224078,46.706529201452604,7.670709951178507,238.32716436555148,Wheat || DAP
83,121,160,30.599466995951133,88.55667968264882,8.050249833650732,104.15081969836109,Sugarcane || Muriate of Potash
72,65,201,19.04969858789529,62.51899388486456,5.632067863535078,106.61119823152582,Sugarcane || Muriate of Potash
69,85,204,31.76853375650758,75.6186051386617,6.251855855850273,165.37199330241646,Sugarcane || Muriate of Potash
88,60,49,30.78269599605216,64.8344508728386,5.919980164153414,143.38267800681643,Cotton || Ammonium Sulfate
46,46,147,12.192189437551619,40.63945576499612,4.790188051946608,195.54780262832688,Cotton || Ammonium Sulfate
31,26,98,25.237520735961578,52.4433384572399,7.192816984063238,127.42978112165895,Cotton || Ammonium Sulfate
105,67,189,15.622306541829206,94.02391123982036,7.8007717392227605,95.33215577688804,Wheat || DAP
77,96,209,34.5219027950456,92.64288510018903,5.719517429564828,152.75405509189625,Sugarcane || Muriate of Potash
26,99,212,34.66123295442257,54.22921385933284,8.460703174522873,174.62955987931508,Cotton || Ammonium Sulfate
21,38,70,22.87699099483771,94.77780825471355,4.80340622912942,74.2240129191257,Cotton || Ammonium Sulfate
127,42,201,23.554286079728094,85.73307172981399,7.147162855258084,173.6124701759597,Sugarcane || Muriate of Potash
31,69,14,19.885356424517703,71.65756996593528,6.292912058104356,116.62160925949524,Maize || NPK 15-15-15
129,100,131,30.631763772960806,37.40747721566057,6.286407604426623,134.18845236844192,Cotton || Ammonium Sulfate
59,98,190,21.325195438687935,89.08680977230277,6.330582464134161,107.0363509751875,Sugarcane || Muriate of Potash
23,129,64,18.962604337588477,68.44575675585918,5.534727095205714,263.53847867033437,Maize || NPK 15-15-15
38,64,46,23.238007547117213,87.10856907216618,7.362251309328929,204.00070750725132,Maize || NPK 15-15-15
134,19,65,14.378675478073927,85.06574719434454,7.3863061043401075,102.990474736164,Wheat || DAP
16,56,196,31.4116833207493,84.98037291206516,5.6295884404233085,194.80752029246804,Sugarcane || Muriate of Potash
38,32,111,12.32750643306646,76.8904316428943,7.841225843433801,243.6573782996911,Wheat || DAP
42,94,102,28.756611599535443,52.484908320562916,5.76737977460132,136.39124999986447,Cotton || Ammonium Sulfate
120,30,206,16.754477695626683,55.169615464671196,7.4003724959461685,239.18980219748374,Rice || Urea
88,116,82,18.04250520157474,53.50815275496118,4.983999070048266,77.05958664159817,Maize || NPK 15-15-15
67,22,68,28.526431964641038,36.20275997195388,5.174806571214983,237.46752756788032,Cotton || Ammonium Sulfate
35,110,11,37.816530110355586,69.95413455288868,5.763182578033005,169.67061824136792,Maize || NPK 15-15-15
38,42,202,32.22065471588632,76.93002022676197,6.875495070671446,93.51387712239571,Sugarcane || Muriate of Potash
13,33,113,17.871830437808192,86.23195961151221,7.082045941914798,137.71393229341874,Wheat || DAP
108,117,197,16.57664363106948,43.40992600296382,6.085424687869899,277.11831818718804,Rice || Urea
48,20,60,34.52205462695943,67.65098893860811,4.811356612442056,228.05344399418226,Cotton || Ammonium Sulfate
24,26,39,23.54878264595911,35.480488440426974,5.994538608370897,178.02072673242768,Cotton || Ammonium Sulfate
128,77,20,15.563372873532042,40.70561886264377,7.255070063836606,67.63933885708613,Maize || NPK 15-15-15
38,56,117,34.41749700637039,38.25270465235958,7.183981844521264,140.27477989636006,Cotton || Ammonium Sulfate
84,34,85,33.21840117577079,78.52868204092923,5.140785652821771,103.13236336286494,Cotton || Ammonium Sulfate
125,103,176,37.58156546132625,39.863573832656186,4.531135881075869,57.04025908129366,Cotton || Ammonium Sulfate
41,82,99,35.653335854529786,77.9871788935274,7.511926469184467,170.1290532926356,Maize || NPK 15-15-15
139,30,214,34.146548805174085,49.977482264635,4.925472665540974,253.40456796181027,Rice || Urea
93,93,132,13.366934343086083,87.66277764181638,4.829396575857142,202.14396836179003,Rice || Urea
31,92,209,14.714799606951068,83.78899930182885,4.510804867336654,99.92329311532268,Sugarcane || Muriate of Potash
36,92,200,26.793563051907192,92.46981304851658,6.230405303827709,177.6603056689094,Sugarcane || Muriate of Potash
90,21,201,25.818460403327343,88.02572092748191,6.513055603603258,266.37622800327256,Rice || Urea
135,46,198,23.907043576727922,90.99976514698083,7.050656184594363,213.49961270150447,Rice || Urea
101,51,134,22.31652246077919,86.52454379079848,5.684255362850344,205.47373585762335,Rice || Urea
30,26,191,23.21147260647255,76.60291403689132,7.341698865547119,272.35795989460394,Sugarcane || Muriate of Potash
56,110,131,26.801746287504677,45.21554912752616,5.177327429627766,231.72959468416596,Cotton || Ammonium Sulfate
110,127,103,12.05398945760211,51.302451131245576,7.82796021244139,72.78965034370052,Wheat || DAP
93,57,210,18.778428127454156,47.76361796781639,6.787393315561783,123.43242087428833,Wheat || DAP
15,112,112,25.475272737906486,71.21514725949234,6.835559293488194,271.63376817704466,Cotton || Ammonium Sulfate
10,37,195,30.777618565514803,65.21719627841608,5.3391016551164325,157.5292946075195,Sugarcane || Muriate of Potash
67,50,193,16.528074002280306,87.02479982950541,4.796434997201553,66.79298687708449,Sugarcane || Muriate of Potash
133,108,171,26.21891051847326,92.16037198994454,6.358899212322686,150.06517112136206,Sugarcane || Muriate of Potash
24,56,40,30.575951781030327,59.29159337708866,6.962447807689436,207.27837617699217,Cotton || Ammonium Sulfate
73,121,61,23.560319105761522,65.38103319684873,4.880185834646742,279.4115732034979,Maize || NPK 15-15-15
34,27,98,12.704109475421328,93.29098140824834,8.302137898112667,117.73727597516844,Wheat || DAP
33,87,85,23.680972120106553,51.574336497388614,8.421657440931227,163.3808499710257,Maize || NPK 15-15-15
21,108,138,19.70756708134798,82.54344652152882,6.681826781569968,251.12336911595054,Wheat || DAP
27,117,192,36.170889800234534,48.514394140114774,8.300276621093625,125.26413233376005,Cotton || Ammonium Sulfate
24,114,31,15.239948027636512,75.88760692551631,5.217780950323412,66.22277358180574,Maize || NPK 15-15-15
36,80,49,28.964374843188036,50.21693765831385,4.6016827407181,267.7446100003609,Maize || NPK 15-15-15
81,114,110,13.37071392469703,88.02400332988321,4.657638141161559,157.22579361124002,Cotton || Ammonium Sulfate
69,22,120,23.600431383130108,68.68867662420061,6.850049917707116,160.6680905852732,Cotton || Ammonium Sulfate
102,91,138,26.403466667722096,46.15601845246307,4.746567533747294,189.0880347050037,Rice || Urea
62,110,74,19.7468282142385,48.46215054190916,8.334182427296348,40.848789688773905,Maize || NPK 15-15-15
17,22,200,23.831966523529996,64.63095174248602,5.067732843037595,263.47148213652383,Sugarcane || Muriate of Potash
88,109,191,16.252398657784873,92.69612153449273,5.718891224211914,126.74826034589,Sugarcane || Muriate of Potash
36,40,179,19.90722008616894,81.17852983301927,7.790071207993394,135.2636469722437,Wheat || DAP
59,11,158,28.14876444766528,64.2985785695507,5.374961292416373,81.7862194079764,Sugarcane || Muriate of Potash
102,25,88,19.846801452390032,55.26314867373303,5.471873833818282,130.75638719019065,Cotton || Ammonium Sulfate
33,18,218,35.39332003863066,67.95610960090656,7.069235823164073,232.9464473862525,Sugarcane || Muriate of Potash
69,82,31,28.338580898665732,79.90165000571719,5.60434435395705,231.99800141332835,Maize || NPK 15-15-15
131,47,175,23.404874479335597,82.035715307168,5.369790536030801,264.5912418149087,Rice || Urea
55,84,108,13.007680324408744,54.47652788581668,5.51671085722263,136.775073443391,Cotton || Ammonium Sulfate
24,63,217,24.98825671532145,78.26955609283263,6.462589997362907,210.09316089966023,Sugarcane || Muriate of Potash
26,65,17,31.88418229525232,74.46732680217116,8.364399490925928,161.73701324981369,Maize || NPK 15-15-15
135,95,199,18.904497548322755,92.54673751977764,7.828951766244913,232.96546948459144,Rice || Urea
93,106,184,32.976112810867946,90.86541743048089,5.6384410582407085,211.01008219191925,Rice || Urea
18,109,26,18.546975917322918,82.36275953621463,5.9534928339923905,128.29670206870617,Maize || NPK 15-15-15
72,118,26,33.41740608672082,78.4036813312957,6.35804900201631,120.8017202208862,Maize || NPK 15-15-15
126,96,99,14.216976881903612,51.44249538225655,8.41571858806796,100.58619112671222,Maize || NPK 15-15-15
139,54,150,34.520776430594765,85.757915365912,5.189561873342862,178.36378971727305,Sugarcane || Muriate of Potash
97,118,154,24.978847724266593,60.65034222280197,5.929932413967531,271.3222843825263,Rice || Urea
81,43,175,19.70997733012681,51.33443255036268,7.41770437593086,88.01601702821584,Wheat || DAP
73,18,90,18.892944510793868,58.04964547720775,8.355774937075774,62.86058917703805,Wheat || DAP
81,97,87,23.23227453218943,85.15612940099047,5.122700851056951,68.65615409831527,Maize || NPK 15-15-15
30,17,182,37.975286950694766,43.9179929346731,5.409519816777383,227.943682300036,Cotton || Ammonium Sulfate
27,16,15,17.728512229377145,62.36952446718935,5.402778697561721,124.02515302829529,Cotton || Ammonium Sulfate
73,45,172,14.683632870853991,64.54145567176938,4.583728117968294,93.84803864617112,Sugarcane || Muriate of Potash
91,27,119,27.21091438668521,37.197781855929165,6.916462499923798,124.68258840964,Cotton || Ammonium Sulfate
119,12,23,24.702104127446685,46.744761772889916,7.182812296583576,194.8793950790852,Rice || Urea
104,37,81,25.62910304764599,84.60454571455139,6.910103560501014,171.2289099587881,Cotton || Ammonium Sulfate
41,79,198,29.340320856487644,84.84604331568563,4.785291957651257,218.46145756509424,Sugarcane || Muriate of Potash
20,117,152,18.945745816636883,52.544905033054874,4.776920502982527,121.37779563562631,Cotton || Ammonium Sulfate
54,53,63,35.6772898799811,87.49383407587558,5.3415462179764965,148.4868576315245,Cotton || Ammonium Sulfate
42,30,36,23.32747371917955,81.30697634410086,5.661178062795658,64.47240855110164,Cotton || Ammonium Sulfate
111,37,22,15.356241073704005,60.07444902772457,7.6461746236401895,57.534075047867546,Wheat || DAP
20,113,168,31.299767675082553,79.90438066430227,5.137561062995685,150.9412582825841,Sugarcane || Muriate of Potash
97,63,172,28.72071316806411,92.68007787168838,4.6763688655901285,112.38318578702165,Sugarcane || Muriate of Potash
50,63,69,20.209328464584964,62.53818308392093,6.075950030852221,187.0721373126714,Maize || NPK 15-15-15
85,74,15,28.15948682488526,49.305630737209015,6.165568680567681,50.32051970669726,Maize || NPK 15-15-15
130,109,206,17.7164108655934,91.50899000300936,6.3036293527558165,69.22393062389571,Sugarcane || Muriate of Potash
55,30,67,23.56582334285377,71.22465731379539,7.807614176107874,247.64579466553485,Cotton || Ammonium Sulfate
89,116,58,35.384725576350455,41.31590974882552,4.892021659483767,175.91478916458507,Maize || NPK 15-15-15
63,108,160,15.471890062179485,69.36096895140136,7.315768329687849,210.89308808589453,Wheat || DAP
95,22,171,22.054107699674013,65.03485336689792,5.851782284181163,242.07330848975096,Rice || Urea
101,66,35,33.34970304272903,86.3353336445338,5.73992054574188,151.32024230801252,Maize || NPK 15-15-15
106,58,56,37.20676338456063,66.84171138581128,8.23017250434392,222.65449215219428,Rice || Urea
11,127,14,23.802079546966695,50.313946060657,5.493874097666968,165.90053897764585,Maize || NPK 15-15-15
42,63,29,25.181990123727033,75.53864383189331,7.070127341357465,93.45970486568893,Maize || NPK 15-15-15
86,19,143,26.87647100637801,67.55452715213481,5.600511029504368,121.03748051222549,Sugarcane || Muriate of Potash
125,62,207,36.24105168247648,48.982677696012345,6.5285755305615405,157.6841058533586,Cotton || Ammonium Sulfate
112,53,68,34.31337656540278,69.41767147657447,7.645171570385111,116.05253252134499,Cotton || Ammonium Sulfate
112,56,201,16.435629240162754,84.29213467338117,8.026890094065042,120.52664592397561,Wheat || DAP
99,62,155,23.35570326402395,36.714255063440625,7.854788961180201,120.97427949970394,Cotton || Ammonium Sulfate
131,83,141,24.064011133107083,72.85106231870671,6.828722944578559,69.481594925705,Sugarcane || Muriate of Potash
115,55,26,32.516498902867674,55.97511174706352,5.4952652613528885,60.31422573094033,Cotton || Ammonium Sulfate
128,22,23,27.675214947741317,52.56028674556545,7.144933533047463,51.15904952591304,Cotton || Ammonium Sulfate
58,46,215,29.009732012754338,58.55526502166668,7.3396201831184325,66.62950264824082,Cotton || Ammonium Sulfate
113,111,22,37.95319759930606,55.521359854878895,4.542767960454006,122.48970211254831,Maize || NPK 15-15-15
70,33,144,13.94896113022034,84.93434640250649,6.256842043727499,182.52923338793371,Sugarcane || Muriate of Potash
132,11,137,17.798255411877058,51.487868646074034,7.873048171287057,85.15526253025814,Wheat || DAP
18,95,53,22.605294371660218,78.98918138639513,6.4583503849721895,253.1221230406331,Maize || NPK 15-15-15
15,90,128,21.042342479271067,40.64358921371532,5.745501768653284,234.01178349746786,Cotton || Ammonium Sulfate
82,109,152,12.562784595021574,92.08378234906493,7.987191084098651,164.92650707419926,Wheat || DAP
112,23,28,14.386217768250571,72.3389982349131,5.123522790119223,213.81035939520638,Rice || Urea
50,19,72,29.70478557649298,77.4031146226736,5.325780929664802,127.91884592770202,Cotton || Ammonium Sulfate
123,44,172,34.86243604742658,52.88235992566706,7.249489467744533,48.82667025594158,Cotton || Ammonium Sulfate
17,34,90,25.36990229291542,59.725794122486874,5.9097437661063,257.03988340780955,Cotton || Ammonium Sulfate
81,12,172,26.018968067354457,48.42670317625857,7.352067342935116,70.67043718187728,Cotton || Ammonium Sulfate
101,120,156,18.632429253641863,90.95216514813343,5.130814485037968,267.50496313111637,Rice || Urea
71,111,157,31.964785454476495,64.28626682608265,5.509076358403384,177.2518211838664,Sugarcane || Muriate of Potash
93,26,109,31.546659271548666,72.82688693947941,5.126589513454534,113.33513464514319,Cotton || Ammonium Sulfate
71,21,172,27.297507919659072,79.05632183184292,8.311641254254038,158.92590959484272,Sugarcane || Muriate of Potash
120,63,169,17.529271449294914,57.26636546597234,6.1216158434036965,160.3911541415426,Cotton || Ammonium Sulfate
136,125,131,14.522473674164326,78.20609927234847,5.848879639640904,45.58889906621965,Sugarcane || Muriate of Potash
16,33,185,13.670202972285272,75.55954938538042,4.556808624683059,125.31036445219327,Sugarcane || Muriate of Potash
93,38,53,27.410097732714824,77.3395600324368,5.11367031764355,217.56779189030019,Rice || Urea
67,52,113,33.4509182977128,64.35379401227678,6.184543424969998,162.41660534816992,Cotton || Ammonium Sulfate
31,34,161,34.31659122630404,57.97624293749703,4.774011170287576,98.6152280823002,Cotton || Ammonium Sulfate
136,109,70,24.054173932929693,48.32493129253939,6.542957318024868,120.42636640886656,Maize || NPK 15-15-15
12,69,134,32.39105378197464,84.47758116805358,6.320061753857791,247.1330543478278,Sugarcane || Muriate of Potash
136,99,154,36.618885104866614,71.50100279190072,7.568672561377408,166.1319208360551,Sugarcane || Muriate of Potash
50,111,80,19.15442292468977,61.6611317658497,7.139210805601266,166.80450941229662,Maize || NPK 15-15-15
115,74,116,22.346969005899687,91.63975440263668,6.283789221282295,270.7521901722424,Rice || Urea
23,93,59,36.2184538075137,37.87032875042233,5.398642800420285,117.0115357687944,Maize || NPK 15-15-15
21,128,74,20.794005150249404,86.01031671230285,7.407454264071225,155.0898700254948,Maize || NPK 15-15-15
96,37,108,35.7607835483667,94.85495557675834,7.331448413816817,234.81126345300015,Rice || Urea
21,25,41,37.50716641861611,88.21652665297205,5.113184642061549,222.13893973288714,Cotton || Ammonium Sulfate
34,56,173,29.20707894293504,83.62619513693753,8.15900732570161,103.79186126288141,Sugarcane || Muriate of Potash
54,90,150,33.23914752710837,57.45835960437948,4.757620464060173,76.2618514252926,Cotton || Ammonium Sulfate
131,113,207,31.488184669748215,48.87885093573761,4.720150835570864,208.16909828496838,Rice || Urea
64,101,67,30.187890698003617,79.09103122997607,5.249401670649708,101.83748243372675,Maize || NPK 15-15-15
109,67,137,19.980207897512045,53.27452197731411,8.137843192195085,261.44219884581787,Rice || Urea
128,85,151,13.484452785606537,45.56238092929824,6.579992496147687,71.01944655741426,Wheat || DAP
62,36,174,20.919345045510916,82.19155322621548,7.6517636826916,116.39564803234637,Wheat || DAP
41,127,121,29.340335615301573,53.75261913420333,5.4113727523060025,53.14893926197931,Cotton || Ammonium Sulfate
60,62,216,14.665759153922835,89.8665037692403,6.460887898614963,208.79327364721075,Sugarcane || Muriate of Potash
53,51,77,12.309867557434295,85.43795868914751,5.933157854495529,253.90303573969558,Cotton || Ammonium Sulfate
91,68,49,15.632001687676405,85.85841977055532,7.811314428264771,192.6098865594417,Rice || Urea
46,56,196,30.60913408668068,81.29418356334958,4.5904177574369065,265.06072372275605,Sugarcane || Muriate of Potash
105,103,217,37.29263624306755,87.85288542648419,5.475370919864421,70.84095484029032,Sugarcane || Muriate of Potash
65,114,153,37.55968218998533,83.3448135306872,5.1102968972095155,61.05614254304774,Sugarcane || Muriate of Potash
114,43,199,24.843457877644887,71.15068181448372,7.936756154886277,241.219055480169,Rice || Urea
68,46,141,34.60315982580103,52.74936311491179,6.3701753987750624,245.32268209276185,Cotton || Ammonium Sulfate
44,15,182,31.157487849539105,88.29255159284895,6.116880175572865,239.44948650571075,Sugarcane || Muriate of Potash
102,16,99,25.02704616159969,85.43621736639152,6.297931048404319,231.75157660809896,Rice || Urea
106,105,37,26.891773856832256,63.372759332632704,8.387698202809341,126.93480734527844,Maize || NPK 15-15-15
85,105,105,15.567905812038648,37.34472116011731,7.901069577343696,92.19090006193306,Wheat || DAP
58,126,203,36.37919797603139,73.31262364411481,7.32547508740123,262.9129647994696,Sugarcane || Muriate of Potash
103,34,40,21.150174039026197,38.0358112205949,5.6619158368930185,113.68004388360015,Cotton || Ammonium Sulfate
33,42,12,23.59988066788641,90.57679771090443,5.160691998073791,135.61784371936773,Cotton || Ammonium Sulfate
46,64,145,29.463166005945368,92.69787539751843,8.185734516097813,207.89415026839197,Sugarcane || Muriate of Potash
13,67,33,20.6814642596904,46.36940875397625,6.1923020911859314,110.40545919855703,Maize || NPK 15-15-15
117,16,24,18.610738185712194,75.5833626832946,5.615023197874517,236.5912531746403,Rice || Urea
135,125,180,28.407284225025734,40.53614027376577,6.383683305670542,56.8083096716275,Cotton || Ammonium Sulfate
29,66,168,12.649586139328086,78.77101571438732,8.171389691281409,229.88384017334428,Wheat || DAP
59,21,210,30.738852912693652,55.83725996916047,6.048269253565173,184.444317428273,Cotton || Ammonium Sulfate
105,25,54,25.364607616789254,75.86300670382671,6.750563988992398,177.5184745872623,Cotton || Ammonium Sulfate
114,89,203,27.749596993544294,57.372590552130674,7.711865204434267,150.01048939327856,Cotton || Ammonium Sulfate
126,52,17,28.42888414041901,43.73405058999414,6.208530124193565,106.49094310802138,Cotton || Ammonium Sulfate
107,126,80,25.703304068806656,59.36659883015347,5.434167207705473,151.37686850349678,Maize || NPK 15-15-15
75,109,117,27.145878213459135,41.7604115980874,8.478102993532133,148.00684288448497,Cotton || Ammonium Sulfate
88,86,124,29.77849322313674,69.61299649861675,8.326283429808639,180.1010053079368,Rice || Urea
15,16,112,31.58109002667153,37.45709192896879,7.873916676502056,107.57782860532726,Cotton || Ammonium Sulfate
48,109,134,30.91376217343913,66.63918077599158,7.253495517543691,58.62293967427576,Sugarcane || Muriate of Potash
124,120,66,34.610027901038805,88.18211882573246,5.679462512278787,74.82146719339318,Maize || NPK 15-15-15
134,60,217,16.92552926235247,85.27239620716176,8.153651752656128,207.80258355077748,Rice || Urea
21,82,39,22.429847206786736,87.9669019775898,5.602226680484915,45.39815911252972,Maize || NPK 15-15-15
27,41,211,36.642697716375885,90.32292812762643,7.70323797870733,245.5463307149032,Sugarcane || Muriate of Potash
49,84,155,22.311354934044573,41.271673272541655,8.173032671765226,206.6553585951792,Cotton || Ammonium Sulfate
30,17,123,15.24662199955399,42.72483217254278,6.9120153617196465,224.3407699138519,Wheat || DAP
108,106,206,25.66157328541667,68.42040837878771,7.7122248715647155,240.63626778243395,Rice || Urea
35,96,126,14.846765286416016,88.63836010546575,7.6667803968069865,69.45050654324348,Wheat || DAP
17,98,176,17.274184206924495,93.46096739144184,5.2726310044839195,237.3882618328159,Sugarcane || Muriate of Potash
109,129,69,37.95628767084487,37.775715040399994,7.171697894384339,161.11418503817353,Maize || NPK 15-15-15
96,81,107,26.075428598299432,56.34644505203961,4.873871747617774,252.5257213007673,Rice || Urea
51,54,180,19.385518115051156,47.77365527959961,6.531400572549925,252.78078425448243,Wheat || DAP
23,95,135,37.86414881892156,80.35795093587488,5.14894219256231,45.80273050100085,Sugarcane || Muriate of Potash
87,68,182,37.13053188243372,73.41163211222192,6.165397995185726,131.88765171604933,Sugarcane || Muriate of Potash
11,13,160,23.45921506819085,42.19328188903073,7.83192829879375,166.33571100766562,Cotton || Ammonium Sulfate
128,113,206,18.770480828485617,64.01132404189829,8.448671358520818,202.80642154789646,Rice || Urea
46,76,103,33.798390590396934,76.12643134227748,5.771839326638471,108.68469920419214,Cotton || Ammonium Sulfate
78,38,143,30.60613864126643,81.74032363544225,6.6278227951327064,100.51414255951656,Sugarcane || Muriate of Potash
50,114,193,29.86047731009127,36.20316258704051,6.545192097481954,131.50377258137135,Cotton || Ammonium Sulfate
71,38,131,35.22095727438429,88.4281744390334,8.317606039324264,160.22528601997467,Sugarcane || Muriate of Potash
69,107,117,29.92484548065444,69.15688297703147,6.414334929731094,268.2750955372992,Cotton || Ammonium Sulfate
134,107,13,19.378746519080277,83.71454689759429,7.296424821598791,222.906032007385,Rice || Urea
120,37,102,30.04044220876904,83.47628180085701,8.187156932434105,143.03708006504928,Cotton || Ammonium Sulfate
23,86,160,19.95115129337526,46.39115961625815,5.993514238147361,53.0478828256441,Cotton || Ammonium Sulfate
93,88,15,31.740213471081873,41.610327215217985,8.108488952981551,80.44494211450225,Maize || NPK 15-15-15
139,96,41,28.113444216780717,78.2772361384296,8.169824887564054,149.42186183666007,Maize || NPK 15-15-15
79,53,115,14.012700351603515,44.38561512929714,8.222650015868522,235.31821602368902,Wheat || DAP
132,99,155,25.333719423313696,85.99624948428342,5.581784741885706,131.36692856256255,Sugarcane || Muriate of Potash
98,13,24,20.925825199089264,78.5713690317263,6.1014223770798335,169.23919617881432,Cotton || Ammonium Sulfate
37,99,177,20.54283645103965,85.50952186191574,7.981583632902808,254.0331726604245,Wheat || DAP
75,113,131,27.65866386180869,52.940760776560765,5.9366472971216755,259.31110226239093,Cotton || Ammonium Sulfate
14,18,105,20.380445436205047,53.995883624634146,6.901012131734021,91.78599914624544,Wheat || DAP
54,128,210,32.19923745332669,75.27329338077905,4.972218029040208,50.46278123022265,Sugarcane || Muriate of Potash
56,14,211,13.840577336290535,36.886757303536854,4.725099952444963,113.29852743316358,Cotton || Ammonium Sulfate
40,65,15,29.17009456229146,78.58980478024536,6.14797595796869,206.99255555818723,Maize || NPK 15-15-15
19,105,121,33.03906489507527,85.14698425127608,6.81566613037087,268.2669282343039,Sugarcane || Muriate of Potash
127,93,129,29.493623937931183,59.90981519624624,6.070796453435765,58.48767999618734,Cotton || Ammonium Sulfate
23,59,132,24.92795907051989,80.89272980530812,6.8109430806433675,46.83611453182516,Sugarcane || Muriate of Potash
89,84,200,36.70798235714071,45.476655018935716,6.560337504687141,252.19533111657324,Rice || Urea
102,24,76,19.798400734749652,54.33562362916908,7.242828917144303,219.5548645847539,Rice || Urea
19,41,115,12.498365075649422,93.45829778662865,7.098129724261559,278.1396589973381,Wheat || DAP
85,37,148,23.23172365804946,94.17969041360757,6.19698281282632,135.23029155175675,Sugarcane || Muriate of Potash
103,31,52,12.85831033340851,65.75630318129528,6.199980961679453,139.85221723282464,Cotton || Ammonium Sulfate
114,114,154,36.802355565686625,91.05618748783262,5.063113360048928,81.3548409513879,Sugarcane || Muriate of Potash
10,26,105,17.45786918944934,66.36384068341127,6.552954288385837,67.80331662336124,Wheat || DAP
29,68,141,32.51210262267087,52.49528768966944,6.8487165125427865,178.8923225416571,Cotton || Ammonium Sulfate
17,99,200,32.13887416253348,51.01395728592631,6.405957589415305,127.42840031075981,Cotton || Ammonium Sulfate
10,117,205,17.66095139175627,90.77034232208894,5.802829340347996,59.27594750685881,Sugarcane || Muriate of Potash
66,80,90,28.15188979248435,45.34678333843155,7.386594177006943,252.87689668559676,Maize || NPK 15-15-15
73,115,50,13.250053180647706,69.77794749210909,4.798646578580897,87.60555237983993,Maize || NPK 15-15-15
127,66,142,24.572939228300555,68.33150408376318,8.15776147901619,219.66024328084788,Rice || Urea
37,35,169,12.380825309084655,79.37730107917969,4.582573758183173,107.73486306834667,Sugarcane || Muriate of Potash
130,34,207,35.94974088470189,64.95457445148648,8.349400533753112,235.09715938067177,Rice || Urea
116,19,44,37.37823662918886,51.337139642488054,6.34942240373865,68.41524194263698,Cotton || Ammonium Sulfate
58,54,31,17.779351932603216,45.16378997789471,6.150679776014165,221.45718645322276,Cotton || Ammonium Sulfate
129,92,202,17.410756899505692,72.24912821035352,5.5257760698527525,63.54852973612299,Sugarcane || Muriate of Potash
53,20,159,31.59672459061537,78.13944541119399,4.540284539329132,147.2597890856664,Sugarcane || Muriate of Potash
65,86,121,18.587864369562695,69.17127672092195,5.5991610576871995,216.1610441439051,Sugarcane || Muriate of Potash
120,62,20,35.27199053820797,79.30107662727168,4.937599701841336,81.57241148485613,Maize || NPK 15-15-15
117,81,214,26.92215753919754,43.49127214699761,7.139283370773579,108.55959732321351,Cotton || Ammonium Sulfate
123,113,12,21.120218198268116,87.94821169658813,5.776299889282905,247.54407810212743,Rice || Urea
87,77,146,33.65003740508492,69.94373050451019,7.568717313614647,252.42863701783503,Rice || Urea
139,120,69,24.828574210748275,42.61063561355583,5.327664749384468,50.7845085886543,Maize || NPK 15-15-15
46,104,85,35.70245575642036,62.7155122523441,8.100939429728438,80.34174048471407,Maize || NPK 15-15-15
29,37,96,36.1283701549639,85.68750427195468,6.59192606042333,68.19326566548617,Cotton || Ammonium Sulfate
35,84,23,16.300923955338643,88.85373160718962,4.958024785875926,83.12634271631272,Maize || NPK 15-15-15
38,116,27,12.060408559430186,50.87897029992569,6.103380942613915,272.8450538335054,Maize || NPK 15-15-15
10,74,122,37.58220444370246,77.67594948262717,5.327042096279047,172.39725970970954,Sugarcane || Muriate of Potash
128,58,82,35.55957593931446,40.9991148490266,5.298741704672716,152.34697370918244,Cotton || Ammonium Sulfate
44,56,32,13.441576128299877,37.012752284729466,6.525478950608836,276.27216954222786,Wheat || DAP
68,61,211,33.658890862467814,68.62393722919657,7.18756806254549,173.6694711665765,Sugarcane || Muriate of Potash
78,111,92,23.90292824653937,76.68965475968756,8.146472822013713,198.6683025629259,Maize || NPK 15-15-15
21,97,134,18.733001730649356,82.74720387059011,6.508648043054613,119.86493105180325,Wheat || DAP
29,63,184,34.84740961560018,55.412974307320084,8.36335510023332,131.70756748228445,Cotton || Ammonium Sulfate
52,69,78,17.11334804214799,35.39152462573322,8.266539408293475,182.65825211417754,Maize || NPK 15-15-15
135,66,56,36.62979998492174,63.77115422668123,7.960250119937442,56.74858816011154,Maize || NPK 15-15-15
59,56,125,17.346158680182867,35.95121272241402,6.499909059849674,101.41189265074604,Cotton || Ammonium Sulfate
38,40,39,27.955762880947333,40.519070640247996,5.063615774751934,87.2348198704737,Cotton || Ammonium Sulfate
48,114,34,17.800244697753346,54.60134135190491,5.37161787926154,43.81441435360087,Maize || NPK 15-15-15
47,55,165,26.187385289184505,61.23032297361063,7.090680010847903,168.85630492490125,Sugarcane || Muriate of Potash
93,123,121,29.783353377793674,51.76816647377891,6.187019921136784,174.65268148573097,Cotton || Ammonium Sulfate
137,35,34,16.945926201323577,69.91191599028247,5.087206527015986,132.14541352894213,Cotton || Ammonium Sulfate
135,122,83,25.54303035021766,38.32098735308571,6.415975734557241,104.49459267154981,Maize || NPK 15-15-15
54,123,215,24.195553354143094,43.67478261437508,4.569722182008183,196.49437023870996,Cotton || Ammonium Sulfate
61,14,67,13.846972956486873,76.71550404532601,7.435581483598373,72.31819873226965,Wheat || DAP
89,93,103,33.276003259557875,43.528451215875066,4.794325177958763,164.4676075924802,Cotton || Ammonium Sulfate
133,61,128,20.727742416713884,73.38651209422534,7.016454479648476,224.33775659454878,Rice || Urea
128,114,136,26.93913713634887,38.281077245201935,7.672041230502398,79.43151614859335,Cotton || Ammonium Sulfate
17,84,178,25.384390108261496,59.44293674714842,5.030575497815862,220.7822892629965,Cotton || Ammonium Sulfate
94,129,34,25.344773118831498,45.64456820727094,6.57455476266405,222.59068219681552,Rice || Urea
138,63,87,14.787782249420673,41.578176952111185,7.6162700574378785,54.382395575309175,Maize || NPK 15-15-15
17,42,108,23.010532240482654,69.02196701007365,5.542533819028005,44.50823826092364,Cotton || Ammonium Sulfate
105,59,125,23.761535739370828,90.70014632033731,5.151666372006476,273.74449743716673,Rice || Urea
111,47,57,31.07471384947566,38.28722287541293,5.847276443869827,86.41183827971798,Cotton || Ammonium Sulfate
14,36,19,33.84048962993816,60.29325489308205,6.718796706333263,237.31341018402472,Cotton || Ammonium Sulfate
95,107,108,26.169539230600467,77.45212626472662,6.801118379419,174.84415673087165,Cotton || Ammonium Sulfate
43,24,212,14.256356805689752,62.76126990126962,5.023505333830748,103.47331780887924,Sugarcane || Muriate of Potash
64,105,20,18.158086235510204,83.38975676631472,6.330275390695887,71.19290478851502,Maize || NPK 15-15-15
128,70,94,16.288284698171008,45.7787189518479,5.573128782157951,159.2025456586546,Maize || NPK 15-15-15
123,30,158,15.239991642917243,92.57565230166443,7.8680968722598035,137.76515479106797,Wheat || DAP
35,55,182,21.513381764063,58.10975766635243,5.754300528256123,207.7326604280963,Cotton || Ammonium Sulfate
56,78,144,17.964231056013933,55.4941779766565,7.854818098135438,257.0004518914544,Wheat || DAP
122,15,218,17.67588090709932,87.47634767018995,6.2142584504071685,233.25954087122523,Rice || Urea
85,47,201,13.42202253898296,68.832021913506,7.406343063305814,105.86849204915485,Wheat || DAP
81,71,135,12.459421164681281,65.98666051416929,6.540240914176575,250.9439724285534,Rice || Urea
98,95,73,14.671974308894328,78.61867517170586,6.987850496523906,240.01391538510498,Rice || Urea
55,71,11,16.47713446501446,69.79005429686542,6.081426043445532,262.99269609322437,Maize || NPK 15-15-15
42,91,85,23.20557695005328,44.75093868542692,7.572827071229963,150.07859704911704,Maize || NPK 15-15-15
10,87,130,25.27352679376996,75.45185737189578,6.200757534294633,224.45804137825561,Sugarcane || Muriate of Potash
40,83,51,15.655389872507506,43.00813275692771,6.329846586343288,181.9979357256809,Maize || NPK 15-15-15
62,55,219,23.044366879628843,83.35146232004371,6.570714672923829,114.520660611876,Sugarcane || Muriate of Potash
57,22,63,20.88546990047411,94.38419586273625,7.827296473543933,278.66344061026325,Wheat || DAP
78,104,84,16.769014730946857,57.64325749848658,7.137515714405859,49.193792041518726,Maize || NPK 15-15-15
114,103,25,12.177859451857453,61.68535389212075,5.896641546262999,78.94541741417792,Maize || NPK 15-15-15
99,12,27,24.142464529565284,37.78601932896874,7.181278535926172,254.21016700765477,Rice || Urea
72,103,196,29.826945480895183,35.823991284954694,7.06970629203431,54.535082419032044,Cotton || Ammonium Sulfate
82,15,99,17.88321068773898,90.28516009257966,8.224077103518818,252.83696016244522,Rice || Urea
98,102,153,15.426977577313664,42.717443626351525,7.8656657441014,211.6531542539682,Rice || Urea
22,17,15,35.063111355621004,61.746724853568224,7.0897876950049925,48.804161294690154,Cotton || Ammonium Sulfate
82,53,194,19.150644084682742,83.92127743133369,5.866028442736175,143.0368102850024,Sugarcane || Muriate of Potash
86,118,117,17.813928114609283,88.35912559569917,7.618305795445078,221.0731540005369,Rice || Urea
77,116,184,34.28452042985781,66.16386111700805,6.800833172251204,179.94406831139193,Sugarcane || Muriate of Potash
107,117,57,33.244784578335796,68.901951498557,8.441079952403607,264.6091100714699,Rice || Urea
134,42,51,23.657008233640475,75.18103834779635,5.490024514279217,248.23456789887996,Rice || Urea
111,90,85,24.720210397122138,92.68294820862292,4.818623363723548,119.83543248019504,Maize || NPK 15-15-15
111,121,197,17.66146632568457,71.1601976566703,4.779567247551791,60.31052692482169,Sugarcane || Muriate of Potash
28,84,86,14.035843432468495,68.56851556738077,7.060121553406722,266.6216895149563,Maize || NPK 15-15-15
91,86,141,26.909227459247187,35.872048115959444,8.257040915646096,164.1488242643024,Cotton || Ammonium Sulfate
32,59,139,14.556967961345542,39.85698212134136,4.50772765716602,57.855429849267644,Cotton || Ammonium Sulfate
92,20,68,23.681138220872896,69.63029759743978,7.4030841878311096,235.97814720622708,Rice || Urea
118,104,164,36.45292716133828,91.1744232684322,7.128260730131782,248.44155296449387,Rice || Urea
84,37,36,36.773694118435195,87.0014809039637,7.429216768877863,193.46191364237703,Rice || Urea
138,117,88,18.222639450231323,93.95473537953228,5.921621627049342,147.40215176472157,Maize || NPK 15-15-15
97,79,81,28.226948921187013,66.67004225367644,7.78198577863142,198.92152295765746,Rice || Urea
63,50,16,24.3259828668043,82.27585630626601,4.678827725675448,209.60408696922966,Cotton || Ammonium Sulfate
98,25,200,34.767813317238755,85.42401988936044,7.52172440248811,254.3271899406323,Rice || Urea
74,77,120,19.057202471177384,73.88189943985171,5.5682877653963505,269.4068032899371,Cotton || Ammonium Sulfate
85,108,128,12.096262577642838,55.32499425287043,6.407351099432287,163.43702377381874,Cotton || Ammonium Sulfate
69,57,183,16.226591354216794,63.19870607946767,7.790545086228882,231.638688046375,Wheat || DAP
102,65,72,21.087592830404347,86.47502433461406,5.585436140764548,271.4822934379972,Rice || Urea
58,73,133,20.208749374032706,52.91287555892984,5.240830046575574,76.29840115527185,Cotton || Ammonium Sulfate
44,68,21,32.575435897195035,90.42458787599891,7.225252741391537,44.3843155863224,Maize || NPK 15-15-15
111,99,150,29.694577319609785,48.78838048535991,6.633579566027218,248.55130548359054,Rice || Urea
20,71,52,19.78846430998733,79.97098490940684,6.557615474984738,86.86559997931859,Maize || NPK 15-15-15
108,85,26,23.901339246321548,72.83355406074429,5.527078062151652,50.19490399163223,Maize || NPK 15-15-15
119,20,72,14.484536702916715,79.97596646724574,4.639521223280111,78.4230730377867,Cotton || Ammonium Sulfate
83,110,218,35.351807565322616,61.24085434595569,6.141076553326867,132.18757869850464,Sugarcane || Muriate of Potash
18,98,129,36.32104543566189,90.95846375323907,4.926237921871072,92.62376838221923,Sugarcane || Muriate of Potash
12,27,45,37.474891919904394,72.94833214468864,8.12395660259681,113.26087098410633,Cotton || Ammonium Sulfate
94,28,17,34.58237360043178,52.29774827325538,4.665001293886922,274.0705723432111,Rice || Urea
35,96,78,16.522983080101863,73.30730423912863,6.226603416737525,209.057330599018,Maize || NPK 15-15-15
81,64,99,13.20110856324235,52.20894483242187,4.708982334803311,210.92601478076895,Rice || Urea
57,111,217,27.069514912729524,52.61794350559245,4.882175498259065,62.72448993470148,Cotton || Ammonium Sulfate
126,127,45,35.72773069896087,58.975910697252075,7.135466667688088,215.703608757446,Rice || Urea
21,91,37,16.611135403153312,86.14582505414714,7.088445043896378,217.44263990927317,Maize || NPK 15-15-15
57,35,127,12.183115780227688,65.01787246363952,4.632208779517759,198.33880441759175,Sugarcane || Muriate of Potash
46,15,102,32.94289719683835,75.73405053381245,4.504525900483481,94.82471103949001,Cotton || Ammonium Sulfate
53,13,184,13.996687791455084,58.51806441646778,4.815272308971136,141.52868297972438,Cotton || Ammonium Sulfate
24,117,85,22.75635682966079,50.81632638841289,7.551995590847769,243.10634912071006,Maize || NPK 15-15-15
52,124,110,29.65107076690841,92.27840964297388,6.838305891006028,200.84839104175032,Cotton || Ammonium Sulfate
96,38,167,18.156737221860684,71.21487482738375,4.652472980753966,215.86452039997656,Rice || Urea
79,68,160,14.183026649614895,91.0370803149631,6.452388063491309,180.96985603019414,Sugarcane || Muriate of Potash
55,107,153,32.02055193985154,47.2047801318989,7.3481174282178054,147.90078378682682,Cotton || Ammonium Sulfate
117,26,23,28.384552207063077,43.813649834775966,7.975805578403225,222.17248241610596,Rice || Urea
132,116,211,37.700752596656926,86.34937442743421,8.236145962636042,56.30219544791319,Sugarcane || Muriate of Potash
30,52,80,20.95200886631894,75.85503275703509,5.809762251816267,201.5585758672634,Cotton || Ammonium Sulfate
116,126,189,13.605822043545192,46.19470995521848,5.043329713653063,279.329081884163,Rice || Urea
89,89,133,31.09310091871769,51.16158203981227,5.447703682925789,227.2460630723276,Rice || Urea
56,75,134,25.565068890184385,83.03983649151867,7.604685968160895,109.73524277858927,Sugarcane || Muriate of Potash
126,43,46,17.54330221611751,62.23211719975616,8.385936860169242,106.67667872929134,Wheat || DAP
133,128,38,32.324953714123744,75.23243039036545,6.365574469441523,200.13246654243014,Rice || Urea
34,17,204,17.297642632098537,54.10112132816065,5.7214128541911595,255.0050216820473,Cotton || Ammonium Sulfate
45,22,152,18.777203025656352,57.8737971664926,6.216762327840138,178.7079378034823,Cotton || Ammonium Sulfate
60,115,184,14.405742413534698,94.44275351738631,5.71925257858053,166.576548920814,Sugarcane || Muriate of Potash
24,17,183,22.385239254802215,49.85702523048311,5.525950092828618,78.49219212248113,Cotton || Ammonium Sulfate
77,103,189,22.892159822372893,65.38738262219084,6.875003009628719,211.709669286356,Sugarcane || Muriate of Potash
30,105,28,25.37860654905576,85.66414059143193,4.562943921494178,208.5516687130938,Maize || NPK 15-15-15
28,109,214,30.433070945218216,49.35339281995148,5.538208994659953,272.0683341601234,Cotton || Ammonium Sulfate
43,120,115,35.55862414569107,59.91282540105984,7.145528311379956,112.04612423335946,Cotton || Ammonium Sulfate
87,103,30,15.581086571083024,71.9054772421993,4.62825078522722,221.54691432820763,Rice || Urea
134,74,73,13.413050557065084,63.87128908850615,4.83280726603574,144.17566268743096,Maize || NPK 15-15-15
126,52,174,12.481812073452666,62.570135994219044,5.673584579143139,174.0334699878724,Sugarcane || Muriate of Potash
61,48,36,15.734155829789223,56.750583879327415,8.01121919443594,235.94892534413395,Wheat || DAP
36,90,64,29.106686630322272,70.19877966649551,7.559544640661185,93.27881080455414,Maize || NPK 15-15-15
44,68,38,30.914404027908912,72.46236187541662,4.588626517664974,122.28849748657959,Maize || NPK 15-15-15
115,93,157,32.44914855173118,74.19737245408176,6.5068512667539675,225.59408084742327,Rice || Urea
11,97,34,18.33641350951291,39.22208647436176,5.5987499759496675,176.90989966908663,Maize || NPK 15-15-15
86,123,79,19.953265144799516,72.86205054272293,7.094582636248251,62.18150005721685,Maize || NPK 15-15-15
99,95,72,24.561500784702986,92.19423072687397,7.386215530373844,143.24460802684314,Maize || NPK 15-15-15
98,102,173,13.64276051836589,67.45917413168502,7.9514503085171295,180.7919951135239,Rice || Urea
103,95,139,27.8896796034924,77.91602495055466,6.401664948416057,258.28415594681263,Rice || Urea
16,53,159,37.5771108755697,68.40393846555307,8.477800354182339,85.23713198527328,Sugarcane || Muriate of Potash
104,18,25,21.380964095828066,86.28443711551873,8.419944429148437,233.4287124105959,Rice || Urea
117,46,155,31.574034352375982,90.77498567585414,8.028666897884133,71.34987593838193,Sugarcane || Muriate of Potash
83,83,206,25.000881804809808,46.05319395778156,6.799477980632283,98.13655841819373,Cotton || Ammonium Sulfate
48,45,191,15.323107953369952,61.211602193427595,6.09202575001526,98.40253203762953,Sugarcane || Muriate of Potash
80,110,109,27.138173668867246,58.54292605596328,5.95754524055914,250.59500701811982,Cotton || Ammonium Sulfate
65,101,39,19.79673097954569,59.31290739795672,4.548499000350979,87.7642460835969,Maize || NPK 15-15-15
51,37,54,12.894483419789914,42.531450873672554,5.496697988969466,228.87057447649818,Cotton || Ammonium Sulfate
45,51,28,28.50817298306134,83.81694355884315,7.375232939796659,150.83356816470877,Cotton || Ammonium Sulfate
93,52,43,34.33224108244292,37.145974580896116,6.914528399572266,279.7817842713546,Rice || Urea
127,94,150,20.96401393939673,66.69359646362942,8.165688756670134,241.3819596765053,Rice || Urea
16,97,180,22.147684227532032,74.71270328268147,4.700089067666232,217.5287522674763,Sugarcane || Muriate of Potash
63,51,71,35.1665637571475,47.44816628353263,5.121106412709322,248.97431359652694,Cotton || Ammonium Sulfate
138,113,127,33.15382914755125,89.35101152592773,7.656975157408521,192.16729422520805,Rice || Urea
129,75,109,30.588773412346207,85.31295242148758,5.934030524781335,242.47654156683944,Rice || Urea
115,64,31,18.468723657581847,63.26502376903552,4.973381334871512,102.67044336674941,Maize || NPK 15-15-15
56,81,189,35.665633029132756,59.668935940408325,8.485802020400357,63.448770664257985,Cotton || Ammonium Sulfate
132,57,189,16.014809696019537,49.194075512666004,7.649001210677452,187.8236817008005,Rice || Urea
128,100,120,28.296033504847767,78.79959347869782,6.13496414703249,144.32569423926066,Cotton || Ammonium Sulfate
127,31,173,12.748830694209486,42.90462797791785,7.793389907784562,142.34579087018366,Wheat || DAP
30,110,82,28.73671496444859,75.81426523062697,7.222415480476613,166.4194845832111,Maize || NPK 15-15-15
35,36,156,19.205753148707355,85.5474191671048,7.659899038279333,126.73182677573021,Wheat || DAP
18,102,47,23.69160140677672,48.708294555021425,7.760825510262599,190.254287546279,Maize || NPK 15-15-15
24,76,79,20.97687835348338,86.98564417392538,4.838914733161271,47.33640816343118,Maize || NPK 15-15-15
19,117,125,16.491675662401455,36.99939196637051,6.991891550752383,272.77392205162323,Wheat || DAP
131,22,88,28.171500542440725,89.76724312319152,4.527142211907311,261.9301580909369,Rice || Urea
130,54,194,34.931364433655794,42.10173367107788,4.673824985204682,264.46483901966405,Rice || Urea
134,19,157,36.936190299342485,73.74555067628197,8.115920036223363,127.6008389400924,Sugarcane || Muriate of Potash
81,109,18,17.00100544200179,50.00494813483651,6.6102548854272225,167.65382983818395,Maize || NPK 15-15-15
58,18,41,30.651692125637307,85.19314347017684,7.443607943474099,268.9913447338181,Cotton || Ammonium Sulfate
100,63,141,29.27282353174774,65.73802165492799,7.854003961772584,256.56305354262076,Rice || Urea
46,129,59,20.927822528938886,43.11447147479008,8.298347070258341,229.65867421627536,Maize || NPK 15-15-15
77,128,91,12.496579183196872,69.25949427955871,7.9774113916911835,137.7595815634222,Maize || NPK 15-15-15
59,36,14,29.93457243013452,59.47295661181899,6.433245794789176,175.44141356372162,Cotton || Ammonium Sulfate
28,43,157,36.582866374547,74.68686899678607,5.8438812295220455,230.29899381199544,Sugarcane || Muriate of Potash
109,124,96,28.435123169806936,87.91419708580756,5.117972944824153,105.52287892960761,Maize || NPK 15-15-15
69,10,135,23.317610828878486,59.56334787100511,6.101285929949119,190.34784837474672,Cotton || Ammonium Sulfate
98,41,84,25.65400124690234,52.392840772031576,5.965974316644654,238.70423796444564,Rice || Urea
78,98,174,17.190348999157855,35.87090567165653,6.738299367823494,209.78915001589633,Wheat || DAP
58,102,31,31.514148257597178,69.4903422715925,7.162037635028854,155.07535148584017,Maize || NPK 15-15-15
117,80,195,31.406915580256076,59.136486045886016,8.41330190578019,180.306006293238,Rice || Urea
128,122,77,15.783449810073048,57.47895314088972,7.41354474440293,277.2821303549906,Rice || Urea
46,76,53,34.82743794499113,45.97611927705275,7.074994129771693,184.47707071533043,Maize || NPK 15-15-15
20,93,43,18.998933226305937,60.80332071147646,5.84036973707337,228.5482609644745,Maize || NPK 15-15-15
87,29,86,37.53865758435199,94.0665172150021,4.6380155059933035,214.38514345063902,Rice || Urea
86,126,51,21.955478364968393,52.86524922033466,5.652500515418767,208.35774772704718,Rice || Urea
11,103,146,16.62498552709699,70.98226480448602,7.5737916018384706,211.92857322737046,Wheat || DAP
73,44,115,21.14472289498696,81.58921287894,5.321087763215207,149.05834030755133,Cotton || Ammonium Sulfate
44,108,104,23.444688546127022,79.9494693905919,7.348752774696457,153.79844188435007,Cotton || Ammonium Sulfate
16,122,144,13.802002098995665,54.726457249555445,6.819119370277663,152.28705696658776,Wheat || DAP
94,112,77,27.033677911805526,71.65160501101101,5.18742747900186,47.98110573102594,Maize || NPK 15-15-15
76,100,156,27.538443436591407,87.27588111620943,5.54649922516732,97.85567927975762,Sugarcane || Muriate of Potash
51,99,168,31.212191839086277,35.92684566398468,6.485214413945906,77.09536159597187,Cotton || Ammonium Sulfate
127,87,137,12.758417199559325,61.144061410598454,6.17349882043139,252.74680273534176,Rice || Urea
134,26,172,26.072193575279584,48.45640509451432,7.614255390187038,105.99264794870776,Cotton || Ammonium Sulfate
33,27,194,13.375593265037274,58.31793742393034,7.437618570172988,73.22623227172969,Wheat || DAP
55,54,94,30.22974971913299,59.9593764785145,6.798298013892069,68.74406365861239,Cotton || Ammonium Sulfate
28,125,198,13.448927628225597,79.80025788719823,7.789098845891701,207.99756029251807,Wheat || DAP
77,102,168,35.70492405688245,40.62931234372659,6.750678162737234,41.459994619590226,Cotton || Ammonium Sulfate
111,93,92,30.25414673899691,65.75503418795063,8.35755702662904,153.11305642156196,Maize || NPK 15-15-15
51,62,104,25.192133892214084,68.85168750792472,5.368896396604326,68.5290653435671,Cotton || Ammonium Sulfate
41,100,190,23.479102005310548,64.64945621310827,7.3565279744086105,243.91921063261725,Sugarcane || Muriate of Potash
118,91,41,15.397488390744822,78.91239518376321,5.979776528217872,270.02808554858996,Rice || Urea
45,77,75,19.56598412868124,58.02747535441084,5.615864777680775,270.1011078915769,Maize || NPK 15-15-15
106,74,196,34.5929367305433,91.69802381840456,5.2215499038708515,146.07138614722464,Sugarcane || Muriate of Potash
82,123,125,35.51577310062484,63.90820655233648,6.710013905046175,194.68355786435114,Rice || Urea
106,10,147,12.019440417633808,69.27283457688785,5.361877730996845,183.9289927625787,Rice || Urea
132,67,139,27.44754617841633,84.53184940080496,5.301403405793623,124.0093363326287,Sugarcane || Muriate of Potash
79,35,203,30.701815834652955,51.514166355867346,8.462127620335272,146.5754779409275,Cotton || Ammonium Sulfate
22,118,69,28.087421543897765,39.51212172576815,7.706989667383043,55.437687335988564,Maize || NPK 15-15-15
58,29,26,14.123673886525204,77.46703870174895,7.493107281017501,230.96776784115693,Wheat || DAP
69,125,105,17.660847368771456,63.98071133290272,7.67624250353102,97.79284291710857,Wheat || DAP
139,96,153,18.508846951916038,88.7902550575397,8.375691494874971,150.5265594727303,Wheat || DAP
14,19,25,33.62484041393233,93.96080292334605,6.793106755012814,155.34897606799456,Cotton || Ammonium Sulfate
36,68,55,24.043185344031933,58.94656103448375,5.380975509611442,174.5708173963164,Maize || NPK 15-15-15
17,84,176,24.657533510472156,59.92634097557965,7.948838563012956,236.29039309314157,Cotton || Ammonium Sulfate
59,50,168,36.30721921041722,59.477756132343586,7.4709229178163605,206.05145108409994,Cotton || Ammonium Sulfate
76,114,116,28.564233110222602,54.47324658385557,6.157233249336692,199.13513179100607,Cotton || Ammonium Sulfate
53,14,97,35.365360240369256,81.90122586598385,6.3942779942985855,166.41891899318554,Cotton || Ammonium Sulfate
134,74,138,23.869230238879858,80.53974574944365,6.145009593915477,63.029381187181585,Sugarcane || Muriate of Potash
67,26,148,15.88534272147565,63.71869223303149,8.219768640916016,136.48203319620674,Wheat || DAP
12,31,128,36.17832544592623,37.679672982733926,5.874126445993177,269.7560443097325,Cotton || Ammonium Sulfate
95,107,94,23.926333007355993,53.5735580907844,8.35393711462469,278.9315380691806,Rice || Urea
79,129,13,16.72241696884937,52.53818279329025,8.1410870850158,215.31955506422037,Maize || NPK 15-15-15
139,118,80,19.862289247901977,83.66523477201551,7.022084568992693,94.6035911379148,Maize || NPK 15-15-15
11,50,163,13.320867331912499,40.254534404970485,6.819287092400298,64.45375504081503,Wheat || DAP
111,102,120,24.175815377866016,83.34052274256226,5.9803571202798835,139.54344617108782,Cotton || Ammonium Sulfate
44,77,59,34.18133246966615,75.15101913194857,4.5733535560425995,245.57725656624055,Maize || NPK 15-15-15
107,78,149,36.27309185617392,78.94648754782696,5.010492744951013,213.24741757480012,Rice || Urea
39,20,104,36.247657395094734,60.93279125510141,7.516925293398195,252.13413700986519,Cotton || Ammonium Sulfate
125,65,218,15.255980666347416,75.78354776010549,6.386160506352661,187.78631552743656,Rice || Urea
17,60,212,21.93340094528748,71.54173668241495,5.099352536751873,71.27880750152616,Sugarcane || Muriate of Potash
53,30,101,12.733947750918366,81.13881171371777,5.555843416527484,67.55103207955938,Cotton || Ammonium Sulfate
45,108,74,34.23429896925829,61.80619006809513,8.291347599387999,51.52055263123103,Maize || NPK 15-15-15
86,85,56,21.32764981255312,63.36953749377815,5.968531341241061,176.09919293764744,Maize || NPK 15-15-15
40,35,190,28.409042725198105,73.6145733643892,8.130727780876613,98.29269678994936,Sugarcane || Muriate of Potash
56,124,115,30.587359390009503,41.4846496199833,5.718543329174307,216.2520739251881,Cotton || Ammonium Sulfate
64,28,208,23.175961413322042,61.17466690185904,6.672880377468644,204.69998460580175,Sugarcane || Muriate of Potash
115,118,139,19.967500750306318,93.31705071558834,4.581908333448792,116.34657817799607,Sugarcane || Muriate of Potash
130,69,115,37.01753566301456,37.253139203602736,6.587500441494308,82.43239995137544,Cotton || Ammonium Sulfate
64,80,33,37.07669385062021,53.96028337198363,7.047768042442521,64.57608395104029,Maize || NPK 15-15-15
21,56,13,19.52534556878057,53.846589145362245,5.437220397348712,216.95566571514328,Cotton || Ammonium Sulfate
12,128,117,24.47025251535591,73.00784715414636,6.815748704821428,148.10583890222398,Cotton || Ammonium Sulfate
39,80,28,37.29394812516058,41.34802156544839,7.088671088203942,117.64717940275334,Maize || NPK 15-15-15
32,35,163,12.126578599043084,72.71264185273166,7.247544313527026,245.5967237935149,Wheat || DAP
101,49,212,22.72963445785788,40.70241443909717,7.605613288088413,182.46717197665217,Rice || Urea
124,14,49,14.611896291705179,40.69721884509986,5.745356971717666,164.32056073518027,Cotton || Ammonium Sulfate
113,30,59,25.238107104627666,78.69100143130893,6.771107825727513,218.41099959414777,Rice || Urea
127,87,180,12.641418818052665,54.448110429967784,8.426316119058377,235.7399536564692,Rice || Urea
14,13,84,22.579359216156327,93.64537686282486,8.092576682660628,204.6575573014527,Cotton || Ammonium Sulfate
113,32,204,17.738175944418714,37.241176186133295,8.310661712393467,145.60151646384463,Wheat || DAP
117,115,21,25.86601742392726,61.70639982307965,6.044545594114286,131.031710241325,Maize || NPK 15-15-15
74,93,204,37.895834876618196,41.78815626044142,7.647712423586647,225.19958518544854,Cotton || Ammonium Sulfate
130,24,36,32.813938733295444,56.08273800548652,6.979591807041391,164.29771855366866,Cotton || Ammonium Sulfate
39,123,122,33.98669438223496,94.89334703654303,4.830940332248964,209.0526588441703,Sugarcane || Muriate of Potash
93,125,191,28.516889671336102,88.33055070431192,7.795921556628262,253.69570937933247,Rice || Urea
41,118,203,13.080556055078723,37.899464531323815,7.208405105429458,259.81375233680876,Wheat || DAP
25,102,58,17.376739577147745,68.795350629541,5.295669438061067,106.65175341773744,Maize || NPK 15-15-15
47,17,153,36.05167846762343,73.86933828946614,4.818954229717845,85.09358806540338,Sugarcane || Muriate of Potash
45,50,139,21.518941066147534,47.572077437007536,7.848088522593322,102.70896648084108,Wheat || DAP
123,121,69,14.694554888500685,43.70633440378701,4.815607317964805,220.32922492852066,Rice || Urea
75,28,191,30.26253951252125,89.2628680799314,4.865415461465746,128.81392865107844,Sugarcane || Muriate of Potash
114,121,39,19.78590082229062,93.1289864890026,6.209633151617261,81.61342740191914,Maize || NPK 15-15-15
94,112,93,18.990279735508466,94.51357143917852,5.039191313677908,63.61251820167262,Maize || NPK 15-15-15
11,55,175,37.94741384451477,82.38570642407808,8.154678389770877,118.55516531912508,Sugarcane || Muriate of Potash
84,37,37,34.311612050693014,74.81012416431543,6.381135745052947,72.67274568412272,Cotton || Ammonium Sulfate
76,119,34,22.606383277563868,55.74381513157988,6.7766039226182855,77.52966700799367,Maize || NPK 15-15-15
64,100,105,37.48679140322898,45.283898739485146,8.21242435791235,204.13215362710483,Cotton || Ammonium Sulfate
15,77,134,28.902943808899554,39.738835961973905,6.621052902553394,44.73570296041727,Cotton || Ammonium Sulfate
95,24,19,31.292583748873767,76.59784811308953,5.914364583829274,68.21278279010512,Cotton || Ammonium Sulfate
69,108,197,12.819339120137501,82.08340491076149,7.688620423263327,242.64771789114315,Wheat || DAP
110,46,51,15.161736743049484,84.58721914729881,6.271400789900843,242.77938040438076,Rice || Urea
21,10,49,28.4602132889022,89.82590019822791,5.773877702409221,119.01843490325847,Cotton || Ammonium Sulfate
58,76,86,35.37462354888658,87.79577381830242,7.392917834422138,61.10872200849496,Maize || NPK 15-15-15
51,120,114,28.217336878277486,94.98447633548557,7.706422706452172,209.19288011372942,Cotton || Ammonium Sulfate
91,33,127,15.484647252293787,49.643840658035074,7.666864670337086,126.43160506572985,Wheat || DAP
44,36,51,15.009761202404441,80.79845691273263,8.41069765651483,50.9115105291822,Wheat || DAP
76,49,56,33.948833291426126,70.18757074248785,7.646667795499851,77.87847551195165,Cotton || Ammonium Sulfate
89,72,174,15.621860806405772,50.67470794721494,7.579733743794745,72.93155487136583,Wheat || DAP
16,70,217,25.52603097310466,93.91431933721657,7.92994101494488,181.38792251863893,Sugarcane || Muriate of Potash
23,45,31,12.964946319019859,88.87388628645513,4.500740781181771,255.54822006485472,Cotton || Ammonium Sulfate
82,107,194,14.097413952170612,42.71094010664699,5.949725644751083,230.33728799762977,Rice || Urea
75,102,116,29.481054958714484,36.56950053940519,7.450412384137689,171.16385080413522,Cotton || Ammonium Sulfate
100,33,36,29.918716671115433,76.2998457399606,6.89887604444111,141.31723958259522,Cotton || Ammonium Sulfate
139,33,50,20.878204571819502,71.24783773139211,5.210288010526471,188.4824101765276,Rice || Urea
29,115,89,17.605853896319164,91.14893744666875,5.714932356354181,146.5150578352194,Maize || NPK 15-15-15
19,13,171,33.15646703969001,49.04031722962219,5.847170444328427,99.06378941831582,Cotton || Ammonium Sulfate
34,76,169,17.64468396621715,40.06327687369922,6.771312444689264,203.00738928454712,Wheat || DAP
34,43,98,26.092703811325872,50.552920026319185,7.826393185764306,249.57854697791706,Cotton || Ammonium Sulfate
63,66,75,37.17342986243554,36.135658430687805,8.22996711911072,129.4888793634065,Maize || NPK 15-15-15
42,58,21,15.844163384421979,37.15356507133595,7.500369651414556,241.96923224592086,Wheat || DAP
104,96,177,36.46278295486243,89.89146835524558,7.871801560707239,143.4596911560377,Sugarcane || Muriate of Potash
23,62,82,16.755219379785384,56.120994950112696,6.380383833806064,136.32062634386224,Maize || NPK 15-15-15
74,129,85,26.753523408603968,59.64854006058084,6.05910127848915,46.79784581128664,Maize || NPK 15-15-15
119,125,99,21.80220051092736,36.10229927228627,6.070834128576868,206.86693632817847,Rice || Urea
89,32,210,37.08814363904747,51.2313068103108,6.964154113359829,233.8006060273175,Rice || Urea
63,118,19,19.11209275405036,83.28355902448587,4.9969468222232365,199.25366069405464,Maize || NPK 15-15-15
134,78,105,22.391108054229594,71.92945758000315,6.817976731161044,76.32662833406644,Cotton || Ammonium Sulfate
34,104,185,37.55436306424093,80.22683606518493,7.160531440734902,64.79043221263436,Sugarcane || Muriate of Potash
126,62,29,25.948230170900302,61.832824447627104,6.255634960824955,177.48610038844947,Maize || NPK 15-15-15
34,71,48,25.06838300615259,53.583753305079796,8.312668707084669,136.36390100430447,Maize || NPK 15-15-15
88,50,69,18.70224069330377,63.968605599702215,6.932853089518301,142.9834680365415,Wheat || DAP
77,66,75,30.235452568071477,54.38426410434507,5.379997888946501,272.27205921832183,Maize || NPK 15-15-15
21,69,74,12.373696746222219,85.33826580044408,6.4168650297340655,213.7414410863357,Maize || NPK 15-15-15
41,63,188,13.287328372259632,52.86042293557074,7.201617748541176,138.8290574098616,Wheat || DAP
137,79,133,27.583323265530872,74.58581842718502,5.794516498321916,44.58382716201157,Sugarcane || Muriate of Potash
105,110,173,20.883538919279808,43.218933338571674,4.818566425156092,48.18296748478487,Cotton || Ammonium Sulfate
101,66,161,36.78622567722498,76.2119896240946,6.8337425388435395,204.3528869550055,Rice || Urea
40,19,164,35.482957958792426,89.79798269600202,8.29148067447872,241.05730228426333,Sugarcane || Muriate of Potash
87,49,139,30.556362725594386,71.5149892783945,6.440287942252695,209.84863109192412,Rice || Urea
29,16,168,33.271785109322835,68.59132280206863,8.124436322588151,137.4130606251341,Sugarcane || Muriate of Potash
69,112,66,29.350628091360026,92.66709608129841,7.840094353486776,47.4725771033367,Maize || NPK 15-15-15
102,47,87,15.265134670464178,72.64379331895078,5.089651134535933,272.17639125645513,Rice || Urea
52,94,203,31.904127611919268,50.573025996384956,7.332679687342283,276.7206549179408,Cotton || Ammonium Sulfate
139,70,38,17.464991186690007,52.543461430864426,6.241862100287914,171.84749234662448,Maize || NPK 15-15-15
69,93,24,20.409514232605115,77.31839855215563,5.500985301051747,56.96103152682534,Maize || NPK 15-15-15
40,12,21,33.30008951466293,79.12619563353118,7.247753422666812,169.83340141947204,Cotton || Ammonium Sulfate
14,60,110,25.949665818229654,53.20977390734091,7.470642874625685,254.161232852994,Cotton || Ammonium Sulfate
19,95,165,34.35845856876864,55.72063867557981,5.219585274939355,203.19652243077124,Cotton || Ammonium Sulfate
98,56,93,17.538918315924867,94.46339052434521,8.157778728224834,212.79741544785384,Rice || Urea
139,77,134,27.80223940377907,41.11715297481665,7.504588975805763,60.39276098373983,Cotton || Ammonium Sulfate
135,101,112,14.178565286254802,59.278701706405954,8.233501996567874,65.56279288763236,Wheat || DAP
20,85,33,28.71958583204077,38.746851871850446,5.7682928750547635,70.56370633021245,Maize || NPK 15-15-15
65,47,158,31.825884982163902,84.26470171989446,8.257340062971947,257.05044007863825,Sugarcane || Muriate of Potash
92,124,147,27.208203243446764,40.540750336725935,5.9740706313535235,166.2039127033152,Cotton || Ammonium Sulfate
108,45,119,18.92201903896907,75.44044138776266,4.715879045709567,229.97802313431788,Rice || Urea
82,120,87,12.814909390330534,38.389005440208926,7.551877554836093,67.66990237206406,Maize || NPK 15-15-15
124,50,110,15.10567098307143,75.37130226858147,7.314032576353363,262.63424932206283,Rice || Urea
16,78,155,28.179877455924682,85.58221681566219,6.89164396905333,237.07410195933045,Sugarcane || Muriate of Potash
89,22,151,36.29492563790536,58.92929161544345,6.459574977536696,93.94339474608546,Cotton || Ammonium Sulfate
106,96,171,17.369894503272167,66.32758960593061,4.628661081290526,249.80373599054883,Rice || Urea
13,67,137,31.11067987673257,59.092504280316945,6.998389006080617,103.22626225523422,Cotton || Ammonium Sulfate
13,59,67,34.52772764447508,53.029325517958334,6.167338460891175,89.28157104137355,Cotton || Ammonium Sulfate
112,39,85,25.542936639635286,83.1958040376277,6.74083761096378,103.41854483493097,Cotton || Ammonium Sulfate
49,71,159,29.400910691935103,51.32015442385938,6.217285367870545,258.3892151854262,Cotton || Ammonium Sulfate
26,110,207,33.190398233579856,78.37660546336681,8.364224531060795,259.7420765235687,Sugarcane || Muriate of Potash
110,34,45,18.777554101255433,47.37182475531213,6.916435604603389,118.95898592511251,Wheat || DAP
112,121,182,19.71928753096912,49.99122776469977,7.496945322409869,209.3042044226923,Rice || Urea
133,36,173,12.01631543233986,55.187669754632736,8.245387789884333,202.17886123940397,Rice || Urea
61,60,31,37.04044740334287,70.3493826436273,6.866397291666958,233.5750317112968,Cotton || Ammonium Sulfate
61,87,215,35.856167259504964,62.26533914957247,4.548250071289603,111.16228003411146,Sugarcane || Muriate of Potash
133,66,136,31.87877485774519,79.70868858966922,4.63716671324217,162.43325005849644,Sugarcane || Muriate of Potash
72,121,89,14.055976545392852,47.81403802017154,7.309353736407447,200.24174824198886,Maize || NPK 15-15-15
125,56,198,23.63507513218721,35.64033727093005,5.6163405446051335,46.30163651437745,Cotton || Ammonium Sulfate
71,127,109,14.649185603260374,81.5934483071132,6.817518909391795,130.4172988794291,Wheat || DAP
16,109,193,12.413926948832763,84.29896003280435,5.309108724362676,207.01320584285654,Sugarcane || Muriate of Potash
101,48,105,28.02075709552753,38.56880978650337,5.580995500246857,100.62282234859202,Cotton || Ammonium Sulfate
23,25,170,36.9815648440849,71.65445132950379,6.518564223792302,269.84898568155694,Sugarcane || Muriate of Potash
95,129,182,35.4745686092359,57.69240703238468,8.402277853424328,47.238729161641345,Cotton || Ammonium Sulfate
139,31,173,30.115625188320514,82.63373931167101,6.965081956836766,269.94092502098147,Rice || Urea
71,94,157,14.512655188286658,87.4648732517887,8.244592418052093,92.02332832249601,Wheat || DAP
88,63,27,19.128264979479802,86.06022600783496,8.33751941754779,51.71729006208879,Maize || NPK 15-15-15
67,30,47,20.321474899017566,81.63225484105112,5.332439985682029,110.19376797365379,Cotton || Ammonium Sulfate
129,81,204,31.84190150138459,51.143133724529775,5.744774409875777,228.70775374965407,Rice || Urea
74,122,160,32.858478660112965,83.713378614099,7.579969124874816,220.58608154753276,Sugarcane || Muriate of Potash
22,25,118,22.01275919773793,67.00870855437756,7.9670560091653755,90.1216999414701,Cotton || Ammonium Sulfate
91,68,132,22.864983912057852,38.16539688992545,6.576906976758111,87.22963206203187,Cotton || Ammonium Sulfate
61,128,153,13.157235021180455,62.41633099389494,8.472904269122196,194.21917979308978,Wheat || DAP
126,40,196,19.517554678887784,91.5294750217996,4.546288795021081,149.93984552217532,Sugarcane || Muriate of Potash
35,51,206,23.733414606618638,88.27156098413316,5.698370622340862,230.14958879941653,Sugarcane || Muriate of Potash
43,83,205,15.041559206016696,41.13585685982696,6.992647014978319,45.79186688621286,Wheat || DAP
61,41,158,23.784953979630554,79.64760114286221,6.377159643749931,186.49884658253706,Sugarcane || Muriate of Potash
121,68,113,34.18257111870281,83.34757195749408,4.966411865715203,215.36128293757022,Rice || Urea
91,43,215,27.114346512851387,51.28329129420589,5.971148341922254,278.4126668868806,Rice || Urea
51,18,215,14.05217623099872,63.29651424446554,4.601788573180157,202.90760661684325,Sugarcane || Muriate of Potash
30,90,207,16.983454289587133,77.65927648782097,7.070984184301118,95.64283757199192,Wheat || DAP
51,20,149,24.338153104122462,61.34248932926887,8.07097017198542,65.9646867712093,Sugarcane || Muriate of Potash
122,105,153,21.398665895367113,41.76781513199462,8.039496495133836,193.82002591457808,Rice || Urea
114,19,90,21.326902508198568,77.3529466809033,7.298177895062186,165.56393620437183,Wheat || DAP
26,95,96,25.760953651733345,89.6983213841182,6.363080781991711,255.79486922680394,Maize || NPK 15-15-15
129,26,151,27.194293961325894,74.14908370436945,6.548126474765959,214.385925083506,Rice || Urea
138,77,70,32.71840082718097,81.42804491414203,5.047675295982652,162.33818801022895,Maize || NPK 15-15-15
139,57,208,20.865130650024604,56.50175213946971,5.864068372476812,136.86147298363542,Cotton || Ammonium Sulfate
69,61,55,32.94212335905526,45.99189470759809,5.250912301993095,137.04992789699685,Maize || NPK 15-15-15
57,120,41,20.803891956928446,73.56641969709756,7.784800813399818,94.31302867629628,Maize || NPK 15-15-15
38,34,24,13.44125771247208,54.666272350473136,8.15901560535184,44.1582332213673,Wheat || DAP
106,30,53,26.408878926124572,86.60441113938757,6.647693045680468,177.97854116970547,Cotton || Ammonium Sulfate
19,110,154,27.28546044726518,42.357682998680396,7.411056162051777,90.97953580557164,Cotton || Ammonium Sulfate
67,111,178,36.298046386168366,61.00782198398743,4.98585908362851,89.99846025472995,Sugarcane || Muriate of Potash
30,122,63,30.877594477624335,58.80365602810315,6.934138573108953,70.09149488235532,Maize || NPK 15-15-15
37,74,53,35.86208896485543,91.28323121323578,7.311164085511384,85.50291764240626,Maize || NPK 15-15-15
43,72,107,35.61702746631825,44.18808803626423,6.311072518045603,47.62939589323304,Cotton || Ammonium Sulfate
17,98,14,27.7189268667143,35.59080950072066,5.473092337882795,201.81554793964767,Maize || NPK 15-15-15
88,60,118,25.72181369874764,49.285112768427055,8.009498082165566,136.33530791504663,Cotton || Ammonium Sulfate
96,45,36,26.493465146253598,84.21661158611927,7.471634879814889,174.76590370555482,Cotton || Ammonium Sulfate
97,90,125,37.436600999608444,47.55930896282102,8.09942912739678,192.8698283249919,Rice || Urea
78,114,96,32.10235998542093,49.452683822328964,7.773610589991294,273.3962949462782,Maize || NPK 15-15-15
96,97,113,14.762913524602292,42.793928272208646,8.46149771831545,56.38380780532024,Wheat || DAP
110,75,132,32.23913857631639,77.92617219659243,5.268690932857796,140.3002443595451,Sugarcane || Muriate of Potash
17,113,215,16.433989271353873,39.150451430325035,4.846991071215896,99.01550404635545,Cotton || Ammonium Sulfate
86,24,88,23.631114274146267,54.8724981397113,5.848011165349034,154.4108636456354,Cotton || Ammonium Sulfate
96,105,52,17.47195147658989,51.94992359725787,5.016016700093036,260.91335214733317,Rice || Urea
52,48,106,29.929159703863974,68.30958378740928,6.592520451624898,213.7562236595563,Cotton || Ammonium Sulfate
138,79,40,34.810053141018926,78.82497590118413,7.03211562163097,198.8679007551744,Rice || Urea
118,10,108,19.549409019533705,66.97258608180485,6.813154460693615,145.8990103434826,Wheat || DAP
26,120,26,14.132279271412878,90.86155957850406,5.536960541561081,201.0669996098646,Maize || NPK 15-15-15
30,32,92,19.760820549949045,92.0865583332399,8.135296123875188,47.77009054585794,Wheat || DAP
67,48,119,29.481408306237054,56.68791970991093,4.584689454941514,180.69728128717466,Cotton || Ammonium Sulfate
119,66,191,20.547763316415697,81.66082257649356,5.892053415053972,172.90637502381958,Sugarcane || Muriate of Potash
37,90,199,19.23091635639889,79.32808299609138,7.375969901592244,123.19370367116628,Wheat || DAP
60,43,41,16.79531495519089,88.57787550228964,7.567715705396638,88.36339010178602,Wheat || DAP
14,50,177,24.93542709873527,61.87661841246219,6.16447417772744,233.81333223983225,Sugarcane || Muriate of Potash
14,102,150,19.174669532086877,66.82839123186753,4.567639253025469,52.92690746922315,Sugarcane || Muriate of Potash
103,82,44,31.006269077626563,59.94645881489444,6.9721747164949495,56.72148746166107,Maize || NPK 15-15-15
105,22,142,13.992182451797271,86.02261515798233,4.752378724732862,145.72521855619516,Sugarcane || Muriate of Potash
17,79,210,29.264858860894257,48.78213892172806,4.931423104614058,100.6130913780652,Cotton || Ammonium Sulfate
73,15,38,18.176560378762016,49.38254469454668,7.10100287858476,218.9085792416849,Wheat || DAP
47,93,79,24.72126078734168,57.35630621462479,5.749953304571419,192.20561846108583,Maize || NPK 15-15-15
120,61,162,19.438337972812775,48.82056992614107,5.892120610833011,225.40835107039155,Rice || Urea
121,126,104,30.791985576280688,68.66041018489526,6.447228307932974,117.92294952107225,Cotton || Ammonium Sulfate
90,12,31,36.577983046542556,43.06940638973014,8.414313579437495,217.72454550828817,Rice || Urea
113,90,203,35.84399626621514,54.21117316424332,8.361768882954841,246.95277664633574,Rice || Urea
82,72,182,27.16908159374637,89.8066819085354,6.1650439974403,122.86587866045721,Sugarcane || Muriate of Potash
58,58,78,24.027867884681438,59.55352881150776,5.561996868873129,121.57499707884001,Cotton || Ammonium Sulfate
45,85,98,33.275813245423926,79.89402298961056,5.710368610656463,255.9883369375423,Maize || NPK 15-15-15
135,121,81,29.76648542832098,41.80773150239444,5.575125192646416,51.94966076505019,Maize || NPK 15-15-15
77,56,138,16.772666969640255,49.85387048850708,6.628983228567122,124.04545737540263,Wheat || DAP
87,118,181,33.343899553938,83.44073727202212,6.927439231203714,68.48139809723298,Sugarcane || Muriate of Potash
114,64,96,23.150994124262464,80.77957617738164,6.455117552918664,46.955341659994296,Maize || NPK 15-15-15
131,73,105,16.913627159250552,58.16935511562927,6.131977448992609,67.08866023523731,Cotton || Ammonium Sulfate
128,74,84,19.326731110308803,92.26381412200845,5.345140150279751,143.49898988326646,Maize || NPK 15-15-15
123,90,176,18.9557027864569,89.63858095007274,6.430022365528453,204.8694566146698,Rice || Urea
19,76,63,25.49938133968996,92.73804494673439,5.864410855209832,109.42778186607111,Maize || NPK 15-15-15
100,99,97,18.093622357624763,60.67488141126712,6.666381851193371,243.92207377626994,Rice || Urea
11,24,212,15.212728672440981,46.84841502114098,7.200757662046495,145.027750897204,Wheat || DAP
127,109,166,15.21596211595778,72.59951834548046,7.033248697746442,272.3747322308185,Rice || Urea
22,41,63,27.165181125616513,76.0863894967519,6.349960841622373,268.997360666488,Cotton || Ammonium Sulfate
104,105,25,31.103741510083843,42.526507067031204,6.724209697119844,225.5862934400356,Rice || Urea
41,77,108,20.35985822979686,82.18898205775436,5.639424523843038,263.77731907518836,Cotton || Ammonium Sulfate
41,27,29,12.900918455164444,36.083613185597635,4.596961036089558,209.7030582786668,Cotton || Ammonium Sulfate
133,122,55,15.30784706036228,63.963703248607004,7.000077816672416,254.9399655978835,Rice || Urea
20,92,204,35.78205856876349,54.86097556969369,5.510274236550748,96.75369216791356,Cotton || Ammonium Sulfate
19,52,202,24.83213514932578,79.41818359394505,7.175814840273098,122.90084804243168,Sugarcane || Muriate of Potash
24,125,136,23.792893049994543,53.765643645308955,7.488033998387838,220.70321584116678,Cotton || Ammonium Sulfate
26,44,67,12.989278636062364,84.60842676686197,8.163710984415125,141.8946971695737,Wheat || DAP
68,113,190,30.944562580239378,70.69720932684864,8.332491181918453,240.9585841178843,Sugarcane || Muriate of Potash
87,87,120,25.72977010423405,82.63360170572432,4.542104185238806,250.63332918106602,Rice || Urea
133,67,138,17.25410433824954,94.36043827037743,8.461496837418549,111.93507633302197,Wheat || DAP
123,42,90,14.861917764707487,75.74950074461341,7.232073273976644,237.62819396549764,Rice || Urea
31,23,203,21.96808445443196,94.09701898169865,7.074096641496757,77.02342505563601,Wheat || DAP
41,43,166,33.766211069070664,36.73017961530232,4.560852380781421,120.20721076884377,Cotton || Ammonium Sulfate
122,70,93,34.497658539226634,55.288399309028506,7.94493364754695,164.31158826913335,Maize || NPK 15-15-15
129,128,79,27.674005890286548,41.47119587373855,5.0819657889913055,94.34650290493411,Maize || NPK 15-15-15
131,13,17,30.91594710798371,50.73829588306637,7.849320615732164,179.02427909804783,Cotton || Ammonium Sulfate
41,97,38,14.99405047247463,85.33327394754647,4.5622501850348645,178.88681889223517,Maize || NPK 15-15-15
128,68,121,27.291277702164226,36.93939591956542,7.083857049996645,89.65669476421738,Cotton || Ammonium Sulfate
48,38,188,29.341108290666725,66.21097614394363,6.239206135079311,230.9539227725096,Sugarcane || Muriate of Potash
21,92,170,17.2185339157586,69.02772245194238,5.3030669162373405,191.59467745875924,Sugarcane || Muriate of Potash
27,15,140,34.88402305566673,68.66906880031736,4.9302455670817364,116.26252163798902,Sugarcane || Muriate of Potash
135,106,197,17.069915175546512,63.51782442939535,6.260510786185305,95.72434803287007,Sugarcane || Muriate of Potash
55,58,172,20.15041135600771,82.43617788618532,4.9932232212856995,250.90003332027842,Sugarcane || Muriate of Potash
113,49,206,28.134478022609922,43.01258537033307,6.44578644676419,240.57813885391664,Rice || Urea
95,92,117,28.597101693399,53.63462093304724,7.000868234611409,95.14256196532631,Cotton || Ammonium Sulfate
98,126,213,30.18400326567155,71.94356320671037,7.809536774429432,48.5452543639621,Sugarcane || Muriate of Potash
31,74,118,14.912304539773348,76.45708197607735,7.2145977487314665,233.08782297834972,Wheat || DAP
101,78,29,34.08607517814244,59.24890590662338,4.760799066824601,187.72205326361035,Rice || Urea
38,36,82,25.854025439364754,87.52227579963399,5.729730130191349,64.21168673283033,Cotton || Ammonium Sulfate
22,89,176,24.254366646731775,59.929603801754865,5.651914431730002,180.96596949253484,Cotton || Ammonium Sulfate
11,15,13,37.508538237351246,59.16656806089999,8.160129693884336,148.52384448680664,Cotton || Ammonium Sulfate
38,113,28,31.249835720466514,37.172435689243095,7.971128177571054,225.89207859368597,Maize || NPK 15-15-15
36,22,111,15.068156692103747,68.06848017168403,5.980591673401667,90.1803621180952,Cotton || Ammonium Sulfate
59,121,182,31.67001834788226,77.52085031071431,4.784621023530324,148.75761863320636,Sugarcane || Muriate of Potash
104,73,180,14.476472283294607,41.86628981101089,8.076429271218935,77.49858742046001,Wheat || DAP
97,71,150,12.714234625337607,53.325965965272246,8.052759811856749,269.8065346746032,Rice || Urea
53,108,150,22.494273277017324,81.87541722697114,7.9189845281229,226.89715766203938,Sugarcane || Muriate of Potash
31,28,197,37.83303249329968,56.955166124814525,7.880326550942007,216.81338236033517,Cotton || Ammonium Sulfate
106,85,194,16.54698234106643,49.49614772240239,6.421016004344619,205.64959960499246,Rice || Urea
12,89,95,29.488752931696542,75.33203981390673,5.209726608998393,141.6007461919316,Maize || NPK 15-15-15
127,52,61,16.508297721359103,46.805526660299336,6.409952201849711,261.58777976875473,Rice || Urea
28,83,120,30.84446134891804,88.7391751749906,6.4783910826778595,57.50008286248129,Cotton || Ammonium Sulfate
32,98,190,25.13919537418348,41.33590376156846,6.459727012979442,232.78217720294845,Cotton || Ammonium Sulfate
39,29,118,29.679264462323783,77.39298813696962,6.655090344460465,91.65585570537584,Cotton || Ammonium Sulfate
48,104,95,17.2747025737701,64.97292207718252,5.530628091964621,117.76670935212353,Maize || NPK 15-15-15
117,77,52,31.386336645533053,87.19577374381961,5.96496472453446,164.663134952154,Maize || NPK 15-15-15
120,53,209,37.886095550190376,42.5717054615742,6.236746367853878,227.8372026533391,Rice || Urea
34,32,209,29.306913016274954,75.67369510976528,5.024484838066,241.2483778368968,Sugarcane || Muriate of Potash
137,11,51,24.83047994989482,69.32327835088289,6.321456538246002,180.09574003842997,Rice || Urea
120,129,99,36.00252370410088,63.80540853440279,7.741878468278372,136.72851734432444,Maize || NPK 15-15-15
115,31,124,12.412147898028785,64.4844358059601,7.812238170931505,267.1605811367704,Rice || Urea
81,124,35,30.97801150143135,78.31861770791184,6.146255087604121,99.1651110014484,Maize || NPK 15-15-15
138,66,160,35.107409437159134,91.26449929608933,6.575233248337414,232.7426982113525,Rice || Urea
117,110,52,13.603539174144894,40.47509954714289,4.634601328540226,186.89190914755676,Rice || Urea
14,81,86,23.70166843080971,36.17015885663121,7.197730225874388,130.45480405245132,Maize || NPK 15-15-15
12,16,165,17.32270580269997,83.3422875488722,6.118423531787452,40.328316247248836,Sugarcane || Muriate of Potash
113,87,146,26.729472305283583,41.49016325304556,6.281910732333383,147.18383232367043,Cotton || Ammonium Sulfate
73,65,29,28.888116923695172,94.20180776482543,7.994690908719059,106.41279941015182,Maize || NPK 15-15-15
115,128,193,19.86820275614763,72.16089493753023,6.347337738242434,65.04318719813455,Sugarcane || Muriate of Potash
107,76,48,23.95952341163062,74.05198371524844,4.5847689849114115,58.038055681140364,Maize || NPK 15-15-15
19,123,188,19.262826617190548,46.933502176281046,5.40996356347625,123.41399855478447,Cotton || Ammonium Sulfate
137,25,21,21.604170275832956,49.418738617800464,6.402482457233036,187.54177329775564,Rice || Urea
55,128,216,16.14803887389901,74.561018185955,6.197585170994143,241.0046356875457,Sugarcane || Muriate of Potash
75,92,192,35.024545533226416,89.58361027605181,7.9414805491219225,84.05517878735846,Sugarcane || Muriate of Potash
121,60,215,12.260270674537548,93.943433271054,6.668550037224667,141.9145531141719,Wheat || DAP
22,91,20,34.942638847538504,46.88185679786562,7.258542967660484,134.06947363411652,Maize || NPK 15-15-15
95,125,163,26.863650837093203,43.04717736258741,6.37729318817388,163.21456221004377,Cotton || Ammonium Sulfate
99,89,51,20.623103948602456,38.38408146564743,6.25862293623666,234.30094499429268,Rice || Urea
67,81,164,30.799485261968574,87.09782108967967,6.285146673897405,172.87485231981637,Sugarcane || Muriate of Potash
63,106,20,25.201555948429274,52.68289081138813,6.1436862787753554,243.1971792405506,Maize || NPK 15-15-15
21,122,47,24.97682511079777,35.1087220321551,6.654333543416813,164.45242145655465,Maize || NPK 15-15-15
23,21,107,14.863699355893127,48.42908516338573,5.501773607014415,184.92336764350514,Cotton || Ammonium Sulfate
130,62,180,22.127416674580626,55.426464805965104,8.064220775367284,144.97197819831754,Cotton || Ammonium Sulfate
130,84,28,18.267672992275152,94.45917016980113,5.832342192375492,237.54293927095208,Rice || Urea
29,14,201,12.40809354550327,66.4124956314249,5.090095336709387,261.71852952751664,Sugarcane || Muriate of Potash
84,36,143,21.362590400334945,47.28283685570608,4.8862019143909805,193.39473714955494,Rice || Urea
79,21,183,14.335375365065723,55.089100682807064,4.55369166048051,236.98778780149692,Cotton || Ammonium Sulfate
65,26,125,18.677580980854813,54.81846125341271,6.191424314267445,54.160800159784074,Cotton || Ammonium Sulfate
110,15,122,14.405432150760456,36.18354478779053,5.250443954181699,257.4668203471978,Rice || Urea
120,106,179,14.62448226446637,43.110983250285805,4.586591610348991,85.3420160413899,Cotton || Ammonium Sulfate
134,14,74,17.174293654794894,76.71178758219267,6.580078185158095,101.56490255819391,Wheat || DAP
29,66,108,37.9960803566464,42.21505919424408,7.219914194603046,52.799216369619096,Cotton || Ammonium Sulfate
33,37,81,12.056787714288468,48.844056596367125,4.843004203644417,271.6960280737742,Cotton || Ammonium Sulfate
46,87,196,28.605488539130537,56.04423790425852,6.343683091678638,244.48260387721032,Cotton || Ammonium Sulfate
63,78,61,15.67233614869049,80.46409667013762,7.474514714402987,259.16430498186014,Maize || NPK 15-15-15
112,127,127,35.93633155448017,69.94405789207639,8.4432272840337,243.3318802624036,Rice || Urea
47,129,184,14.434455226674359,76.3399990993141,7.1687613785702435,155.08733265310934,Wheat || DAP
13,68,129,36.83164286528215,69.02073952521033,5.479358203238082,261.77966418178323,Sugarcane || Muriate of Potash
66,42,16,27.884086074570426,76.01554551331213,7.366214559115998,272.6734769025252,Cotton || Ammonium Sulfate
29,71,20,12.032969999802747,35.17052921983834,6.891717707279319,160.6160744294554,Maize || NPK 15-15-15
26,59,112,35.24418714583696,90.85388866228577,5.3471971543261905,82.14994751892117,Cotton || Ammonium Sulfate
128,121,70,25.564506835539873,41.65521385248839,7.904443303390218,198.06940215114264,Rice || Urea
80,114,77,18.829413118592598,59.37494575861429,6.209617708910404,274.1051895648569,Maize || NPK 15-15-15
13,28,162,31.949258615406382,81.26230221469129,8.347910618936503,249.31524636613,Sugarcane || Muriate of Potash
23,95,149,36.09330440105862,61.11384308056543,7.391604029791112,246.83564227501782,Sugarcane || Muriate of Potash
12,78,163,24.57596140181664,91.81055310005095,7.078252618527289,264.1163240337477,Sugarcane || Muriate of Potash
89,75,111,20.204390335520884,63.055336909926005,7.413411349906248,254.5485425326113,Rice || Urea
64,103,119,32.51257322230809,87.49636433616028,6.412388075272887,226.30759936439028,Cotton || Ammonium Sulfate
129,56,149,29.72642294249982,83.64968680173625,6.520905911206696,212.38547971883855,Rice || Urea
33,48,180,35.10756457750708,93.85917816792099,7.904829541778976,103.54412169874104,Sugarcane || Muriate of Potash
91,77,60,30.005364331791018,90.59286684505852,7.223714146574011,189.12160514282783,Rice || Urea
69,42,126,18.331736811387945,88.88743008277272,8.088973300766567,165.15726920941347,Wheat || DAP
58,22,174,36.22314049373449,78.8962604311681,8.063307014297074,246.86658197943788,Sugarcane || Muriate of Potash
72,93,55,14.725729427355773,57.019888836093244,8.405960136176997,158.01101763761727,Maize || NPK 15-15-15
119,63,62,18.966511502778044,41.367525113894146,7.300858635381337,70.65826325024538,Maize || NPK 15-15-15
118,16,97,25.525059800821026,76.3187031358634,6.509206870646969,41.193396477363805,Cotton || Ammonium Sulfate
85,88,217,26.709292677843436,93.7192448802779,5.1652468008363295,202.68954891247967,Rice || Urea
39,96,130,12.398075252299542,78.59626623991214,7.321522238589669,171.97801291051877,Wheat || DAP
67,23,22,32.294890871344435,90.72376215664013,5.666310867039723,119.4310970460276,Cotton || Ammonium Sulfate
126,96,98,21.40179027906013,83.258282777331,5.631790272149325,80.55331600909369,Maize || NPK 15-15-15
109,28,134,22.566882066055584,44.786880507000724,5.453151105792273,152.01167737693652,Cotton || Ammonium Sulfate
28,63,127,33.04360815536059,49.95222623547724,8.0004882294058,64.06875339493736,Cotton || Ammonium Sulfate
103,102,63,21.86136818491616,55.51193610574102,7.971857786728632,120.66603741307435,Maize || NPK 15-15-15
122,129,194,13.227846788863625,45.095626660280246,7.023881779480233,131.01085749655226,Wheat || DAP
72,29,125,16.58743403222911,69.8990799603804,6.391923925482944,151.7484867611109,Sugarcane || Muriate of Potash
125,38,127,36.853482482092744,93.52703144809708,7.188457840395197,151.98898032132325,Sugarcane || Muriate of Potash
122,33,13,13.830539422465367,80.68753000616951,6.928917801193563,101.68135443382653,Wheat || DAP
56,91,84,21.228211225168423,60.403204944047715,6.162936993293549,244.05063558447702,Maize || NPK 15-15-15
66,72,58,25.08265834333496,35.27026885881732,6.018523469942537,125.33044150161894,Maize || NPK 15-15-15
127,83,16,24.82530151080256,53.796560668290724,6.031177232581401,95.10095413420392,Maize || NPK 15-15-15
54,114,119,12.102958518315711,66.60555726153291,6.856533612624153,82.19437201854166,Wheat || DAP
13,66,131,25.03023101789475,54.45505243111823,7.090677424483303,117.41881468080054,Cotton || Ammonium Sulfate
56,17,20,21.97808390741264,41.66209538143157,6.306967014061768,56.21269191460825,Cotton || Ammonium Sulfate
56,99,101,37.274062722338485,61.56589741171367,8.374765800852172,47.8978055154332,Cotton || Ammonium Sulfate
87,71,191,16.138136183839578,50.19516901794297,4.835382872017924,185.23412723268825,Rice || Urea
133,38,182,21.20800911574687,89.55394258769009,5.888188103815108,188.5953126518056,Rice || Urea
84,83,32,22.90651861233531,41.10527171006095,6.176298732501763,167.1011686331895,Maize || NPK 15-15-15
112,26,37,22.15803196462467,37.94915772348262,4.5676853738597725,222.94844685561384,Rice || Urea
99,75,120,29.311601518948425,35.31885014929172,5.959828750672901,49.39613062649872,Cotton || Ammonium Sulfate
78,15,66,17.60333429624199,54.68418106913947,5.59483966869137,264.6335459702723,Cotton || Ammonium Sulfate
70,67,35,17.74786037316379,74.62321029205332,6.524145080909923,62.81562958169452,Maize || NPK 15-15-15
59,78,162,30.95948466102218,78.82482517290757,5.845642188733077,201.76551865446245,Sugarcane || Muriate of Potash
12,37,63,25.00755348563267,62.19570100290339,7.404728539785845,72.01518134579423,Cotton || Ammonium Sulfate
116,71,38,22.79404757749007,76.05971902731599,6.539729981630594,251.17730399387017,Rice || Urea
122,50,106,16.399279343608548,56.59484217292181,5.019048933985058,162.57118886680752,Cotton || Ammonium Sulfate
103,78,173,16.87570779571633,75.06837319919703,7.500245296577389,59.75044984431425,Wheat || DAP
127,91,23,12.274342557213414,37.43575911814241,4.896915584330706,188.01378704801766,Rice || Urea
90,99,87,14.377082990404439,58.445179074020245,7.856196672317429,42.186386531728395,Maize || NPK 15-15-15
118,93,44,26.477806061946268,82.45098065799075,8.225688776344878,226.2453228256587,Rice || Urea
60,50,39,35.18870138021866,83.18036182754008,5.789781160739416,196.14039679506962,Cotton || Ammonium Sulfate
44,58,101,19.466283893394493,77.96892673254168,8.204570533051724,91.02993984724175,Wheat || DAP
55,100,26,20.52142787329933,47.254317234191866,7.672032636490153,129.94021988226248,Maize || NPK 15-15-15
78,58,204,15.005745875899317,49.83230713583799,8.18974244401508,41.87360667733366,Wheat || DAP
102,85,217,22.10440458578467,94.76532363587074,7.165080547683391,206.4841155930892,Rice || Urea
73,80,167,12.967764318802558,41.202680432117596,5.4425761576856875,117.44035300233261,Cotton || Ammonium Sulfate
58,12,102,35.857618102809404,45.83976193414456,8.07809294764389,177.1813396712126,Cotton || Ammonium Sulfate
83,19,182,29.500895051237745,42.801575339007954,5.237060304682975,269.6146306994711,Rice || Urea
14,107,88,37.75946904422369,54.659297821016935,5.3522422040701425,111.87201110742039,Maize || NPK 15-15-15
109,98,119,34.95340222964084,47.610550114035405,5.5842519605614545,277.6570921809564,Rice || Urea
79,44,188,24.29775543615197,64.86127757286633,5.716985245946338,191.85481264181595,Sugarcane || Muriate of Potash
99,89,111,25.5118108099098,63.56124241280719,6.557918568524123,98.10127990852119,Cotton || Ammonium Sulfate
13,11,115,16.95497720944704,89.09033716707819,7.353829441736176,144.82669192510184,Wheat || DAP
