N,P,K,temperature,humidity,ph,rainfall
-0.6068664381405884,-0.9197425704669595,-0.39857443841671486,0.8918193591783282,-0.9570389726954519,-1.0239600511154385,-0.13711756771796796
-0.7686525477254161,0.8061941049772114,-0.5565101064691548,-0.5064796653056252,-2.3594888653489763,-1.0322636789306832,-0.06387754121705366
-1.1731178216874856,0.715355332585413,-0.5959940234822647,-0.9951749100920443,-0.48773004612510124,0.23326905377705462,1.5889244056026461
-0.49900903175070316,-0.8591833888724272,-0.7736716500412595,-3.0305781723852627,1.003556784632133,1.696079690347908,-0.04521702113171407
-1.1191891184925429,0.2006022890318883,-0.49728423094948976,1.281157241144091,-0.6392956664917806,-0.2541742396009421,-0.7154607616692594
-0.7956168993228874,0.29144106142368675,-0.6157359819888196,-1.9498194361241903,-2.3432543998125164,-0.6339920851479763,0.08556773381410991
-0.4450803285557606,-1.3436568416286856,-0.240638770364275,-0.5456960132573986,0.6706018195861756,-0.25412981445342375,0.12370494702862808
1.1997451188899884,-0.435269117710701,-0.3788324799101599,0.3598417475021034,-0.6922878287076091,0.8468121115838602,0.8238818227299485
-0.6877594929330022,0.17032269823462212,-0.5762520649757097,0.7019250578435987,0.5513527494437821,0.19569111414944118,-1.0843418408927332
0.33688586777090695,-0.3141507545216364,-0.5762520649757097,-1.4023257487492826,-0.7130563060797216,0.21529149565043593,-0.22976585471986796
-1.1461534700900142,-0.4958282993052333,-0.29986464588393996,0.5047713880216909,-0.7385292888170126,-0.44385400367090616,-0.11229425447436019
-1.038296063700129,0.14004310743735598,-0.49728423094948976,-0.7584050503456733,-0.3599122206607688,0.37334251773241184,-0.9665879317101806
-1.2540108764798994,-0.9197425704669595,-0.8526394840674795,-0.5728904501527637,0.985906509035325,1.2879472521768325,0.1217070731489879
-0.8225812509203587,-0.7986242072778948,-0.14192897783150007,-1.0042897438650373,0.9478817734517064,-0.993095213812841,0.12612449653649624
-0.49900903175070316,2.5624103712186486,2.9378165491910773,-3.19426186348684,0.4186144410726729,-0.7254079764011995,-0.6212400242077107
1.631174744449529,0.7759145141799453,0.09497452424715971,0.5514334142382996,0.1959842864292478,-0.39659524254152606,0.29180935407410763
-0.5259733833481745,0.7759145141799453,-0.4578003139363798,-0.47061206369665703,-2.2049320012758176,-0.7339926867758119,-0.7313239307456086
-1.0922247668950718,0.07948392584282366,-0.6354779404953746,0.523982235594895,0.4327344292867483,0.45429705207610227,-1.222324653245143
1.7390321508394144,-0.6775058440888303,-0.35909052140360487,-0.2629024377231101,-0.18105991815680128,0.47064354075115034,0.34107455281549476
-0.8765099541153013,-0.7077854348860964,-0.3788324799101599,0.24238654617015462,0.9633215358517432,-0.06939849603641074,2.1975836566384235
1.5502816896571152,-0.9500221612642257,-0.04321918529872517,0.12547296840606223,0.6879893658808648,-0.45283423193578715,-0.9138668699835296
-0.6338307897380596,0.2611614706264206,-0.4775422724429348,0.6148954782462036,-0.20830732748598038,1.1287756860988427,-0.7514610208297087
2.413140940776197,-0.25359157292710405,-0.6552198990019297,-0.0033697216154159196,0.3878750494048224,-0.8635612578185852,-0.07701407986789328
1.3615312284748162,-1.1014201152505565,0.13445844126026968,-0.2347073904659792,0.7058353974660049,-0.029007155760367095,-1.0718557486897715
-0.2832942189709328,2.1990552816514546,3.0167843832172974,-2.8297090156381217,0.3871732713764024,-0.45820452980832976,-0.5895952279602505
-0.6877594929330022,0.533677787801816,-0.4775422724429348,0.5880306628126384,-0.4922353295145163,0.9155927967711617,-0.5217777690440618
1.631174744449529,-1.434495614020484,0.09497452424715971,0.18858710175191318,0.7716037475641001,-0.2060492464730955,-1.0459703102066966
-0.9304386573102439,-1.1619792968450888,-0.1221870193249451,-1.1708867728474546,0.7939645371956712,0.5346107211097649,0.08925088034816035
1.0379590093051605,-0.8591833888724272,0.03574864872749477,0.29941798535734127,0.8953437238495144,-0.12597443012716325,-1.4271875785017836
-0.579902086543117,-1.2830976600341535,-0.8526394840674795,-0.48163503611823505,0.9222818016591784,1.495610911291932,0.014315960625187626
-0.9304386573102439,-0.5563874808997656,-0.3393485628970499,1.3423291948527816,-0.9527560976509571,-1.484771172300875,-0.13879960711165404
-1.0652604152976004,-0.7986242072778948,-0.35909052140360487,0.42863614365258684,-1.026020533849915,-0.10182813137629741,-0.2503250404871969
-0.8225812509203587,-1.3739364324259518,-0.7144457745215946,-0.04960831216665656,1.0577910048655923,1.0088626235257674,0.26051557264565756
-0.2832942189709328,2.622969552813181,2.898332632177967,-2.1084604612737814,0.40822598980627023,-0.23057747447199206,-0.5813925272611349
-1.1461534700900142,-0.828903798075161,-0.43805835542982485,-2.3951664720209402e-05,0.9085959074889293,-0.9900209358678055,1.98459941234201
-0.2832942189709328,-0.25359157292710405,-0.5959940234822647,0.9753306817155503,-0.727699000047169,-1.5560952520335172,-1.3211078186429654
-0.12150810938610505,0.6850757417881468,0.5687815284044793,-1.45868023428288,-2.3228182400400903,0.633480253991113,-0.36129208050609274
-0.20240116417851894,0.7759145141799453,0.6082654454175893,-1.224909303041031,-2.354481860743733,1.7098256970403953,-0.42484805673001935
1.0918877125001032,0.049204335045557504,-0.6552198990019297,-1.487142049659862,0.05392299099825327,-0.12504075401881737,-0.4482681389980841
0.8492085481228615,0.715355332585413,-0.04321918529872517,0.6781322261795913,0.4840798778803781,-0.7351892019439554,-0.1417920665828146
-0.8225812509203587,-0.7380650256833625,-0.41831639692326983,-0.08951955990031513,0.9408867416851824,-0.5479383265214084,0.9833648261729656
0.41777892256332083,0.14004310743735598,-0.26038072887082997,-0.39565580774108655,0.36165801104713186,1.0873878548011733,1.483001488866924
-1.3618682828697846,-1.1014201152505565,-0.1221870193249451,-0.4678626893123134,0.8884986793435161,0.4949094275085123,0.09920300438513065
-0.47204468015323187,2.5624103712186486,2.957558507697632,-0.6490377776364835,0.8658612255057004,-0.32296237923177346,0.3471524979522407
-0.9304386573102439,2.713808325204979,2.9378165491910773,-0.5846261767190806,0.992925451534536,-0.731435538076497,0.2414810891482495
-0.9034743057127727,0.41255942461275136,-0.5959940234822647,1.131419289044439,-0.6709593590479748,-1.1067436403118274,0.46453881013590914
-1.227046524882428,0.17032269823462212,-0.6552198990019297,-1.3311552241686464,-2.3004991105176376,-0.6438488032901517,0.5549870169202566
-0.22936551577599024,-0.011354846548974808,-0.003735268285615202,-0.4854874729887119,1.0288590924122067,0.36485921601656285,2.323399389847459
-1.3618682828697846,-0.7986242072778948,-0.20115485335116504,-0.6187995229770501,0.8304347926842907,0.338603988474254,0.10458028070217674
1.44242428326723,-0.8591833888724272,0.13445844126026968,0.850675055232651,0.8514221401122606,-0.4494547862654854,-1.4706792925857974
-1.0922247668950718,2.653249143610447,3.0167843832172974,-0.6824805074072565,0.8787876301275779,-0.11301827240621913,0.016474610919754454
-0.5259733833481745,-1.434495614020484,-0.43805835542982485,0.7143485723701712,0.8936550707914048,-0.9401331092631136,0.9739098223313012
1.1997451188899884,-0.7986242072778948,0.13445844126026968,0.5833901722688981,0.8893426746772182,-0.40248035762756224,-1.5034090869032681
1.5233173380596439,-0.46554870850796715,-0.3788324799101599,0.22003242903943265,-0.6216384903555977,-0.15771882889703934,0.7534574307133262
1.7390321508394144,-1.0711405244532903,0.09497452424715971,0.7227131199333148,1.0233783572014885,-0.5922851972522044,-1.4819023262759947
1.0918877125001032,-1.404216023223218,0.07523256574060473,-0.0936969142563226,0.5412657429812571,-0.08859846614496635,-0.8581845200644282
-1.3349039312723132,0.41255942461275136,-0.5367681479625998,0.39372059452312336,-0.488279273104157,0.0993963832700714,-1.0096135509847939
-1.2809752280773707,0.2006022890318883,-0.5762520649757097,0.0397136199985389,-1.3782322816726855,-2.121270041397061,-0.05187633547086889
-0.17543681258104765,0.29144106142368675,-0.6552198990019297,0.17467579613556342,-0.30977994985001794,1.1095978817332062,-0.7298091046736932
1.6851034476444717,0.9575920589635422,-0.06296114380528015,0.479176358915101,0.23476202192864049,-0.5602728080299746,0.09915814280174028
1.631174744449529,-0.7683446164806287,-0.43805835542982485,0.4440479099741843,-0.31125209500488715,0.5943602029820513,1.6184047939677477
0.9031372513178041,-1.0711405244532903,-0.04321918529872517,0.3072868239912234,0.9886249452212403,0.3938183870589961,-1.422824783521488
1.7659965024368858,-1.4647752048177503,0.1147164827537147,-0.03425363392347176,0.43038066186256657,0.23079173049227075,-0.8430927814519994
-1.200082173284957,0.3217206522209529,-0.49728423094948976,-0.44128535305951,-0.1798508413582753,0.7584750094328903,-1.2254209111776198
-0.579902086543117,0.4428390154100175,-0.49728423094948976,-0.27606920044923644,-2.3410646039516148,-0.8297753782162547,0.2379701379118247
-1.1731178216874856,0.07948392584282366,-0.5959940234822647,-1.443139890615022,-2.114242343346087,-0.9952986395440674,-0.49950424543252653
-0.17543681258104765,0.14004310743735598,-0.5959940234822647,0.4964753174260697,-0.2848718952214302,0.43662120517374015,-0.5657548701261707
-0.6338307897380596,0.10976351664008982,-0.4775422724429348,0.35661450458704697,-1.2597339427017655,-0.4904346619146183,0.7030454291311868
1.631174744449529,-0.4049895269134348,-0.4578003139363798,-0.21206330451820052,0.585590482850154,-0.3677852668616636,-0.2305766437196354
-0.4181159769582893,-0.16275280053530558,-0.6552198990019297,0.3112967323522723,0.7204014409282705,0.6513341132614877,-0.8829370498616529
0.8492085481228615,-1.2225384784396212,0.07523256574060473,0.3127269825211355,1.0535193864213814,-0.04015637433310009,-1.4010652998552842
-0.6068664381405884,0.14004310743735598,0.6477493624306992,-1.6104254137526066,-2.4639293182657225,-0.3768028712701505,-0.18684663290604597
0.6604580869405625,0.07948392584282366,-0.08270310231183513,-0.0544778053617344,0.10492556550520682,-0.46783357307895546,1.1702087352717554
0.20206410978355047,0.7759145141799453,-0.6157359819888196,0.33912240376291597,-0.2383826574276324,0.7282943501949823,-0.7506491433569698
0.9570659545127467,0.6850757417881468,0.1147164827537147,0.7517162995410417,0.3909839965715467,-0.7021844761731008,-0.24572267080722424
-1.038296063700129,-1.010581342858758,-0.7539296915347046,-0.21871910776527356,0.9743108406042343,0.06960084932474457,0.1060430241327403
-0.9574030089077152,-1.192258887642355,-0.7934136085478145,-3.099458672447423,0.8449185586884652,-0.3248201368996358,0.28632867918374555
1.0109946577076894,-0.5563874808997656,-0.16167093633805507,-0.39265285153169344,0.546892630771665,-0.7957084558286959,3.409571246508703
-0.7416881961279448,-0.9197425704669595,-0.41831639692326983,1.8306034636866133,-0.8973627345493486,-1.6845751317506685,-0.1148588312415799
0.28295716457596437,0.3217206522209529,0.07523256574060473,3.541812960564304,0.9621308259125095,0.21425525743328735,0.1258669893763372
1.8199252056318282,-1.2225384784396212,0.1147164827537147,-0.22634146642123043,0.8265848454269019,-0.5575094124558961,-1.0820417583337545
-0.9034743057127727,0.07948392584282366,-0.6157359819888196,0.47782227805154476,-1.1674044591150146,-0.664000858518363,-0.617211197843856
-0.6338307897380596,-0.8894629796696933,-0.3788324799101599,0.21275933762911828,1.1480023102744994,-0.42609307988459,1.58741964032038
-0.7147238445304736,-0.7986242072778948,-0.28012268737738494,0.6644837607232651,1.0644824820577077,-0.34735839029343135,0.7526079948366378
0.8761728997203329,-1.3133772508314194,0.09497452424715971,-0.12323922779561242,0.6106806500148573,-0.3579232305321531,-0.9970104200488105
-1.1191891184925429,2.07793691846239,3.0167843832172974,0.8058930335775515,0.4270668599291521,-1.1596309771778994,-0.6462576177946765
-0.7956168993228874,-0.9197425704669595,-0.1221870193249451,-1.1982248725295166,0.8482204407327334,0.5499648424433047,0.013436121632653876
2.1974261279964264,-0.04163443734624096,-0.5762520649757097,-0.27603354758075266,0.2395337574804763,-0.048006363976270935,-0.7574107218302427
-1.0922247668950718,2.5018511896241162,3.076010258736962,-0.8676216741252941,0.931678681882599,-0.25392499816463804,0.04035175081910777
-0.2832942189709328,-1.3436568416286856,-0.14192897783150007,-0.23341356757833007,0.6283603393516088,-0.8870929152475822,0.04530997866852777
-1.227046524882428,0.3520002430182191,-0.5762520649757097,-1.4496938781111048,-0.14845815506900564,0.6469760569697292,-0.9962121289571095
-0.6877594929330022,0.10976351664008982,-0.5762520649757097,-1.6743979549409678,-2.314495847805446,-1.1644650016133526,-0.2841141711841597
-0.49900903175070316,-1.0711405244532903,-0.6947038160150396,-2.3360270473065547,0.9133496884354843,-0.5516297592573106,0.07908486801114907
0.4447432741607921,0.2006022890318883,-0.20115485335116504,-0.14945568847456817,0.319783217283749,0.8827740279318835,1.0655858742287434
-0.7416881961279448,0.17032269823462212,-0.5762520649757097,-0.7106057929806999,-2.0898514833802033,-0.7981270840312112,0.4711193350928634
-0.47204468015323187,2.047657327665124,3.056268300230407,-0.6165742549359606,1.0487490501979775,-1.1138989951407847,0.20360157386281377
-0.6068664381405884,-0.7986242072778948,-0.28012268737738494,1.3778648988180486,-0.9301562653598112,0.0674189337046565,-0.15598978807463987
-0.660795141335531,0.018924744248291346,-0.6157359819888196,0.5984093640417031,0.7880227075487434,-0.25855724197625995,-0.983726908840655
1.1997451188899884,-0.828903798075161,-0.06296114380528015,0.8716095071385644,1.0395026000264282,-0.4575026099114405,-1.3712449440086831
-0.4181159769582893,0.10976351664008982,0.6872332794438092,-1.2098177781573065,-2.4234135454498604,1.286491938231622,-0.42034259021404907
-0.2832942189709328,-0.13247320973803944,-0.023477226792170184,3.468328131526611,0.8876565714865149,0.03517217472510641,2.5931286734334007
0.9570659545127467,-0.4049895269134348,-0.29986464588393996,0.11791223223821301,-0.8598225245188483,1.229424119926272,0.5935333277319883
-0.4181159769582893,2.7743675067995115,2.898332632177967,-0.699931583094841,1.0405715383037903,-0.31069756020362777,0.13346454161758775
1.873853908826771,-0.16275280053530558,-0.6354779404953746,-0.6158606110654306,0.17964927043280085,1.2610504395408735,-0.5773957102874605
-0.6338307897380596,0.2611614706264206,0.5687815284044793,-1.4663216262881096,-2.5462203798395997,0.1312644039139902,-0.6077826374819262
-1.1461534700900142,0.14004310743735598,-0.6157359819888196,0.6393682060425956,-0.10118152872848568,1.0417514397564924,-1.2441803186054492
1.7659965024368858,0.8364736957744776,0.13445844126026968,0.1746364945933746,0.5519178742488451,-0.7166549996057429,-0.1546361541122193
1.172780767292517,-0.10219361894077328,-0.5762520649757097,-0.44768875147304876,0.09951535222614291,-0.7709324888295267,-0.10980378343974526
-1.1731178216874856,-0.9197425704669595,-0.26038072887082997,-1.1564109142725605,0.7772388148692916,0.7444254362450041,-0.019633840201158922
-0.6068664381405884,0.6245165601936145,0.6477493624306992,-1.5031570361037143,-2.3845981367597777,2.924922673317464,-0.39332500848271834
-0.391151625360818,2.4110124172323175,2.957558507697632,-0.005649875364349941,0.564672289460897,-0.31493749499989643,-0.6261153420661849
-0.4450803285557606,-1.1619792968450888,-0.28012268737738494,0.3013389133154523,0.8844873759557064,-1.022356130721526,2.1995881638260575
1.6581390960470004,-1.1014201152505565,-0.39857443841671486,0.4153455055615682,-0.4557907316737325,0.3891579048915117,1.689936650456275
-0.9034743057127727,-0.3141507545216364,-0.5170261894560447,0.90043989441698,-1.1455460063858185,-1.2519451263099455,-1.1369712761238024
1.1458164156950459,1.2301083761389375,0.09497452424715971,0.06355860036638568,0.5844441000969199,-0.5067086513149851,0.19805978751048367
0.8222441965253903,-0.7077854348860964,-0.3393485628970499,-0.17890608895082613,-0.8743544038893863,0.7101320912297648,0.5723829970358784
-0.7956168993228874,-0.435269117710701,-0.5565101064691548,0.5180292139830751,0.4809545119566525,0.7578566691160652,-1.0333781301336535
2.0086756668141272,0.2006022890318883,-0.6157359819888196,-0.28005559690854254,0.5885810188090053,0.39981477222426975,-0.4228345657795729
0.33688586777090695,-0.19303239133257175,-0.26038072887082997,0.2868873027607255,0.7924611051946684,1.2299962426932356,1.6395846447921147
-1.0922247668950718,2.622969552813181,2.9378165491910773,-0.6739421600898589,0.8470680138327177,-0.3138425052468612,0.3785192112485207
0.9031372513178041,-0.4049895269134348,-0.1221870193249451,0.14669270709667234,0.08748682875865334,0.2953112722858018,1.5089889073292642
1.3345668768773449,0.6245165601936145,0.07523256574060473,-0.02252515483204316,0.45492921572415806,-0.8171016117521637,-0.13002181605129465
-0.4181159769582893,0.14004310743735598,-0.5565101064691548,0.7655764957969073,-0.3562123410489472,-0.9140423721644916,-0.24673201373760276
-0.4450803285557606,0.4428390154100175,0.05549060723404975,0.3590083138236782,1.0224650906195993,0.27326133498139765,-1.1497538857332217
-0.6338307897380596,-1.2225384784396212,-0.8328975255609244,-2.43122814386838,0.8957582735503671,1.1047593268949836,0.13793920113264901
1.0918877125001032,-1.404216023223218,0.09497452424715971,-0.08186273334699597,0.8026483733597406,-0.021672328467575965,-1.0920245976208656
0.4447432741607921,-0.19303239133257175,-0.08270310231183513,0.23599779830865872,0.4659850685131497,1.7890237027498417,3.211639902088764
0.8761728997203329,1.2301083761389375,-0.023477226792170184,0.36925705324527286,0.4354147836205889,-0.006077762197697596,0.15445161226907345
-0.7147238445304736,0.8061941049772114,-0.5762520649757097,0.8241345987123705,-0.10436756470095415,0.4284492797979998,-0.689858444253789
0.4447432741607921,-0.3141507545216364,-0.18141289484461004,0.0989472621828704,0.6089313965151633,-0.6083376870369067,1.510148947716451
-0.6877594929330022,2.713808325204979,2.957558507697632,-0.5457237703082092,0.9030573686971775,-0.573252565928926,0.0766848714095034
-0.391151625360818,-0.3141507545216364,-0.5367681479625998,0.5616594078000887,0.6040045250184382,0.8549257396187261,-0.9212167191338049
-0.8225812509203587,-0.25359157292710405,-0.6354779404953746,0.876146560076903,-0.7540637546756921,-2.3709178667633295,-1.057364168201857
1.873853908826771,-1.1316997060478227,0.05549060723404975,0.4890099634538791,0.9085951103746901,0.09357691989157028,-1.4598051469136417
-0.6338307897380596,-0.9803017520614918,-0.35909052140360487,1.9637460368709003,-0.8497131148799733,-1.812964408544577,-0.22539162287008935
-0.391151625360818,0.6850757417881468,0.5292976113913693,-1.4296487470317014,-2.4596674160827328,2.9025241503241244,-0.6016287016339277
-0.9843673605051865,0.6547961509908806,-0.4775422724429348,-0.19951811300750388,-0.6317655995231968,-0.04868858027776706,0.26755246228849633
0.12117105499113659,0.41255942461275136,-0.6354779404953746,1.7606142017065116,-0.07705421583656623,0.15731448029492082,-0.6061475539510395
1.8468895572292996,-1.404216023223218,0.13445844126026968,0.09794133740516656,0.5940564045972955,-0.5679791809543691,-1.0762114358016666
-0.49900903175070316,-1.2830976600341535,-0.3393485628970499,0.7916558269895401,0.9500449668037263,-0.016528259484163005,0.5010347474602883
-1.3349039312723132,2.1384961000569223,2.9773004662041873,-0.3664887190976568,0.981884426866696,-1.0464885906379884,0.1641194270205742
-1.2540108764798994,2.5018511896241162,3.076010258736962,0.8756332501371992,0.46558839393069273,-0.737956146397688,-0.6924305983626449
1.0109946577076894,-0.7380650256833625,0.05549060723404975,-0.16535016096150704,0.7875124623749642,-0.485524240338834,-1.0024393095339719
1.1458164156950459,0.14004310743735598,-0.20115485335116504,-0.9839857624273662,0.5552388627846022,0.5880058095059402,3.196028327244373
-0.391151625360818,2.259614463245987,3.076010258736962,-0.06229987354454296,0.41663303198042584,-0.9986070139595942,-0.6648941825720958
-0.3102585705684041,-0.34443034531890254,-0.5565101064691548,0.7585115503492551,-0.45608206996722156,2.029508676249133,-1.1410897913160314
-0.9843673605051865,-0.9500221612642257,-0.7736716500412595,-1.6554231181058843,0.8859524467778431,0.08863711420810529,0.1612377752243437
-0.7686525477254161,0.2006022890318883,-0.4775422724429348,-1.3496414439470885,-2.29756664354518,-1.082168641774228,0.011311946007811472
-0.7686525477254161,-0.2838711637243702,-0.4775422724429348,-0.24704213389840193,-0.6772152602373978,-0.5692329567696939,-0.8110240172605909
0.12117105499113659,0.38227983381548525,-0.5170261894560447,1.0701597512076213,-0.11744389910131549,1.6341619494987158,-0.6721634325789841
0.8492085481228615,0.7456349233826791,-0.04321918529872517,-0.09768966646982458,0.6091184807987348,-0.9435825279087313,0.12366226929519884
-1.0922247668950718,-0.4958282993052333,-0.5170261894560447,0.634340162115571,0.7956821082111223,0.7642278139200039,-0.8194836177479504
-0.4450803285557606,0.2611614706264206,0.13445844126026968,0.40651498705654493,0.8674296391575906,0.14272277789021243,2.450316352109874
0.22902846138102176,0.049204335045557504,-0.5762520649757097,1.2360557640420635,-0.39965364077898907,1.1011883225546486,-0.6297824082334724
-1.1191891184925429,0.715355332585413,-0.6157359819888196,-0.7758690190776303,-0.35145429430624936,-0.2481167498103831,-1.1910860127564131
-0.04061505459369118,0.049204335045557504,0.5885234869110343,-1.3748692676593455,-2.480339615078098,1.782145365819823,-0.3983757509024794
-1.038296063700129,0.38227983381548525,-0.5565101064691548,0.37237440106078623,-0.3588870652863319,1.105989552570735,-1.0756220991805943
0.5526006805506773,-0.04163443734624096,-0.5959940234822647,-0.0877445749006033,-0.6930253313753496,-0.8767474653121076,-0.46281778464078754
-0.7416881961279448,-1.434495614020484,-0.29986464588393996,0.7246690584018277,0.957476477669694,-0.5752089493488388,1.8409366358906913
1.0379590093051605,-0.9500221612642257,0.07523256574060473,-0.1298495872006932,0.660070552392924,-0.32949305169324283,-0.9172932186544466
0.9031372513178041,-0.46554870850796715,-0.10244506081839011,0.20477617920554697,0.10824833553515396,1.0103566492558431,1.011762958816751
-0.7147238445304736,-0.4958282993052333,-0.5367681479625998,1.0026930832801026,-0.5920033210584753,-0.8415291560080644,-0.7428436477203846
-0.49900903175070316,0.049204335045557504,0.05549060723404975,0.8098238880066246,0.9766079284907286,0.12813991175961212,-0.7439507054002706
-0.579902086543117,0.5639573785990821,-0.4775422724429348,-0.4735143033454444,-1.559695400060633,0.6264792959557185,1.071188730255563
-0.14847246098357636,-0.19303239133257175,0.13445844126026968,2.5677254981959585,0.8861534614747562,0.35584378250625903,0.2839900574868669
-0.5529377349456458,2.07793691846239,2.9378165491910773,-0.8318481779754223,0.9570285313521757,-1.1558449256137238,0.0455527766362712
-0.8225812509203587,0.6245165601936145,-0.6354779404953746,2.093811696885559,-1.2482159073594938,-2.199917611509758,1.0221472743917448
-0.06757940619116247,0.2611614706264206,-0.023477226792170184,-0.03992947004305784,0.9708724229951604,0.42210240876636157,1.2857239604191053
2.0086756668141272,-0.435269117710701,-0.5367681479625998,-0.10298140437444658,0.4851516570279781,1.8995633119544437,-0.1565272886004833
0.14813540658860788,-0.10219361894077328,0.07523256574060473,1.504023944444198,0.9359909122868392,0.38013408545300026,-0.2816908682523029
-0.47204468015323187,0.17032269823462212,-0.5170261894560447,-0.5795885293392321,-2.2371081965231294,-0.6762994983952761,0.3407340702579019
-0.6068664381405884,0.6850757417881468,0.6674913209372543,-0.9937997770395267,-2.5665486143858267,0.23135378398680748,-0.3610998960773064
0.7952798449279189,-0.3141507545216364,-0.6354779404953746,-0.39676540352759504,0.00826392635272139,0.23589501302038937,-0.6706800079802795
-0.3102585705684041,0.715355332585413,-0.5367681479625998,-0.5086946037499708,-0.5014997437219935,-2.3999777895497107,1.0184313592071987
-0.391151625360818,2.622969552813181,2.957558507697632,-0.4396471803568816,0.9011815680354353,-0.24663061988847504,0.01439562209389514
1.0649233609026318,-0.04163443734624096,-0.4578003139363798,0.0852031771376813,-0.09186513952910262,0.44711082353379655,-0.007467911848603802
-0.8225812509203587,-0.25359157292710405,-0.5170261894560447,0.8061588800531968,0.8345887247332375,0.5523204401823665,-0.8843183471348097
-0.6068664381405884,0.4428390154100175,-0.5762520649757097,1.8135825185517425,-0.4501344674168923,1.572231968478916,-0.5669065014192148
-0.3102585705684041,2.5926899620159145,3.0167843832172974,3.119811569079943,0.4314898380176137,-1.1985194708462015,-0.6349062142424625
-0.7686525477254161,2.5624103712186486,2.898332632177967,0.45626426002932624,0.543607467917877,-0.3411736963902183,-0.5560574453124919
0.7143867901355051,0.10976351664008982,-0.5367681479625998,-0.12279825296172917,0.10754794381189152,0.09809567268733983,-0.43411141738158576
1.0918877125001032,-0.8894629796696933,0.13445844126026968,0.1442108469251081,0.5246337006637459,-0.275880338452393,-1.033169662759676
-0.7416881961279448,0.17032269823462212,-0.4578003139363798,0.4545468478689415,0.7778715973836897,-0.19674018743614183,-0.8529391199422103
-0.5259733833481745,-0.7380650256833625,-0.43805835542982485,0.5338385680393705,-1.077981525285545,-1.8603818415459787,-0.1065786898057096
0.8222441965253903,-0.13247320973803944,-0.5565101064691548,-1.4973453971068893,-0.48476001598617235,-1.2322413833682517,0.010859354912915328
0.040278000198722706,0.533677787801816,-0.6354779404953746,0.4378864950319929,-0.128864073514403,0.7721039377387674,-0.5786349361294699
1.0109946577076894,0.018924744248291346,-0.08270310231183513,0.03744638921748944,0.5601431025240495,-0.416598641282599,2.3527745537081204
0.8492085481228615,-0.9197425704669595,0.01600669022093978,0.2525778085076644,0.7100098820390323,0.5121575086748936,-0.9434791459895945
0.0942067033936653,0.3520002430182191,-0.023477226792170184,0.4747745223531444,0.9047335566849095,0.31784401503675075,0.8407694727049575
-0.391151625360818,-0.8591833888724272,-0.29986464588393996,0.485999566264213,-0.8119026391129035,-1.1874801713150043,-0.07303363577333086
-0.6068664381405884,0.6547961509908806,-0.5367681479625998,-0.1543103455918196,-0.9369250707164817,-0.5986646971914708,0.19345205304501653
-1.200082173284957,0.4731186062072837,-0.5762520649757097,0.2670350327134609,-1.3343609215214038,-2.2109016647614728,-0.16654995571499312
-0.8225812509203587,2.2898940540432533,3.0167843832172974,-0.42636452186937357,0.9111639491001698,-1.137029735660863,0.22607634415373415
-0.579902086543117,2.3807328264350516,3.076010258736962,-0.49038881078649865,0.8449670932904092,-0.48416016313702165,0.08325159378063922
1.1458164156950459,-0.011354846548974808,-0.20115485335116504,0.2757415820932507,0.4717397316951506,0.7634893146453312,3.3983198135030936
-0.49900903175070316,2.047657327665124,2.9773004662041873,2.757612677734554,0.4420748383448802,-0.44174346081923066,-0.5369407680251822
1.3615312284748162,-0.4958282993052333,-0.5959940234822647,-0.5234837216096669,0.5064657894092008,1.4925187298520664,-0.1946807291646776
-0.6338307897380596,-0.8894629796696933,-0.14192897783150007,-0.24338138505834778,0.8745099594531733,0.17467675301522292,0.12402137998394745
-0.20240116417851894,-0.10219361894077328,-0.003735268285615202,0.5455076509520714,0.8964101486348235,0.2002271006948569,1.3742197926204613
-0.8765099541153013,-0.9197425704669595,-0.7934136085478145,-0.8092379654445462,0.9893199435123868,-0.07770077922914027,-0.03910707223701363
-0.579902086543117,0.7456349233826791,-0.4578003139363798,-1.114711028437585,-0.5423931816297667,-0.6302962233692097,1.6742724615428173
-0.9574030089077152,-0.7986242072778948,-0.39857443841671486,1.6470436010318876,-1.1353077103352793,-2.5232000810407893,-0.2327192954055494
1.1997451188899884,-1.2528180692368873,-0.04321918529872517,0.1334503077037735,0.4311422297459787,-0.1941115120040051,-0.8898956430328522
1.1997451188899884,-0.9197425704669595,-0.06296114380528015,0.4541443307341748,0.860321733320412,-0.26674236595106426,-1.497886933943478
1.0379590093051605,0.2006022890318883,-0.6157359819888196,-0.03435843005637157,-0.6376571876210144,-0.6288872539944982,-0.03513831918881425
1.0649233609026318,-0.16275280053530558,-0.06296114380528015,-0.29583612065735504,-0.00431409488812591,0.0449920209571165,0.9085063484660121
0.17509975818607917,0.2006022890318883,-0.6157359819888196,0.13765065728219691,-0.15826782056407174,1.3221699082822496,-0.5459228549790613
-0.3372229221658754,-0.46554870850796715,-0.5959940234822647,0.15217080265657276,-0.4590481095950944,-0.2309179449534777,-1.2336466687538683
-1.307939579674842,0.5639573785990821,-0.5959940234822647,0.20512701643817888,-0.4684215115483701,1.7482807565163478,-0.9582659297586118
1.1997451188899884,-0.435269117710701,-0.240638770364275,-0.3360239175098666,0.5273534454642477,-1.171039607819267,3.29966477669002
-1.1461534700900142,-0.7683446164806287,-0.22089681185772,-0.3318858627011469,0.6644854048560151,-0.5023554192414125,0.08498702412712218
-0.49900903175070316,0.533677787801816,0.7267171964569191,-0.9814999802806768,-2.5583731907064053,-0.08997378788086911,-0.2101756657091013
1.8468895572292996,-1.3436568416286856,0.03574864872749477,0.23894683434223257,0.5618014531159752,-0.28588792503706356,-1.141709367536729
-1.307939579674842,-0.435269117710701,-0.6552198990019297,0.5036081094525674,0.5165369056800541,0.005708446914078972,-0.9813844744905791
-0.9304386573102439,0.533677787801816,-0.4775422724429348,-1.439614340197241,-1.48194715405623,-1.9601441203802628,0.6543169414956701
1.2806381736824022,-0.19303239133257175,-0.22089681185772,-0.4117286562848929,0.4456275778535129,1.1564971026058684,2.1879134890702017
0.6874224385380338,-0.4049895269134348,-0.10244506081839011,-0.07785369276782908,0.5257649090563477,-1.8012967379152325,2.3210193240561883
1.3345668768773449,-0.3747099361161687,-0.5170261894560447,-0.6238540950959444,0.5904686823269315,1.0837736955197044,-0.1847461197134048
0.984030306110218,-0.2838711637243702,-0.10244506081839011,-0.33372180588697375,0.6908227338148676,0.313852885444291,1.3422914447126846
-0.20240116417851894,0.23088187982915445,-0.5565101064691548,0.26415511600549274,-0.43990922248410086,0.42358932134068783,-0.7288506165595386
1.1997451188899884,-1.2528180692368873,0.05549060723404975,0.043314055005460934,0.573168050674346,0.26622850246398816,-1.0794575772435455
-1.200082173284957,0.715355332585413,-0.5565101064691548,0.04782653275988889,-0.4997283951137626,-0.5334889988559018,-0.9900196076416152
-1.1461534700900142,-0.25359157292710405,-0.6552198990019297,0.508294989421314,-0.4682071929025455,-2.3899688660407437,-1.2680383183861934
-0.47204468015323187,-1.1619792968450888,-0.8131555670543695,-1.9378131551161573,0.9104366912589787,1.5102847998987934,0.11123978399340767
-0.4181159769582893,-0.04163443734624096,-0.6552198990019297,0.628532221664973,-0.460842071548387,4.440568080738681,-0.6896485568322824
-0.47204468015323187,-1.192258887642355,-0.7934136085478145,-0.9008409789875833,0.9679752437086978,1.5528753909044752,0.12805021070823477
-1.1461534700900142,2.0173777368678576,2.9180745906845225,-0.2954299089661636,0.5054141065219819,-0.5394469301266959,-0.6143831343099952
-0.6068664381405884,-1.404216023223218,-0.7736716500412595,1.80420148520565,0.9306164510408805,0.3292908314179155,0.2167602001029711
-1.1191891184925429,0.715355332585413,-0.6157359819888196,-1.082031430043411,-2.1087586900236377,-0.8861710969648935,0.0458525436550752
-0.2832942189709328,-1.2830976600341535,-0.08270310231183513,-0.21730822608903058,0.6601117274973224,-0.19465199508467462,0.14068774164153539
-1.1461534700900142,-1.1619792968450888,-0.29986464588393996,0.6833469948236549,1.1985506877410688,-1.2477890084555392,2.0033760907163694
-1.3349039312723132,-0.5563874808997656,-0.28012268737738494,1.046532592071693,-1.109858120543229,-0.2575179822075624,-0.20750703575863103
2.1704617763989553,-0.5563874808997656,-0.5959940234822647,-0.21077976733947731,0.48656140857103497,0.74876151411721,-0.7195615627860026
1.3345668768773449,-0.16275280053530558,-0.6354779404953746,0.03416056005346135,-0.1880555117204587,-1.1857896831484322,-0.5290576425180809
-1.1461534700900142,2.5018511896241162,3.0167843832172974,3.2134484119962567,0.48552961851166193,-1.1096368689408622,-0.5348399308887406
-0.7686525477254161,0.7456349233826791,0.5490395698979244,-1.535914521412851,-2.349478049086229,2.7553920096420743,-0.4961763616871979
-1.3349039312723132,-1.434495614020484,-0.26038072887082997,0.2942425461840782,1.0917034258469305,-0.3110661022461958,0.7909422687153095
1.8199252056318282,1.0484308313553408,0.05549060723404975,-0.019641134612969777,0.36297778388585805,-0.3492378890190481,-0.054006519408374275
-0.3372229221658754,0.2006022890318883,-0.5565101064691548,0.8579095054129678,-0.4836919686804439,1.3049884000437908,-1.0325128551674692
-1.1461534700900142,-0.8591833888724272,-0.240638770364275,-1.1240096524284264,1.0571674670800477,0.4547267102912931,0.007144713338039109
-0.6877594929330022,2.047657327665124,3.0167843832172974,0.9893968255533119,0.5078296559131353,-1.1289021648656206,-0.6095967231273093
1.0379590093051605,-0.7683446164806287,-0.29986464588393996,0.17882734245891804,-0.7890637048838282,0.6660603459186988,1.3033673187734793
-0.9843673605051865,2.5926899620159145,2.9378165491910773,-0.7626254127697006,0.9623868720292197,-0.5357684868548658,0.32815376091737947
0.9301016029152754,-0.7986242072778948,-0.06296114380528015,0.10446436603453048,0.7777621767262715,-0.008996805526172684,-0.8328049994943509
-1.0113317121026577,2.7440879160022456,2.9378165491910773,-0.5238905297762212,1.0547343937498423,-0.24876196204893009,0.037421527438140055
-0.4181159769582893,0.10976351664008982,-0.4578003139363798,0.3087927068370578,-1.3089483600433975,2.3945187765310973,-0.5906088542888547
2.1704617763989553,-0.46554870850796715,-0.5762520649757097,-0.3350593011446346,0.19193178323772542,0.4365326987325505,-0.23945568965566652
0.6604580869405625,-0.3747099361161687,-0.26038072887082997,-0.1151641882274231,0.3241216024656626,0.4910503647379914,1.144741941552928
-1.2540108764798994,-0.2233119821298379,-0.6552198990019297,1.0902194450634306,-0.4044206839101607,-3.8097924314380824,-0.7242412145919965
-0.660795141335531,0.8061941049772114,-0.5959940234822647,-1.2413514875333065,-2.1589902121104365,-1.1458627328924371,0.020783575815359986
-0.660795141335531,-0.4958282993052333,-0.35909052140360487,1.9654051919409576,-0.9857212487287627,-0.39509081010035835,-0.11307906111013348
0.5526006805506773,0.018924744248291346,-0.26038072887082997,0.21780444593824883,-0.020317838290426844,1.0738621249903288,1.7387427537909028
-1.1191891184925429,-1.2830976600341535,-0.7934136085478145,-0.13738577611324362,1.0320051999220379,0.1092233490730165,0.14799880801474288
-0.84954560251783,0.049204335045557504,-0.5565101064691548,0.3761535771914367,0.7362903042265047,0.9124874013357933,-0.8884523335050397
-0.06757940619116247,0.3520002430182191,0.5885234869110343,-1.6179427388824588,-2.5629364856001735,1.7795978668399155,-0.5548975204767673
-0.9304386573102439,-1.0711405244532903,-0.43805835542982485,0.5762773392256805,0.9162867759760548,-1.162100326389274,0.7613857199454559
-0.3641872737633467,-1.434495614020484,-0.6947038160150396,0.09640445379969494,0.9025892497759419,1.3313393652224206,-0.04269016682971801
-1.0113317121026577,-0.9197425704669595,-0.8328975255609244,-0.31643974418643767,0.8467188216614098,1.1434810283516663,-0.017052703964651573
-0.22936551577599024,0.14004310743735598,-0.4578003139363798,0.3811890301803198,-0.3821336131996881,0.05069656786593378,-0.6208937775216771
0.6334937353430912,-0.13247320973803944,-0.20115485335116504,-0.44558392357754034,0.0018596914096047528,1.3008792208058995,1.1057798762169813
-1.200082173284957,2.1384961000569223,2.997042424710742,-0.5118193147446236,1.0075324707103706,-0.6450798141843952,0.10811632804468309
1.1458164156950459,0.07948392584282366,-0.1221870193249451,-0.3372336952235453,0.4857338373832754,1.1658372919635223,1.6616949410622694
-0.47204468015323187,-0.19303239133257175,-0.6157359819888196,-0.13558923022484784,-1.0389059034798676,2.7552009539224485,-0.7215733280952736
1.3345668768773449,-1.1014201152505565,-0.003735268285615202,0.8339069518146044,1.0278524916118519,-0.136396218183277,-1.4009854741436176
-0.9304386573102439,0.6547961509908806,-0.5367681479625998,-1.4045679195855079,-2.1462713293321305,-1.0198648993183541,-0.3012900677335322
-0.9034743057127727,-1.1316997060478227,-0.6749618575084846,-1.8256287372500117,0.9328268784636693,0.19429113501324813,-0.01254164210531643
1.1458164156950459,0.9575920589635422,0.01600669022093978,0.4828203565724867,0.35372845063069674,-1.0005943275464746,0.2878266567260333
-0.6877594929330022,-1.1014201152505565,-0.16167093633805507,-1.3236578919353885,0.7337892929620135,0.17181902729613902,0.138908726955025
-0.9034743057127727,-0.04163443734624096,-0.6157359819888196,0.46597107864283116,0.6755030006523388,-0.14003163610068298,-1.0717650128125351
-0.3372229221658754,2.3807328264350516,2.9378165491910773,-1.0227400454531788,0.45502228588449906,-0.6966968484387456,-0.6668518752476171
-0.7416881961279448,2.6835287344077132,2.9378165491910773,2.696674370806445,0.4773091190324745,-0.607561835996325,-0.6236641111090002
-1.3618682828697846,0.41255942461275136,-0.5170261894560447,0.8525014089299597,-0.08991327890033196,0.15356720723352263,-0.9460294012795247
1.3615312284748162,1.1695491945444052,-0.06296114380528015,0.5346430656805674,0.4146585746224969,-0.9187232263895161,-0.10229625559848958
1.4154599316697587,-0.07191402814350713,-0.5565101064691548,-0.5477174822248378,0.5719997672635417,0.7345378559368076,-0.21793989839092967
0.20206410978355047,-0.07191402814350713,-0.023477226792170184,3.3089462720075282,0.9114028992495848,0.36356471918082006,1.7036290372429546
1.6581390960470004,0.5942369693963483,-0.003735268285615202,0.737384193523385,0.2654357920088215,-0.9836003261479863,-0.23559379663747693
-1.0113317121026577,2.7440879160022456,3.076010258736962,1.0334228156840355,0.49473384857327285,-0.4899485487993268,-0.6404949133983211
0.8492085481228615,-0.828903798075161,-0.023477226792170184,0.5897815095117311,0.9906028591359559,0.11701896361865965,-1.4432011659672586
1.3884955800722873,-0.8894629796696933,0.1147164827537147,0.43402354503389107,0.8770270908375003,0.28786296424145313,-1.468299778389243
1.8199252056318282,-1.1619792968450888,-0.06296114380528015,-0.26587275136944394,0.5746531674600782,0.08198398102085366,-1.0105860773298079
1.8468895572292996,0.5639573785990821,0.13445844126026968,0.0883694080042981,0.5357657243421416,-0.32520400738227373,0.15340105325858808
-0.579902086543117,0.715355332585413,0.5292976113913693,-1.6047196920229732,-2.5116356727094344,1.6737004655103465,-0.5575865138288572
0.39081457096584954,-0.4958282993052333,-0.16167093633805507,-0.43661687206155697,0.5472303184513876,-1.463669544138968,1.540308382606423
0.22902846138102176,0.4731186062072837,0.6280074039241442,-1.2903701001310726,-2.404453325096079,2.1699376119516707,-0.6218752000574843
1.6851034476444717,-1.0408609336560242,-0.04321918529872517,-0.025749888161795624,0.43613312366203344,-0.2408520558725015,-0.9831185850794816
-0.3641872737633467,2.47157159882685,3.095752217243517,-2.7370113680651573,0.3984773846091158,-1.2357993392248237,-0.5365549945632793
-0.7686525477254161,0.2006022890318883,-0.5959940234822647,-1.1880648742785582,-0.4546092929589813,0.34625618517181667,-1.1239735934484856
-0.9304386573102439,-1.434495614020484,-0.3788324799101599,0.7459994881574302,0.9227059935233078,-0.7772930267686398,0.5180677033989618
-0.5259733833481745,-1.010581342858758,-0.35909052140360487,1.3225796801548189,-0.781215388595982,-0.3420731898334313,-0.21342132405139203
0.4717076257582634,-0.3747099361161687,-0.6354779404953746,-0.7522423207638039,-0.6107955285920565,-0.4045124248193715,-0.028130035800247092
-1.2809752280773707,0.7456349233826791,-0.5959940234822647,-1.0640874263183884,-0.12380720728041321,0.5299225150841534,-0.9581528740990249
-1.0113317121026577,-1.404216023223218,-0.10244506081839011,-1.465337400047251,0.8852830491015692,0.6920360844332849,0.10951842694292961
-1.2540108764798994,-0.4049895269134348,-0.43805835542982485,0.40593649772046936,-1.0257100675091702,0.31554213419736227,-0.14153044753477556
-0.8765099541153013,0.10976351664008982,-0.5367681479625998,0.36484296400212596,-0.33547128036493623,-0.4082520201888495,-0.984017727343475
1.3884955800722873,-0.25359157292710405,-0.6354779404953746,-0.3773193451715226,0.27460095359301523,1.052232980117161,-0.5220883724644519
-0.6877594929330022,-0.07191402814350713,-0.4775422724429348,-0.008673205496405156,-0.437445978716773,3.7446539300510864,-0.7004788303758642
0.8492085481228615,-1.0711405244532903,-0.003735268285615202,0.7078235867430469,1.0220122673101766,-0.4042299039758038,-1.397675691098793
-0.4450803285557606,0.2006022890318883,-0.5170261894560447,-1.5732261499761429,-2.3916331118085274,-1.0763089808543036,-0.05383829755489533
-1.227046524882428,-1.2225384784396212,-0.22089681185772,-0.6391586235259679,0.8252957289281743,-1.059614272155797,-0.005743974875542761
1.0918877125001032,-0.9803017520614918,-0.43805835542982485,0.15681138895555533,-0.6307214449870178,1.0100138782894654,1.5991974084192737
1.172780767292517,-1.4647752048177503,0.13445844126026968,0.6060002411669111,0.9198327586504155,-0.49836434995168155,-1.394443294467001
0.22902846138102176,0.29144106142368675,-0.5959940234822647,1.2184042586684103,-0.5064193347589802,0.0674667075780975,-0.671206660295032
-0.8765099541153013,2.1687756908541886,3.056268300230407,-0.6193452301070055,0.906368110160994,-0.4026688588210155,-0.019583382729349737
-1.0113317121026577,-1.1316997060478227,-0.7934136085478145,1.8337788471584566,0.9751143703774799,0.610379820082142,-0.062457250230905016
-0.5259733833481745,2.5018511896241162,2.9378165491910773,1.1097142308683385,0.5357782244406382,-1.052515988084583,-0.5851054084930603
-1.1731178216874856,2.7440879160022456,2.898332632177967,-0.5154492722896329,0.9956592704534813,-0.7924380336402774,0.01840176040053499
0.36385021936837825,-0.011354846548974808,-0.20115485335116504,0.13879641264201217,0.3188970485442663,0.4891640582193709,1.4493363189079471
1.8468895572292996,-0.7077854348860964,0.01600669022093978,-0.037857490185399086,0.4063696755563823,0.5503101846153332,-1.015865877449343
-0.2832942189709328,2.5018511896241162,3.036526341723852,-0.5376347744134803,1.040378418855005,-0.6912638395789018,0.2524862031368425
-1.2540108764798994,-0.3141507545216364,-0.5959940234822647,0.6945915029825861,-0.46325222391479703,3.036368428510837,-0.5569415533501613
1.5233173380596439,-0.34443034531890254,-0.4775422724429348,-0.6985324992623881,0.5936946817901569,-0.4227300378391571,-0.3202532639729149
-0.8225812509203587,0.715355332585413,-0.49728423094948976,1.8601987498238066,-1.462721867845185,-1.6600397354254386,0.81060114616631
-0.8765099541153013,-0.9197425704669595,-0.08270310231183513,-0.36655056700956384,0.8177021335265494,-0.37170586022567237,0.036619140628496964
1.8468895572292996,-0.8591833888724272,0.05549060723404975,0.18464471679576627,0.42721057805459517,-0.24414859940614284,-0.9080061572352093
-1.2809752280773707,0.4731186062072837,-0.49728423094948976,0.6236796192956253,-0.3691947655122768,1.0588296712346783,-1.1023586210571168
-1.1731178216874856,0.29144106142368675,-0.4775422724429348,-1.1949877209418014,-0.3124153828670781,0.4420999748223663,-0.9191022162201161
0.41777892256332083,0.2006022890318883,-0.20115485335116504,-0.6906253385826475,0.5416285341460146,-0.13026882598442113,2.3274178845297926
1.6851034476444717,-0.9803017520614918,-0.29986464588393996,0.09469707998052526,-0.699511728812474,1.0306823737726607,1.3311607339154825
-0.9034743057127727,0.10976351664008982,-0.5565101064691548,0.5903032419229401,-1.1769694527522072,-3.4392220732773366,-0.680560186152227
-0.7686525477254161,-1.0711405244532903,-0.29986464588393996,0.9704472920409591,-0.8500375942644929,0.1892679075632387,-0.1764285390587412
1.4963529864621725,0.9575920589635422,0.09497452424715971,0.32950594218975804,0.3322782057165619,-0.7172853876376628,-0.07104143481641778
-0.7416881961279448,-0.25359157292710405,-0.49728423094948976,0.6441168700864209,0.6862747524960493,0.6530945731203389,-0.8631844309236056
0.28295716457596437,-0.011354846548974808,-0.10244506081839011,0.17066648624477776,0.4332197398289876,-0.1597401801659002,2.1753603833781527
-1.038296063700129,-0.435269117710701,-0.5367681479625998,0.6873375486563894,-0.3839625893502023,2.1936552468408297,-0.6025237289214018
-0.391151625360818,2.7440879160022456,2.9180745906845225,-0.3782418352149233,1.03718230196962,0.02928727005709668,0.21305561477562696
0.2559928129784931,0.14004310743735598,0.05549060723404975,3.296457803508382,0.9660816662767387,0.47048224635201036,1.1283861735047571
-0.22936551577599024,0.5942369693963483,-0.4578003139363798,1.693485930809753,-0.1885390991487073,0.035618828045105015,-0.5522982373918451
1.3884955800722873,-1.192258887642355,0.07523256574060473,0.2488000288076282,0.8190588291458852,0.04702578945565882,-0.8338153533183384
-0.6338307897380596,2.5624103712186486,3.0167843832172974,-0.37522052791235805,1.010085952749369,-0.6694119864694474,0.0320858242116145
0.4986719773557347,-0.2233119821298379,-0.14192897783150007,-0.3803219802018741,0.3986237945107539,-1.8757590562580082,2.8974324243263156
-0.8225812509203587,-0.7077854348860964,-0.41831639692326983,0.4513138795883662,-0.8898507066127928,-2.213243576347507,-0.1405416883895446
-0.25632986737346153,0.6245165601936145,-0.5959940234822647,0.640323095271149,-0.46625476329138543,0.16043005662691245,-0.5497340795895178
-0.4450803285557606,0.533677787801816,0.6082654454175893,-1.5200970680589923,-2.494777383324461,1.6100702837357657,-0.5268080279686237
-1.2809752280773707,-0.7986242072778948,-0.08270310231183513,-0.19542183341806102,0.9260266160601341,0.150365273546899,0.13315545962478234
2.2783191827888403,-0.3141507545216364,-0.6354779404953746,-0.412515556905448,0.4634937488105644,0.31606558496515746,-0.30653075640839694
-0.2832942189709328,0.23088187982915445,-0.5170261894560447,-0.9172357167573877,-0.2514218804344378,0.6775820711175617,-1.0791221695026838
1.1997451188899884,-1.192258887642355,0.03574864872749477,0.21656504793634093,0.5796737980034782,0.11077168574878285,-0.8596555777497268
-0.6338307897380596,-0.9500221612642257,-0.3788324799101599,0.6552111921327852,0.9323860747388075,-0.6079789230174216,0.7591291488709428
1.0109946577076894,-0.10219361894077328,-0.16167093633805507,0.016843268403427775,0.38360348754449514,0.741228941351171,1.4284735114994538
1.1997451188899884,0.6547961509908806,0.03574864872749477,0.505496342980197,0.17311094695332171,-1.0912128525158291,0.26601783894445197
1.873853908826771,-1.010581342858758,-0.06296114380528015,0.023548132247780715,0.7764085240624737,-0.4618666490035705,-0.8976537845537997
-0.9843673605051865,0.41255942461275136,-0.5170261894560447,-0.34351230261268906,-2.095159451377232,-1.0898341512611247,-0.3450741261083844
-1.0652604152976004,0.533677787801816,-0.6157359819888196,-1.1228379733317078,-2.242529455784688,-0.9336147757660831,-0.3806096986974567
-1.2540108764798994,0.17032269823462212,-0.5170261894560447,0.7560106468539143,-1.00621698234945,3.1305672316101654,-1.111799740918223
-1.038296063700129,0.533677787801816,-0.5762520649757097,-0.1270597043591306,-0.4803262092691836,0.857714031237932,-1.1162172075466872
1.3076025252798735,0.5942369693963483,0.09497452424715971,0.14815563972661286,0.43338511790595513,-0.7729087246770934,0.2732279449528685
-0.4450803285557606,0.3520002430182191,-0.5762520649757097,-0.42051956802789264,-0.36776725740753347,-0.682210845167697,-1.0579805605800656
-0.3641872737633467,2.532130780421382,2.9773004662041873,-0.5801679183756042,0.8431457865015662,-0.9958449424794423,0.08550317215989924
-0.47204468015323187,2.713808325204979,3.076010258736962,-0.880970385775759,0.9227755737374641,-0.8463849497280806,0.34347011631073066
0.525636328953206,-0.3141507545216364,-0.16167093633805507,-0.23780763200646823,0.7811457362598274,-0.38137982004689297,1.1897139419960157
-1.1461534700900142,0.018924744248291346,-0.5565101064691548,0.5558441041703512,0.42048408037815976,0.718636978755921,-1.1779857007607528
-0.3641872737633467,-1.0711405244532903,-0.18141289484461004,-0.2794369322636931,1.0374418095829785,-0.06342994122131529,0.11986111673884224
-0.8225812509203587,-1.0408609336560242,-0.26038072887082997,1.7214955320813075,-0.9335387983000438,-0.46211504235258233,-0.10224448036763165
-1.038296063700129,-1.0408609336560242,-0.3393485628970499,0.34033305524317836,-0.8418557788515739,-1.1642321535376214,-0.21368541909837163
0.8492085481228615,-0.7380650256833625,-0.26038072887082997,0.22463637499399755,-0.8607590354010127,-0.29155159182890505,0.9542067446291774
1.3076025252798735,-1.0408609336560242,-0.29986464588393996,0.39673310431282,-0.7137097062345746,-0.25707692164476353,0.49060781955835336
-0.6877594929330022,0.5033981970045498,-0.6354779404953746,-1.1795799922995804,-2.3577713010697026,-0.9172057198038517,0.04951562129838651
1.6851034476444717,-1.434495614020484,0.07523256574060473,0.4419610282069705,0.8508322118065641,0.34241130380651175,-1.4247416616400652
-0.3641872737633467,-0.9197425704669595,-0.7144457745215946,1.192759422871611,0.8575927123555648,-0.10116694917930415,0.17228217307637764
-1.1191891184925429,-1.1316997060478227,-0.18141289484461004,-1.4235761131581652,0.8851236648745978,-0.47845594340257575,0.028143675252415096
-0.7956168993228874,-0.435269117710701,-0.5565101064691548,0.3020435143003047,-0.8581519351920809,1.1725666657606197,-0.7792206157302367
0.6604580869405625,-0.5261078901024995,-0.08270310231183513,-0.4522258303450987,0.128731961551905,0.17864153801406252,0.9104270935615086
1.3076025252798735,-1.1316997060478227,-0.35909052140360487,-0.4032089533110966,-0.2679240083997259,-0.10433181850025203,1.4995956653807543
-0.9843673605051865,-0.8591833888724272,-0.16167093633805507,-1.0919794760608312,0.8787882745551454,-0.08498310209198716,0.0013435103194691005
0.22902846138102176,0.5033981970045498,0.7069752379503642,-1.6383823017633714,-2.3648571571552677,1.3814460548022545,-0.38184872613978565
-1.1461534700900142,2.5926899620159145,2.9773004662041873,0.7624028419041248,0.45493755286547566,-0.17665016831790048,-0.6813181287082105
-0.8765099541153013,-0.5261078901024995,-0.49728423094948976,-0.3051131079532786,-0.7923207900060444,0.9494095436716605,-1.246364485787837
-1.227046524882428,0.2611614706264206,-0.49728423094948976,0.4762046089401356,-0.22251490216351344,-2.2477334979895147,0.7583232210267131
-1.0652604152976004,-0.2233119821298379,-0.4775422724429348,0.4199432733081144,0.8261701708822417,-0.01906072255638018,-0.8558961788784717
0.7143867901355051,-0.16275280053530558,-0.240638770364275,0.06370343216499703,0.5698966597092092,1.1367410682183317,0.9303096648352127
-0.7686525477254161,0.7759145141799453,-0.6157359819888196,-0.8225390827498742,-2.290879236800084,-0.7208332421458898,0.2341231444916047
0.8492085481228615,-0.9500221612642257,-0.06296114380528015,0.13478774710421013,0.6259779175791328,0.048868617707882096,-0.8908520870125716
1.0649233609026318,-0.34443034531890254,-0.10244506081839011,-0.9312147552432319,0.475720032503481,0.03705066883294797,1.8041485477696686
-0.6068664381405884,0.7759145141799453,-0.6354779404953746,-0.16786182295728116,-0.5003161476343961,-0.541342826061996,-0.9176898886555679
-1.1191891184925429,2.532130780421382,2.997042424710742,-0.882982640296045,0.8657506147904047,-1.0744413733132987,-0.01512957153234281
-1.307939579674842,2.713808325204979,2.9180745906845225,-0.5655555347693527,0.8551856249495372,-1.0323556226273318,0.1135674937078695
-0.17543681258104765,0.6245165601936145,0.7267171964569191,-1.0695111488599705,-2.324982127667385,0.8680684547324448,-0.46100786611542954
-0.6068664381405884,0.8061941049772114,-0.6157359819888196,-1.1821065462304052,-2.3683402657038806,-0.8528196240967686,0.7362279155602417
1.2806381736824022,-0.011354846548974808,-0.20115485335116504,-1.053435878506499,0.45938291526899266,-1.8727213371621685,3.030632682661985
1.5772460412545866,1.139269603747139,0.09497452424715971,0.8218103077815209,0.5434140071694751,-0.5953445958200361,0.1202144371365548
1.5233173380596439,-1.3133772508314194,0.01600669022093978,0.0567170957864255,0.7901680383565637,0.36064117624245784,-1.0608124213239252
-0.7686525477254161,0.41255942461275136,-0.5170261894560447,0.6947156197304847,-0.31066475967812873,1.285370181765878,-0.8847150651006889
0.5795650321481486,-0.3747099361161687,-0.240638770364275,0.19164372278981193,0.6930693210339895,-0.5237480273081888,0.8965360254832518
-0.4450803285557606,0.6850757417881468,0.6280074039241442,-0.9756662896495512,-2.495249065234073,1.939065535988522,-0.6976028307903068
-0.391151625360818,0.41255942461275136,0.5687815284044793,-1.4319783723274977,-2.32827789371232,0.8708011549352823,-0.4427816022329183
-0.3102585705684041,-0.9803017520614918,-0.7736716500412595,-2.4615630614498345,1.0157346212934029,-0.15407399862202517,0.04787677634938488
-0.3641872737633467,0.715355332585413,-0.5565101064691548,0.07702329555387173,-0.12143816714742028,0.7780309632202906,-0.955856418874861
-0.6068664381405884,-0.25359157292710405,-0.49728423094948976,0.8184067016645831,0.39919432532212773,0.019439506228410005,-0.8515865602813554
-0.5259733833481745,0.7759145141799453,0.5292976113913693,-1.3420683034855831,-2.4834942734905865,2.2206211279111954,-0.2526010227538737
-1.1191891184925429,-1.3739364324259518,-0.16167093633805507,-0.6105428716227701,0.8313786671057056,0.10187530650168568,0.14586918729977277
-0.84954560251783,2.07793691846239,3.036526341723852,-0.43948567717163706,0.8519162135221827,-0.8495408108479952,0.1682571631810986
-1.200082173284957,0.5639573785990821,-0.6552198990019297,-0.5093378495634332,-0.21109029489710296,1.5346019619368905,-0.8928715368574454
1.44242428326723,-0.828903798075161,-0.35909052140360487,-0.22750877668502723,-0.3930589458296349,-0.08097903692299989,0.8187307583853944
-1.3618682828697846,0.5033981970045498,-0.5367681479625998,2.145072675819836,-0.6906503804718725,-2.311609995876608,-0.03682856455316065
-1.0922247668950718,0.5033981970045498,-0.5762520649757097,-0.13935079138074927,-0.10906361930796858,1.0242734768953474,-1.1268748046915866
-1.3618682828697846,-1.2528180692368873,-0.8131555670543695,-1.0699443675192422,0.8642555396901708,0.6352850094107724,0.23943568837083262
-0.5259733833481745,0.6547961509908806,-0.5959940234822647,-2.0108254021104623,-2.2441207454925296,-0.8338451464142491,-0.26792127419369416
1.7390321508394144,-1.1014201152505565,0.13445844126026968,0.40507468657706036,1.019825172656117,0.388022502046878,-1.3726628196785773
-0.7686525477254161,0.049204335045557504,-0.4775422724429348,0.6025173217808834,-0.6333413421352974,2.8055799911474435,-0.7104631098775043
-1.3349039312723132,0.2611614706264206,-0.49728423094948976,-2.0172952606467374,-2.3816747281486195,-1.1114941416208335,0.6430864967053275
-0.3372229221658754,0.715355332585413,-0.5170261894560447,0.5360518547057903,-0.09401446084797906,-0.20634271675229807,-1.240291312054392
-0.04061505459369118,0.533677787801816,0.5490395698979244,-1.1643708680091243,-2.414726223089828,0.17829614708663918,-0.32803540803980147
-0.3372229221658754,-1.434495614020484,-0.4578003139363798,0.0003818151635756002,1.1459751585009965,-0.40781177307135114,1.5927416881256857
-0.579902086543117,2.622969552813181,2.898332632177967,-0.3804054508443924,0.8776378321327749,-1.1721655803437778,0.23816453144474384
1.9277826120217134,-0.4049895269134348,-0.6157359819888196,-0.11636478141746068,0.44491468603175455,0.4881326018801954,-0.4286759365575946
0.12117105499113659,0.7456349233826791,-0.5367681479625998,1.565332636638639,-0.3804846380184436,0.16522983424539567,-0.7278288320433471
1.9008182604242423,-0.19303239133257175,-0.6354779404953746,-0.387425389333346,0.35415392551194136,1.6026824991010595,-0.5657016103497191
-0.49900903175070316,-1.2528180692368873,-0.35909052140360487,-0.03098237950525544,1.1981420950657793,-1.14737224231003,2.07930726207946
-0.3641872737633467,0.10976351664008982,-0.5565101064691548,1.1077496903872421,-1.1940458029536811,1.129302027548439,-0.5965637403887264
-0.2832942189709328,-1.0711405244532903,-0.10244506081839011,-1.2291942084880498,0.6907316391506033,-0.9067675281228691,0.11407328026283735
1.1997451188899884,0.049204335045557504,-0.1221870193249451,0.24888792015049124,0.4822470764796753,-0.6716022662061187,1.629946769860503
-0.9304386573102439,0.715355332585413,-0.5170261894560447,1.18436746537041,-1.606350564705257,0.12843417367248974,-0.056097730163257475
-0.8225812509203587,0.4428390154100175,-0.6157359819888196,0.9118714365025863,-0.5071301801302683,0.13421446593896696,-0.5796587208124017
-0.7147238445304736,2.259614463245987,2.9180745906845225,-0.5579400425622169,0.8660656397264371,-1.2222733771843264,0.12349703070431212
1.7120677992419429,-1.3739364324259518,0.03574864872749477,-0.15987257011152858,0.7589052601324191,0.1379007447162393,-0.8298665588782721
-0.3102585705684041,-1.4647752048177503,-0.3393485628970499,0.30993335325572535,1.0010095690337455,-1.1831456472003063,0.8596557323825977
-0.579902086543117,0.10976351664008982,-0.5565101064691548,0.012371516550415403,-0.9285364668050915,-0.7660149951551688,-0.9128195413268134
-0.2832942189709328,2.713808325204979,3.0167843832172974,-0.1147382110583365,0.5083025732375477,0.003399733903989933,-0.6710395950462826
1.44242428326723,-1.0711405244532903,-0.35909052140360487,-0.38794898498197433,-0.4945709564149416,0.39225595365844407,0.6777308254088878
1.253673822084931,-1.2528180692368873,-0.023477226792170184,-0.05184199669454887,0.8185435767474524,0.37334701092711237,-0.8238943069924636
1.3076025252798735,-1.1619792968450888,-0.41831639692326983,0.37292549442311085,-0.6634294928174552,-0.49677336513429543,0.44131486848073276
-0.391151625360818,0.38227983381548525,-0.6552198990019297,0.9052331265413108,-0.09257186909644927,0.2490766798468476,-0.66310757855276
0.14813540658860788,0.10976351664008982,-0.003735268285615202,1.199816943298197,0.9717604810076584,0.04107357924574017,-0.7269558736316679
1.4154599316697587,-0.616946662494298,-0.4578003139363798,0.3100844390685879,-0.7032461025886788,0.5606332712202298,0.651645911308775
-1.0113317121026577,-0.7683446164806287,-0.29986464588393996,0.5151624496565936,1.0885024827155034,-1.0099231338020689,0.8619436277143278
0.2559928129784931,-0.5261078901024995,-0.10244506081839011,-0.42222080154216135,0.5233383855352519,-1.5241248181130587,2.112454723334182
-1.3618682828697846,-0.828903798075161,-0.3393485628970499,-0.09515558976779043,1.0603673418538557,-1.1883161711184969,1.6218841829400117
-0.47204468015323187,-1.2528180692368873,-0.6552198990019297,0.93921160888666,0.9261449828092411,-0.5411714328805871,0.23769543247901184
-1.227046524882428,2.7440879160022456,3.095752217243517,-0.8230854222634076,0.9528168788017075,-0.3710354876364291,-0.015077873154108074
-0.7956168993228874,-0.46554870850796715,-0.5367681479625998,0.8393885085275274,0.6755235082685751,0.20986570772142743,-1.2007256018830648
-0.3372229221658754,-1.1619792968450888,-0.35909052140360487,0.6724614132204145,-1.0449942472146327,-1.7944596018613779,-0.12029601426942158
-1.1731178216874856,-0.25359157292710405,-0.5170261894560447,-0.008253544183497125,-1.193616326334419,4.429176717205914,-0.5324834319635253
-1.1461534700900142,-0.46554870850796715,-0.31960660439049493,0.8386142276499232,-1.1079780585761292,-1.9146647669964783,-0.2221726701785392
-0.3102585705684041,0.2006022890318883,-0.5367681479625998,1.8653182380121562,-0.3507306443612797,0.6400667385512732,-0.706871293511308
0.14813540658860788,0.6850757417881468,-0.6354779404953746,0.5435984809397324,-0.4589551346393838,1.3331304947917824,-0.7328333738635605
-0.7956168993228874,-1.434495614020484,-0.14192897783150007,-0.13271558947504017,0.8077739315307239,0.7862958830997805,0.06469269539235831
-1.0922247668950718,0.533677787801816,-0.5959940234822647,-1.1979120202044937,-0.22731099573016747,-0.41452180893853147,1.2622769063322308
0.8761728997203329,0.7759145141799453,0.13445844126026968,-0.07984365626570908,0.5360823592243963,-1.1663821933926553,-0.09025484648265394
0.22902846138102176,0.2611614706264206,0.01600669022093978,3.553476356014602,0.9853868888999435,0.5996770572417475,0.20246238361052837
-0.6068664381405884,0.5033981970045498,-0.5367681479625998,-0.03138673593863035,-0.48996829934645403,1.2359052928298704,-1.170970775888382
-1.1461534700900142,0.5639573785990821,-0.6157359819888196,-0.9923248071776916,-2.319825725890692,-0.9785319858427576,-0.28625815407378924
-0.04061505459369118,0.049204335045557504,0.05549060723404975,-0.13477513312062836,1.0102516936817196,0.2597774911883423,0.5729425640756153
1.7659965024368858,-0.04163443734624096,-0.5762520649757097,-0.5196620840138383,0.17793440466589852,-0.4613570370701765,-0.6641344342519889
-0.3372229221658754,0.4428390154100175,0.1147164827537147,0.7559450764569701,0.871585831867426,0.3400843870709919,1.7881918810271262
-0.7147238445304736,0.23088187982915445,-0.6157359819888196,-0.5806311363542727,-0.2678324242399571,-0.30900518853910364,-1.1869523839416507
1.6851034476444717,-0.616946662494298,-0.28012268737738494,0.0909716424897147,-0.4160704519232764,0.10996804541520225,0.9055767700656905
-1.200082173284957,-0.19303239133257175,-0.5959940234822647,0.7209626243367765,0.39837243318037463,0.30942829984785863,-1.153134522173035
-0.84954560251783,-0.07191402814350713,-0.4578003139363798,0.2507641024819197,-1.0404958787351026,-3.783344186412955,-1.0856829905734386
-0.7956168993228874,0.2611614706264206,-0.4775422724429348,1.5845601157004592,-0.38963491759207286,0.4789254454711554,-0.6936934631995308
1.0649233609026318,-0.2233119821298379,-0.1221870193249451,-0.312947402883566,0.4509251420502226,1.3198932557945062,2.660750021351305
0.6874224385380338,-0.2838711637243702,-0.6157359819888196,-1.023561158623784,-0.39767000156318694,-0.7937706584791644,-0.6968783968865565
-0.6068664381405884,2.07793691846239,2.9378165491910773,-1.1279327786114997,0.5085440813377811,-0.792317062520165,-0.6172172263235192
-1.1461534700900142,-0.616946662494298,-0.3788324799101599,0.8843567581693481,-0.9845308953578142,-0.04069087717947189,-0.2146012754453232
-0.4181159769582893,0.5639573785990821,-0.5367681479625998,1.6933668551763723,-0.3198148129162215,1.62600633793527,-0.6682244665538499
0.984030306110218,-0.16275280053530558,-0.4578003139363798,-1.375235202301819,-0.45045699420833607,0.23431078980668346,-0.18194025368809863
-1.2809752280773707,-0.828903798075161,-0.18141289484461004,-0.23231201722706096,0.8884936873875294,0.777347412560573,-0.0006040423518784964
-1.3618682828697846,0.4731186062072837,-0.5367681479625998,0.06414866212245265,-0.42780484832013793,0.7683020868600329,-1.2164083845892726
-0.4181159769582893,-0.7077854348860964,-0.28012268737738494,0.5485493900294248,1.0778661464349586,-0.4267456785657156,1.431925656852613
-0.4450803285557606,0.3520002430182191,-0.023477226792170184,-0.4113982428474449,1.0014872744325312,0.4614577263754328,1.6013978825292319
-1.3349039312723132,-1.1619792968450888,-0.7736716500412595,0.8849237010191452,1.0392978943537818,1.3592510496645076,0.21296304642661792
1.5233173380596439,-0.9500221612642257,0.1147164827537147,0.4884312407144007,0.8728786739209273,0.2004019413960185,-1.4900964331076392
-0.4450803285557606,0.2006022890318883,-0.49728423094948976,-1.0816309157891253,-2.0855111087807816,-1.0454863285170568,-0.06512923426241742
-1.227046524882428,-0.9197425704669595,-0.6552198990019297,0.024196592732136944,0.9267728007614376,1.1994230742862406,0.16184402614490154
-0.3102585705684041,-1.3436568416286856,-0.6552198990019297,-0.03851002824714905,0.9162250281390452,1.9475651297050411,0.238390943270393
-0.7686525477254161,-0.13247320973803944,-0.5170261894560447,0.5360754065055504,-0.442227407626829,-3.5450931274472137,-0.5626373966908829
-0.2832942189709328,0.3520002430182191,0.01600669022093978,1.9512215743752201,0.8825240656229207,0.2621774627534538,1.0950586481885316
-1.0922247668950718,2.1687756908541886,2.9180745906845225,-0.6453867659076126,0.8364659597515307,-0.9540026428849218,0.17140782822883724
-1.227046524882428,-0.7380650256833625,-0.08270310231183513,-0.9023713372722839,0.9721406079476004,-1.1496166110270338,0.0208981443633512
-0.7147238445304736,2.6835287344077132,3.036526341723852,-0.6004495050560236,0.9013841387891578,-0.9793266911084034,-0.03246671487830188
-0.4450803285557606,0.018924744248291346,-0.4775422724429348,1.1299539545538424,-1.340505911562052,-1.8579710475658677,-0.632863009306196
-0.7956168993228874,2.47157159882685,2.957558507697632,-0.33650950231717436,1.0558277511166902,-0.9097921756402821,0.025248262657845983
0.12117105499113659,0.2006022890318883,-0.6552198990019297,1.446292909478459,-0.11808756952259519,0.8839300851021432,-0.7180242032705427
-0.7147238445304736,0.5033981970045498,-0.6354779404953746,-0.07358503379355673,-0.11121072756827104,0.0948507020989616,-1.246349880700748
-0.4181159769582893,0.38227983381548525,-0.023477226792170184,1.2276856447207694,0.909510854073278,0.6149995376059597,-0.9955658207413912
0.8222441965253903,-0.25359157292710405,-0.49728423094948976,-1.241039385291014,-0.15156402065944494,-0.36149299289291237,-0.3525548941568618
1.1188520640975745,-0.4049895269134348,-0.35909052140360487,-0.43698038289946434,-0.7284758478246477,-0.5745701843699681,1.2366047943801393
1.3615312284748162,-1.2830976600341535,0.05549060723404975,-0.008049256359131809,0.5763431614664231,0.40791280494741994,-1.0797077468858574
-0.8225812509203587,0.2006022890318883,-0.5170261894560447,0.8184700657011563,-1.2803748126376233,0.5163767904285731,1.5132181090127361
0.9301016029152754,1.078710422152607,0.05549060723404975,0.7308778063571401,0.5969332653295469,-0.4053671800540958,0.08931049109459784
1.3615312284748162,-1.010581342858758,-0.003735268285615202,-0.17361683669269695,0.509462445858169,-0.343674831554075,-0.8462393891172648
-0.7686525477254161,0.049204335045557504,-0.6354779404953746,-0.3499063070379957,-0.15167185202824982,0.05415645994055435,-0.9791939399865829
-0.25632986737346153,0.4731186062072837,0.6674913209372543,-1.1019640706572296,-2.4598967617914593,0.3098267712887308,-0.6296535930622834
-0.3372229221658754,0.2006022890318883,0.5490395698979244,-1.3759185675668297,-2.4071040088171065,3.072402755604002,-0.4670472245128867
1.5502816896571152,-0.2233119821298379,-0.6157359819888196,-0.2485484855459423,0.604782729910975,0.5877679665681346,-0.7014786145113885
1.1458164156950459,0.8364736957744776,0.03574864872749477,0.43299443152838646,0.23213034859631607,-0.5620069220121698,-0.025880521359053405
1.4154599316697587,0.5639573785990821,0.05549060723404975,0.11544789926575909,0.46722822138402664,-0.48066306043053614,0.015385562007919426
-0.3372229221658754,2.47157159882685,3.056268300230407,-0.35638912245546944,0.9992960446641566,-0.6524968802838449,-0.051026183756505986
1.5502816896571152,1.078710422152607,0.09497452424715971,0.7127082850726135,0.3939007713959254,-0.7253493133948491,0.15922387130459986
-0.2832942189709328,-0.9500221612642257,-0.8328975255609244,-0.2018077844285248,0.9206322884819579,0.018107712797337295,0.22427777111046146
-0.4181159769582893,-1.0711405244532903,-0.43805835542982485,1.286149723968072,-0.9233358433758336,-1.532868385116982,-0.11349920931518165
0.525636328953206,0.018924744248291346,-0.04321918529872517,2.8295218722172306,0.8852554011380692,0.571252149117813,0.3475338704659237
1.7659965024368858,0.533677787801816,-0.023477226792170184,0.4039797692712094,0.478465858432791,-0.049168750366825185,-0.223321243173215
-0.9574030089077152,2.1082165092596563,3.076010258736962,-0.6025848489502555,0.9492759491580018,-0.13874153751492463,0.2134531408750028
-1.0922247668950718,0.7759145141799453,-0.5565101064691548,-0.11268080993629087,-0.20271782772145075,-0.12089609496563965,-1.1885949060070717
-0.8765099541153013,-1.3436568416286856,-0.16167093633805507,-1.2171863614828282,0.7909069161025004,-1.0866316799820999,0.045897643245407876
-0.9304386573102439,-1.404216023223218,-0.7934136085478145,-0.5497450615736652,0.8622092787307075,-0.06883576381543328,0.23389994666810293
1.6851034476444717,-0.46554870850796715,-0.4578003139363798,-0.7075648817872104,0.3621016417208004,1.1728982088723863,-0.2400457444763142
-1.3618682828697846,0.049204335045557504,-0.4578003139363798,0.5240954901075152,-1.2458452810814353,-2.5018400710887585,-1.051095534809738
-0.49900903175070316,0.7456349233826791,-0.5170261894560447,-0.31457688180816934,-0.40659196291956967,0.6837681956067537,-0.9125185750073779
-0.3372229221658754,-1.192258887642355,-0.22089681185772,-0.7465893122949597,1.043058091487768,0.23645677911469393,-0.017906362193510463
1.2267094704874597,-1.0711405244532903,0.03574864872749477,-0.04322435007236783,0.5791245512649709,0.5518773960447511,-1.1283031815548161
0.20206410978355047,0.29144106142368675,0.6477493624306992,-1.1439307166324528,-2.5468065300483436,0.05310692048140235,-0.4482036104104867
-0.7147238445304736,-0.34443034531890254,-0.49728423094948976,0.5340337651004373,0.4917259988440812,-0.059088407876844225,-1.0832475734515783
-0.579902086543117,-0.5563874808997656,-0.39857443841671486,0.558460995192516,-0.802523972163947,0.6329346015553713,-0.24040252215197222
0.6334937353430912,0.049204335045557504,-0.5762520649757097,-1.4956532743049282,-0.3824273037660679,-0.23766959611769062,-0.3524378334399923
0.17509975818607917,0.2006022890318883,0.7069752379503642,-1.2855720722650315,-2.4316541798101756,0.1445587521601097,-0.5113233317183221
1.0649233609026318,0.9878716497608083,0.13445844126026968,0.481698528053797,0.5723299149161852,-1.0644347271945651,-0.11036602451473414
-0.7147238445304736,0.5942369693963483,-0.5565101064691548,-1.1790575756373705,-1.7556364729286078,-2.393393076863305,1.3222821083978207
-0.391151625360818,0.07948392584282366,-0.5565101064691548,-0.026999442204070905,-0.9765099097553794,1.2355262452823803,-1.3037745660746196
2.305283534386312,-0.5261078901024995,-0.4775422724429348,-0.559220391889339,0.4042824456195254,1.4417632971165473,-0.2463860915404236
-1.200082173284957,0.29144106142368675,-0.49728423094948976,0.0934778264876787,-0.9638322236372372,-0.7281375498434736,1.0301392241220266
0.9301016029152754,-1.3436568416286856,0.09497452424715971,0.5303394799817305,0.9636546635889426,-0.033929935546139746,-1.3598719788443263
1.4693886348647014,0.715355332585413,0.07523256574060473,0.7210662454730593,0.2134030468193649,-0.8435780450947228,-0.06589504249363876
1.0109946577076894,-0.46554870850796715,-0.6552198990019297,-0.09282704371336908,-0.24643339402792264,-0.024366574775932553,-0.7474971402014972
-0.5259733833481745,0.5033981970045498,0.5687815284044793,-0.9295304524527114,-2.563625190056923,0.02365673255721451,-0.23931824809544708
-0.391151625360818,-0.7986242072778948,-0.43805835542982485,0.20675559566248713,1.0948414521901566,-0.2817705972327664,1.235306390201252
0.22902846138102176,-0.19303239133257175,0.09497452424715971,1.459359244904608,0.900509762400543,0.4831342435315395,-1.0240277977482357
-0.6877594929330022,-1.404216023223218,-0.26038072887082997,0.5660172248792813,1.247492442614474,-1.1757700770754718,1.5631546853682747
1.6042103928520577,0.7456349233826791,0.03574864872749477,0.07771796392725505,0.33632160294447094,-0.7166260632778867,-0.09841828457543784
-0.20240116417851894,0.38227983381548525,0.6082654454175893,-1.2139728035877924,-2.5231070245511096,1.9277622388153404,-0.5277723494330855
-1.1731178216874856,0.07948392584282366,-0.49728423094948976,0.15787029830056667,-1.4101134880678354,-1.191798385466517,-0.8744514214074421
1.2806381736824022,-0.3141507545216364,-0.26038072887082997,-0.027900616731595367,0.2259310164712837,1.0852492442375214,1.5443711720159174
-1.227046524882428,-1.3739364324259518,-0.8526394840674795,-2.8954069944730985,0.9348723759897779,0.11353207901686392,0.1660077413990962
1.4963529864621725,-1.3133772508314194,0.01600669022093978,0.43465152586583844,0.9249839946777637,-0.1584348031785037,-1.5156716446209995
1.8199252056318282,-0.9803017520614918,-0.28012268737738494,-0.23188175900069127,-0.30016687428195393,0.9753009096894705,0.29065830707902285
-0.4181159769582893,0.6245165601936145,-0.5170261894560447,0.23445723411106895,-0.37907051379857515,0.5450312299782376,-1.103947222922242
1.0109946577076894,-0.2233119821298379,-0.1221870193249451,-0.5714449788902048,0.5413231396972198,0.16793091657356565,1.646621303695399
-0.7147238445304736,-0.616946662494298,-0.26038072887082997,0.7413272168478096,-0.7448826135332155,-1.4514248662217486,-0.052249528539856316
-0.5529377349456458,-0.8591833888724272,-0.3393485628970499,0.15260743858104767,1.2219867368781838,-0.8585349331178566,1.8983084891738695
-0.5259733833481745,0.14004310743735598,-0.6552198990019297,0.3117124497461451,0.6088705760251409,0.8307192420665166,-0.9467277352692871
1.6042103928520577,-0.435269117710701,-0.5959940234822647,-0.1994433181889019,0.17909396697331506,1.6578782500296532,-0.7222631256299266
-0.9034743057127727,0.5942369693963483,-0.5959940234822647,-1.2062360732747235,-1.6570378416855627,-1.0800024138445004,1.7031269316197843
-1.307939579674842,2.350453235637785,2.9773004662041873,-0.6131355086400645,0.8899883044277499,-0.586011425956448,0.3739708931268738
-1.1731178216874856,0.7759145141799453,-0.49728423094948976,-1.1792225898481594,-2.322722774046249,-0.837127661224049,-0.12673540492485372
-0.47204468015323187,0.14004310743735598,-0.4775422724429348,1.976983895869401,-0.11906814981973218,-1.5455508864952763,0.09082138641826837
-0.3372229221658754,0.5639573785990821,-0.5367681479625998,0.5359185095464319,-0.9865067637202161,-0.7339031744338079,1.5055556099457343
-0.7686525477254161,0.07948392584282366,-0.6157359819888196,0.8640238586485568,0.7148483843285713,0.534605467074267,-1.0698012286127632
0.6874224385380338,-0.2838711637243702,-0.06296114380528015,-0.011919607439489372,0.5870741769553747,0.3423651003700546,1.1836835691782177
-0.579902086543117,2.7440879160022456,3.076010258736962,-0.6213066106651121,0.94653086555536,-0.8643292759198006,0.28103098076045036
-0.7956168993228874,2.532130780421382,2.9180745906845225,-0.38617262749045933,0.9113348472493742,-0.8485057697041357,0.36256313498121756
-0.7686525477254161,-1.3739364324259518,-0.29986464588393996,0.5761293395244756,1.0990991348320849,-1.037107814978775,1.8221868323155188
-1.0113317121026577,0.2006022890318883,-0.4578003139363798,-1.6778694415500657,-2.281950668601629,-1.0112078474825836,0.4473513786073215
-0.9843673605051865,0.17032269823462212,-0.5170261894560447,-0.3432194032862431,-0.15768677323368954,0.37528659811291326,-1.030646502470775
1.7929608540343571,-0.8894629796696933,0.09497452424715971,0.7230497913748161,0.9342878640191984,-0.23174424371609076,-1.4958382672020927
1.7120677992419429,-0.7077854348860964,0.05549060723404975,0.7383859549429559,0.8380022620492631,-0.5195479243878676,-1.4116808173727504
-0.013650702996219882,0.3217206522209529,-0.4578003139363798,0.6569353769816497,-0.3609327550180143,0.3340250920477212,-0.6064542375242663
1.7929608540343571,-0.07191402814350713,-0.6552198990019297,-0.5175066674269762,0.3280995990524952,-0.5511301986338275,-0.07051357502522297
0.28295716457596437,-0.07191402814350713,0.05549060723404975,2.743543587428197,1.0217630422459565,0.1290345270970947,0.3146195324692595
1.5502816896571152,-0.828903798075161,0.07523256574060473,0.654042535310896,1.0265106694705899,-0.34938415905782844,-1.4061681452650823
-1.3349039312723132,0.17032269823462212,-0.49728423094948976,0.38318277800516437,0.7080618026507626,0.9113292836085123,-1.0873873744585927
0.0942067033936653,0.715355332585413,0.7267171964569191,-1.6768852252837123,-2.4404382758804783,1.7386471777108041,-0.36134161956179944
1.7929608540343571,0.9878716497608083,0.09497452424715971,-0.07008417825373899,0.5455766324372627,-0.9888700903928319,0.22209408829945407
-0.6338307897380596,0.8061941049772114,-0.6552198990019297,-1.2920488471226486,-2.2543096330344725,-0.8798052652161411,-0.31640901580834463
1.2267094704874597,-1.2225384784396212,0.13445844126026968,0.7939329903820586,1.0402947254525814,0.2902611023470478,-1.4988805380743082
1.5772460412545866,-0.7380650256833625,-0.39857443841671486,-0.4557448534472083,-0.4892032403272157,0.3215040364669013,1.6449929583045702
1.0649233609026318,0.17032269823462212,-0.26038072887082997,-0.2586157268907972,0.8287763576656175,0.8007688443022493,1.299767778082733
1.7659965024368858,-0.5261078901024995,-0.4578003139363798,0.4051158992342899,-0.5785994661143695,-0.3874998886719717,0.9637751251672735
-0.6068664381405884,0.17032269823462212,-0.5170261894560447,1.0689395501368582,-0.8357513145478943,0.7412210096179723,1.2237830914945194
0.9570659545127467,-0.435269117710701,-0.10244506081839011,0.11930458926490728,-0.007750443143727806,-0.05395997782839561,1.6254657186780848
-1.200082173284957,2.5926899620159145,2.9773004662041873,0.02516197713420727,0.4585863098362795,-0.23493627877417705,-0.5364288390742512
-0.3102585705684041,0.3520002430182191,-0.49728423094948976,-0.02256651910173923,-0.10254078723850288,1.55484980355682,-1.1374847579337697
1.3076025252798735,0.10976351664008982,-0.20115485335116504,-0.14791570279823255,0.4797649947697673,-0.15115763812339947,0.9579717528335177
-0.7956168993228874,-0.9803017520614918,-0.35909052140360487,0.4289982381108709,-0.8978677555935852,-1.3731054686832733,-0.052005200787032045
1.44242428326723,-0.8591833888724272,0.05549060723404975,0.6814372901778805,1.0093185113689842,-0.005292130567956834,-1.4548066513781912
-1.3349039312723132,-1.2528180692368873,-0.35909052140360487,0.4401906833466996,1.1019012769946213,-1.1699808612883882,0.4988252963098497
-0.5259733833481745,2.047657327665124,3.0167843832172974,-0.4767429546605207,0.8503064487271434,-0.9527480767189588,0.12860337881322778
0.7952798449279189,-1.0711405244532903,0.05549060723404975,0.49993976801977297,0.9164835001775117,0.2975942899188693,-1.5055962584236724
-0.8225812509203587,0.2006022890318883,-0.4578003139363798,0.3546339530315078,-0.10414200651982575,0.32378859246103353,-0.7711052401416923
0.33688586777090695,0.14004310743735598,0.03574864872749477,3.4889667396323825,1.0433617233036692,0.3164436702350829,-1.127331686088727
-1.1731178216874856,-1.1619792968450888,-0.31960660439049493,-0.10225767428507994,1.0996990533368523,-0.3744866152869976,1.292906851877968
-0.7956168993228874,-0.7380650256833625,-0.7144457745215946,-0.6472513518802392,0.9318546739285968,-0.0454695116353273,0.24953215180892208
-0.9304386573102439,-0.7380650256833625,-0.6947038160150396,1.3508920535172615,1.0000326482768516,-0.3556578174463517,0.2541621480993237
1.8199252056318282,1.0484308313553408,0.07523256574060473,0.618882223813163,0.5064720796509699,-0.809525374679398,-0.08872779775497544
1.3076025252798735,-0.4049895269134348,-0.31960660439049493,-0.271906438793148,-0.06562924751108669,0.7331722198453444,1.0835023519085942
1.7659965024368858,-0.4049895269134348,-0.29986464588393996,-0.12647948943379564,-0.77494330755929,0.7287411703097588,0.4708114576695456
0.984030306110218,-0.46554870850796715,-0.3788324799101599,-0.06855490719001661,-0.6074140487407759,0.2290664681806224,0.9540493275641482
-1.227046524882428,2.1990552816514546,2.9378165491910773,-2.543042764963953,0.4400640770364361,-0.07262903887652024,-0.6636953337903
1.873853908826771,-1.010581342858758,-0.28012268737738494,-0.39461407249773,-0.9361532696825597,0.5542932002833764,0.48592031097967125
0.4447432741607921,-0.2233119821298379,-0.08270310231183513,0.25478348662213635,0.30512337256143574,0.7944828687609115,0.913610952401914
0.39081457096584954,0.29144106142368675,0.03574864872749477,1.26391069865368,0.8943917916135736,0.06460266418604965,-0.44262827670708477
-0.8225812509203587,0.4731186062072837,-0.6552198990019297,-0.4199489964533996,-2.1841799035908815,-0.6928033938681035,0.06866348512592023
-0.25632986737346153,0.7456349233826791,-0.5367681479625998,-0.06965027334856534,-0.4956104769106543,0.13754817263211636,-0.5949553303503908
-0.49900903175070316,2.2898940540432533,3.0167843832172974,-1.8323563708929804,0.5207164289132264,0.01724199016446104,-0.5828045715792531
1.1458164156950459,-0.9500221612642257,-0.003735268285615202,0.7136994515736245,0.9032502191479738,0.38860617984282425,-1.484909938068527
1.2267094704874597,-0.2233119821298379,-0.5170261894560447,-0.990384233435738,-0.10814741260950489,0.03313888736534695,-0.6784207041373962
-0.3641872737633467,2.1990552816514546,2.9180745906845225,-0.3885560393037161,0.8786885580338293,-1.1260680778156453,0.06428660104305238
1.2806381736824022,-1.0711405244532903,-0.41831639692326983,0.40160697432042247,-0.13097350588954465,0.05414951486261829,1.1591728311789287
-0.6338307897380596,0.6850757417881468,0.6872332794438092,-1.2806116355287478,-2.5367129661423755,-0.23671251998507242,-0.2546470775961706
0.41777892256332083,-0.19303239133257175,-0.240638770364275,-0.1383074083492676,0.13612514222541705,0.12631893618933965,1.3070123969146583
-0.2832942189709328,0.14004310743735598,-0.6552198990019297,0.7812912875618047,0.7274804077014213,0.6470255732070804,-1.0988352380458524
1.873853908826771,0.2006022890318883,-0.6552198990019297,-0.6441534204349669,0.5591837649845626,1.0447374037158512,-0.6954342663256348
-0.9843673605051865,-1.0711405244532903,-0.35909052140360487,0.8497786305641164,-0.865442213132716,-1.6459345246318617,-0.14332009731623654
-0.84954560251783,-1.404216023223218,-0.7736716500412595,0.3406724596988812,0.9118178481811746,0.636098207085117,-0.0453307502964427
0.8222441965253903,-0.8591833888724272,0.01600669022093978,0.8620443165128608,0.9808563933485096,-0.5101973809236294,-1.4057312838854994
-0.6068664381405884,0.41255942461275136,-0.5367681479625998,-0.748046391885726,-0.34483087270697205,-0.2862631337385935,-1.035798145481064
0.6334937353430912,-0.16275280053530558,-0.6157359819888196,-0.7812213800250205,-0.499906500073841,-0.055801195869495876,-0.6252937862500669
0.2559928129784931,0.17032269823462212,-0.5170261894560447,1.260927787208305,-0.20959925252129855,0.9204693410445604,-0.5343723208290343
-0.7147238445304736,-0.7077854348860964,-0.7341877330281495,1.3660126002189512,1.037739029456852,0.16331490959203476,0.17476744156992516
-0.25632986737346153,0.2611614706264206,-0.6552198990019297,0.7653005950208394,-0.3260403438286153,1.1353163341710564,-0.6975332059471849
0.984030306110218,-0.7683446164806287,-0.26038072887082997,0.20199546891821926,-0.6398160985609895,0.3657988377172147,0.8798474328871263
0.6604580869405625,0.07948392584282366,-0.5959940234822647,-1.226704733779836,-0.4065052512609214,-0.9980774957110017,-0.7754753697328798
-0.579902086543117,-0.25359157292710405,-0.6354779404953746,0.5763500234391536,0.7411515559318737,0.14020252162964916,-1.099443551632683
-1.307939579674842,2.1082165092596563,3.095752217243517,-0.6346630006890549,0.8701447517139397,-0.9423337713331765,0.3878732583590884
1.7659965024368858,-0.8591833888724272,0.03574864872749477,0.7407484302715034,0.9661555827923531,-0.4942541802094194,-1.3613303313193281
-1.2540108764798994,0.8061941049772114,-0.6354779404953746,0.7277671115360531,-0.15223026086517719,1.2418113149997732,-1.0665225363603315
1.5502816896571152,-0.8894629796696933,-0.3393485628970499,-0.28315489685581674,-0.6838753989393578,-0.054154696617948174,0.7928960313693244
0.4447432741607921,-0.3141507545216364,-0.20115485335116504,-0.0661293151926046,-0.02366183985106165,1.0587577544586846,1.6756796494292006
1.44242428326723,0.5942369693963483,-0.04321918529872517,0.71664283006831,0.3911261635800432,-0.24601664831178902,-0.2395154608296843
-0.9034743057127727,0.715355332585413,-0.4775422724429348,-0.9532028758895514,-2.356674964965534,-1.1619836046868819,0.0978356254309385
-0.3641872737633467,-0.5261078901024995,-0.43805835542982485,1.4653111194484227,-0.8440992651840381,-2.3397096002964997,-0.16611148442738172
-0.3102585705684041,0.533677787801816,0.7069752379503642,-1.0505466795247478,-2.4705665243278476,2.1384597679160247,-0.3835556657834589
-0.9843673605051865,-0.16275280053530558,-0.5367681479625998,0.7377684034527968,0.6013765291894941,0.6635024338125163,-0.9120965456390604
0.33688586777090695,-0.10219361894077328,0.07523256574060473,0.6179877880608028,0.9797513891322098,0.3562218639270739,0.22132711546937664
0.8761728997203329,-0.25359157292710405,-0.5367681479625998,-1.3394311223265938,-0.5684737504371828,-0.9723943793883236,-0.43388426773441535
-0.3372229221658754,0.2611614706264206,-0.4578003139363798,1.4363327264840997,-0.16301314805799233,1.2572059379544465,-0.7314010339122115
-1.1461534700900142,-1.404216023223218,-0.7539296915347046,0.5414819349964686,0.9239195997270229,0.5839203497684748,0.028683792946202595
-0.3641872737633467,-0.13247320973803944,-0.4578003139363798,0.87113840730653,0.6486646416093838,-0.07524802096599864,-1.1308716896153348
-0.5529377349456458,2.0173777368678576,2.997042424710742,2.4962745364346577,0.4867023419610454,-0.30690715657879114,-0.6891840940964425
-0.4181159769582893,-0.46554870850796715,-0.5762520649757097,-0.044053578499743166,-0.3694878597024831,3.385502520713264,-1.288565323071311
-0.5529377349456458,-0.7077854348860964,-0.26038072887082997,-0.10752413081088041,1.0859950024760228,-0.6058134495133047,1.129620188629888
-0.391151625360818,-0.8894629796696933,-0.14192897783150007,-0.12030099215539027,1.0260334441366616,0.6865175624569908,0.004459933253885555
-1.2540108764798994,-1.2225384784396212,-0.8328975255609244,-1.9780655987265068,1.0261517812465915,1.3947061844582092,-0.03931452708221974
1.1188520640975745,-1.404216023223218,-0.06296114380528015,0.23108110176901644,0.43704318831461486,0.6037101754949357,-0.9470155000158557
1.3345668768773449,0.14004310743735598,-0.14192897783150007,-0.47352673756261465,0.7397695902194,0.23692816296807911,1.0353715523942462
1.4693886348647014,1.1998287853416714,-0.04321918529872517,-0.1072327456142011,0.33021256073513044,-0.9156397028816502,0.08602030855738399
0.22902846138102176,0.2006022890318883,0.7069752379503642,-1.30016980930904,-2.368540235395254,1.5612688787646825,-0.1621451868477533
-0.09454375778863376,0.8061941049772114,0.5687815284044793,-1.668781475102092,-2.4690591390892993,1.3946609984698979,-0.5593033189511392
-1.200082173284957,-1.3739364324259518,-0.7341877330281495,-0.23775431429071353,0.9424819464589009,0.16274143450433487,0.29178923612850255
0.8761728997203329,0.2006022890318883,-0.240638770364275,0.009840966833133303,0.39229690300085973,0.5515492966036256,1.765983167977826
-1.0652604152976004,0.533677787801816,-0.4775422724429348,-0.8792734173595672,-2.1866194625119797,-1.1130184996227501,0.6898788214826455
-1.0652604152976004,-0.25359157292710405,-0.5762520649757097,0.6288730704289116,-1.2147502767677585,-3.3950134022841514,-1.0813552331220337
1.7929608540343571,-0.8591833888724272,0.1147164827537147,0.6254095813774309,0.9475644582156083,-0.4149618032977905,-1.35396120397008
0.4447432741607921,-0.5563874808997656,-0.5170261894560447,-0.44730689752157193,-0.36658335325212305,-0.11345092522918612,0.09312870020955079
1.6581390960470004,-0.7683446164806287,0.1147164827537147,-0.13700426927451986,0.6127087803302903,0.3386223692587552,-0.8782424019831195
-0.8225812509203587,-1.404216023223218,-0.06296114380528015,-1.3249723839910306,0.8007865354449881,-0.508367330434415,0.1606208194419151
-0.8765099541153013,-1.2528180692368873,-0.7934136085478145,-2.584748980619413,0.9164430786267419,-0.3439242821253709,0.2862844462293787
0.8761728997203329,-1.404216023223218,-0.06296114380528015,0.7054888146029861,0.8680428041292294,0.29509352555263596,-1.4226695250522488
1.3076025252798735,1.1695491945444052,-0.023477226792170184,0.5147307331576808,0.27272429339513105,-0.19267917211486552,-0.002360422759841493
-0.5259733833481745,-0.07191402814350713,-0.4578003139363798,0.39662829022581153,0.6359263366374398,0.9272073817549156,-0.9196055131497912
-1.307939579674842,0.7759145141799453,-0.6552198990019297,-0.8003422515839436,-0.26662761638112276,1.3230362531879505,-1.2333371181962505
0.36385021936837825,-0.25359157292710405,-0.10244506081839011,0.01637460035556233,0.5442349836402808,-1.2050663660243575,1.9306857835816829
0.33688586777090695,-0.3141507545216364,-0.6157359819888196,-1.248572440214286,-0.266707059256072,0.42773856981632585,-0.5871127539589034
-0.47204468015323187,-0.9197425704669595,-0.06296114380528015,-1.1062780477947378,0.647871455459945,0.8242624750880049,0.15811269683134727
-0.17543681258104765,0.2006022890318883,0.13445844126026968,1.7420954530743604,0.8598110839760328,0.45068361771039855,-0.09254982969746829
1.0918877125001032,-0.46554870850796715,-0.240638770364275,0.19461816588096165,0.25884093179859985,1.043379286219748,0.9851016155209216
-0.84954560251783,-1.404216023223218,-0.7539296915347046,-2.1480471146958515,0.8896750156289831,-0.4563475201508928,-0.06246831846215453
-0.6338307897380596,0.17032269823462212,-0.5565101064691548,0.49107586285366317,-0.8442672003136674,-2.6641092650976246,-1.2285959775691897
-1.038296063700129,-0.7380650256833625,-0.16167093633805507,-1.169970871961652,0.8237551873299283,0.1538735296918638,0.1389414937886737
1.5772460412545866,0.7759145141799453,-0.06296114380528015,0.42288085063104774,0.371654347673601,0.020485557110633257,0.09139070265841359
1.8199252056318282,-0.616946662494298,-0.35909052140360487,-0.2824623769906791,-0.18791106968056354,-0.14305874704866106,1.2661311725905482
-0.9843673605051865,-1.0711405244532903,-0.26038072887082997,1.1059378595683222,-1.0952533916674605,-2.1593010572266524,-0.22107056758517424
-1.307939579674842,-0.19303239133257175,-0.6552198990019297,0.8619731045362351,0.6548365467175111,-0.09321552136752446,-0.8215875511548607
1.1188520640975745,-0.5563874808997656,-0.16167093633805507,-0.6719623905354631,0.40065782796233684,-0.14975425509070345,1.7524182384509706
-0.49900903175070316,-0.16275280053530558,-0.5959940234822647,0.18140810782109015,-0.6739424061746893,-0.6166202794646117,-0.7171599964286446
-0.2832942189709328,-0.8894629796696933,-0.4578003139363798,0.6300363170796206,-0.9416812448020667,-1.320372545290241,-0.14062056516208063
1.253673822084931,-1.3739364324259518,0.07523256574060473,-0.12715421877290728,0.6988741274169216,-0.30311259719791567,-0.9837989936944648
0.9570659545127467,-0.5261078901024995,-0.4775422724429348,0.19991802702195802,0.06657042898870234,-0.8812404149557675,-0.5504700435669972
-0.6338307897380596,0.3217206522209529,-0.6552198990019297,-1.0746358537141156,-2.0912423821610906,-1.2306640936851514,0.628660892286927
1.5233173380596439,0.5639573785990821,-0.06296114380528015,0.5190074914295172,0.4551407698430797,-0.8767502328223793,-0.22218900108848835
-0.3102585705684041,0.4731186062072837,0.09497452424715971,0.07626897565444857,0.9706419051916935,0.6297753403880644,2.510623495959995
0.6874224385380338,-0.13247320973803944,-0.1221870193249451,-0.11748764728460677,0.5869518003848385,-1.6265503579181535,1.6955095448610442
-0.3372229221658754,0.07948392584282366,-0.4578003139363798,0.03854835450814139,-1.1687052530005286,1.8053334054781858,-0.6576908666655588
1.6581390960470004,1.0181512405580746,-0.003735268285615202,0.3290384431538064,0.2688888118525903,-0.3515480916348081,-0.07567082791365205
-0.660795141335531,0.5639573785990821,-0.5170261894560447,0.6424040182694418,-1.519303003463923,-2.308396636747713,-0.21645204268434706
-0.5529377349456458,-0.2838711637243702,-0.6354779404953746,0.8343496542326481,0.5156394947107971,-0.04076512395020744,-0.9578297867602891
-0.3641872737633467,0.2611614706264206,-0.6157359819888196,0.027539260611968663,-0.07032360684697378,0.8303133341446352,-0.5271357896910364
-1.1191891184925429,0.17032269823462212,-0.4775422724429348,-1.0199012636013058,-1.4387111604167149,-2.2154907792926943,0.6103426061995808
-0.6877594929330022,-0.5563874808997656,-0.5565101064691548,0.6692364584566648,-1.2599271771146316,3.1421412585191675,-0.5765631423806614
-0.7686525477254161,-1.1014201152505565,-0.43805835542982485,0.6284860736229722,-1.0638999225005725,-2.2064035855368798,-0.07252860302813764
-0.2832942189709328,-0.7986242072778948,-0.06296114380528015,-0.775511526855668,1.0501465975852327,-0.7550283578674357,0.15989180599389544
-0.6068664381405884,0.4731186062072837,-0.6354779404953746,0.8423294033706197,-0.22975858686831954,0.09398712598656926,-1.234324293596048
-0.7686525477254161,0.5033981970045498,-0.5762520649757097,-1.4582649118793811,-2.2603492858879957,-1.2297816736119909,-0.6210880605903053
-0.4450803285557606,0.2006022890318883,-0.4578003139363798,0.8451295140689815,0.6179128868119618,0.41024816919691076,-1.1419923735979252
0.9031372513178041,-0.2838711637243702,-0.5367681479625998,-0.733813270854711,-0.42658161477273465,-0.8001891396410121,0.06601939696154607
0.20206410978355047,0.23088187982915445,-0.6552198990019297,1.0775184019216733,-0.3222520855789599,1.1916636195653638,-0.7421301572305024
0.9570659545127467,-0.4958282993052333,-0.6354779404953746,-1.0035450573419515,-0.5477472291168838,-1.1708957922297938,-0.6545067512863719
1.4154599316697587,-0.34443034531890254,-0.6157359819888196,-0.24996436245398349,0.5930432149180059,0.06855739274283208,-0.41016109379942367
-0.660795141335531,0.4428390154100175,-0.4775422724429348,0.49888025621469634,-0.3292901193009942,1.322583800541835,-1.2077709258742177
-0.7147238445304736,-1.0711405244532903,-0.8328975255609244,0.20315357470936735,1.0348071090128612,-0.2422311907936295,0.23156066727265046
-0.7416881961279448,-0.9803017520614918,-0.43805835542982485,0.18097114273797085,0.9898107606545091,-0.7346827834890369,0.8282562994906887
-0.8225812509203587,0.5942369693963483,-0.5170261894560447,-1.897157242803323,-2.203966328586717,-0.6386898305518357,0.48610867984830564
-1.227046524882428,0.715355332585413,-0.5762520649757097,1.1047623742007289,-0.212017307770171,-0.2977363178080373,1.313505246291276
-1.227046524882428,-1.1619792968450888,-0.20115485335116504,-1.4533624050696805,0.7525790067629937,-0.9811734813781149,0.08069006858945471
-0.7686525477254161,0.4428390154100175,-0.6354779404953746,0.43034984729224096,-0.36825975814474377,1.632812832505426,-1.2022593825735222
-0.5259733833481745,0.049204335045557504,-0.5170261894560447,-0.5255000457277432,-2.2485341034225583,-0.7710230673750704,0.10158168755591805
-0.7147238445304736,-0.011354846548974808,-0.6157359819888196,0.6796215433685379,0.7934841997481243,-0.06779154254361747,-0.8353034323154039
-0.8225812509203587,-1.010581342858758,-0.7539296915347046,-2.7293035977281286,1.0002976072534453,0.6452261013327631,0.04407108894319281
-1.0652604152976004,-0.2838711637243702,-0.6157359819888196,0.1581385665858771,-0.710347348143451,1.9785745857781187,-1.2450731536854664
1.3615312284748162,0.14004310743735598,-0.5959940234822647,0.02417732398456101,0.4478003433125722,0.22842638680604405,-0.4549112078190934
2.413140940776197,-0.4049895269134348,-0.6157359819888196,-0.5625714363579555,0.2544697001211153,-0.6004896591569294,-0.4738826320129835
-0.7416881961279448,-0.25359157292710405,-0.5367681479625998,1.1804614055643443,-0.8806473042027548,3.2220135013245543,-0.5303585297816118
-0.04061505459369118,0.4428390154100175,-0.5170261894560447,0.6025972115763265,-0.44354165724976896,0.837766852601232,-0.7292313757057118
1.0649233609026318,-0.13247320973803944,-0.5367681479625998,-0.14114950173659768,-0.1370154822749387,-0.0020332031057967276,-0.5374180188195371
-0.3372229221658754,-1.192258887642355,-0.35909052140360487,0.27465325992970013,0.8887965746313701,-1.159047391760599,1.6581953760053003
-0.6068664381405884,-0.5563874808997656,-0.5170261894560447,0.7945006813196842,0.6881662884174002,0.8756150087499649,-0.7950910325721966
-0.8225812509203587,0.7759145141799453,0.5687815284044793,-1.3959982204059191,-2.487179070353779,1.5070122337559637,-0.4961591859434453
1.253673822084931,-0.8591833888724272,0.03574864872749477,0.13412536620153023,0.4262552148593402,-0.487930278101707,-0.9910703338020145
-0.6877594929330022,-0.16275280053530558,-0.5367681479625998,0.5766018058636122,0.5425056068016086,-0.26484911563754576,-0.9280410011719751
1.44242428326723,-0.5563874808997656,-0.39857443841671486,0.3914677330130953,-0.9315064358693518,0.6538668675830465,0.7332993291583211
1.9547469636191848,-0.2838711637243702,-0.5367681479625998,0.04742399368121284,0.16148408283902072,1.497314925231937,-0.222357886636136
1.2806381736824022,-0.828903798075161,0.07523256574060473,0.3573382925285396,0.8661868172575267,-0.41572580677701004,-1.3616053743222931
0.28295716457596437,0.2006022890318883,-0.6552198990019297,-0.13419509374657096,-0.11976970061445852,-0.2675691407203139,-0.2248146646085584
-0.660795141335531,0.07948392584282366,-0.5170261894560447,-0.4977186591216803,-0.49329955875531156,0.6890077340718062,-0.9271661379780171
-0.49900903175070316,0.07948392584282366,-0.5367681479625998,0.3665971880684046,0.7749812059179121,0.2933849542660863,-0.823669852092599
1.0379590093051605,0.2006022890318883,-0.5762520649757097,-0.07097749287180548,-0.21192927537181733,-0.7190695644308651,-0.4645325327290214
1.2267094704874597,-0.3747099361161687,-0.16167093633805507,-0.391703974934385,0.026725307676130117,-0.49274704312678025,1.5768370104568803
1.172780767292517,-0.4958282993052333,-0.14192897783150007,-0.15645348755358296,0.7028624240669524,-0.013560749442401905,1.3722395348882601
-0.6068664381405884,-1.434495614020484,-0.16167093633805507,-0.6865461153957072,0.895053852695303,0.37945516398988105,0.05879356796014953
-0.22936551577599024,0.2611614706264206,0.5292976113913693,-1.4699619014604572,-2.357896461028436,0.6883011978086848,-0.39579069899755603
-1.200082173284957,0.4428390154100175,-0.5959940234822647,-0.23120936569050704,-0.39990271091114593,0.30437888818382597,-1.0242280517024807
1.4963529864621725,-1.010581342858758,0.05549060723404975,0.8343628724458628,0.8784272168331827,-0.16876405349195503,-1.5106010298933326
0.2559928129784931,-0.07191402814350713,-0.240638770364275,-0.5687743352638949,0.5120120563918998,-0.5719603464834174,2.786353052661318
1.1997451188899884,0.6547961509908806,-0.06296114380528015,0.6853712466778183,0.5186895739805754,-0.8265444196722376,0.09789363371841975
1.1188520640975745,-1.404216023223218,-0.003735268285615202,0.14512655231062493,0.683632184520667,0.6189380306156892,-0.8947421004601748
1.873853908826771,-0.9197425704669595,0.13445844126026968,0.45827047598465526,0.9070114545513229,0.33094792085481095,-1.401806637520808
-1.2540108764798994,-1.010581342858758,-0.14192897783150007,-0.25568756550000604,1.00539287283797,0.08074759676869488,0.016407085988267192
-1.0922247668950718,-0.8894629796696933,-0.41831639692326983,0.4039906454707936,1.055126104219176,-0.98241914455206,0.7684433016575163
0.013313648601251414,0.10976351664008982,0.13445844126026968,-0.16805745091693705,0.8414754509041199,0.2595575260846331,0.08677002134201339
1.3076025252798735,0.10976351664008982,-0.26038072887082997,0.2413476835840606,0.438652912692594,-0.6591446144524474,3.064392935486067
-1.2540108764798994,-1.010581342858758,-0.4578003139363798,0.6752705747840575,-1.0539401377159183,-1.038645138067067,-0.06633369655604711
0.20206410978355047,-0.2233119821298379,-0.06296114380528015,3.3606928357491124,0.8703493505059172,0.13106664304430116,-0.2755862977694488
-1.1191891184925429,0.38227983381548525,-0.5367681479625998,0.911749909136027,-1.6740034720456791,-0.9676895298099726,0.9711294633828426
-0.6338307897380596,0.4731186062072837,-0.5170261894560447,-1.5223479406528453,-2.0882752777682265,-0.695129915428303,-0.6265877584126521
0.7143867901355051,-0.07191402814350713,-0.08270310231183513,-0.4572082907870701,0.5071038333266522,0.8342633154654386,1.1370123336123765
1.7120677992419429,-1.3739364324259518,0.07523256574060473,0.7566843169006602,1.0392510433469253,-0.07059893729701391,-1.370000248367429
-0.579902086543117,-0.9500221612642257,-0.10244506081839011,-1.173883680517387,0.7428694817192951,-1.170458149676901,0.043670138087431046
-0.013650702996219882,-0.2233119821298379,0.07523256574060473,1.1241795842952111,0.8445807106877384,0.33345827592076205,-0.9014419297582217
0.8761728997203329,-0.9500221612642257,0.1147164827537147,0.06980245458734215,0.47409904299272715,-0.2525820962013727,-0.8927051313058016
0.5795650321481486,-0.25359157292710405,-0.26038072887082997,-0.02352857800404651,0.5181167057158987,-0.9181432090974228,1.6664664006851648
-1.307939579674842,-0.9803017520614918,-0.26038072887082997,-0.1035048623749143,0.9038923029751091,-0.23151834200133242,1.384263571132456
-1.227046524882428,-0.8894629796696933,-0.16167093633805507,-0.17065594496320846,1.0086664202777964,-0.22607157385536453,0.018878624569872153
-0.22936551577599024,0.7759145141799453,-0.49728423094948976,0.43270675884223986,-0.36458254531831846,0.3948340530648718,-0.637156909815819
-1.2540108764798994,-0.19303239133257175,-0.5565101064691548,0.08613406172397549,-0.28981905114240514,-2.926502703136956,-0.5712529951041656
-0.7416881961279448,-0.4958282993052333,-0.4775422724429348,0.6444758126013185,-1.2207853297107771,1.9473860934737026,-1.2659098887960443
-0.6068664381405884,2.3201736448405192,2.9180745906845225,-0.6809020241337856,1.044891628928041,-0.528292307403164,0.16870993414383667
-1.227046524882428,0.3520002430182191,-0.6354779404953746,-0.8418398903781518,-2.3767146531389605,-0.7792698143220119,0.09932462048220553
0.39081457096584954,0.2611614706264206,0.05549060723404975,1.1938921216051825,0.8741067310199009,0.048135527716154446,1.8793292305545082
0.7413511417329763,0.14004310743735598,-0.08270310231183513,0.2499764936715526,0.42560754808898515,-1.7518919720813997,3.2848954866129607
-0.6338307897380596,0.6245165601936145,-0.5565101064691548,-0.17013353428570097,-0.5138715661043667,-0.7881624855928959,-0.21214474111206855
-0.3102585705684041,-0.7077854348860964,-0.20115485335116504,-1.0814895411537353,0.72691439641551,0.6300336195352461,0.08050668151499092
0.040278000198722706,0.29144106142368675,-0.5762520649757097,0.8062933583162532,-0.13866313357292903,0.5835131716402092,-0.655958870523066
1.0379590093051605,-0.04163443734624096,-0.1221870193249451,-0.48942517591249807,0.4509600349962647,-0.42696761954602375,1.6901080681434322
1.6581390960470004,-0.13247320973803944,-0.4578003139363798,0.028302964525119493,0.29175353216593475,-0.005096849808309629,-0.680230932253464
-0.3102585705684041,0.5033981970045498,-0.6552198990019297,-0.9535568231726516,-0.3371614710676393,-0.1382500151166891,-1.012116400560635
1.6042103928520577,-1.192258887642355,0.05549060723404975,0.2945336860079498,0.9097378273005837,-0.49866926748477985,-1.4966114238522423
0.20206410978355047,0.049204335045557504,-0.023477226792170184,0.10094979355627842,1.0006196458966201,0.34434404599124235,2.4900237625305293
-0.47204468015323187,0.10976351664008982,-0.6157359819888196,0.46853089555088834,0.777279739387919,0.3977987994454706,-0.8327667508702682
-0.9304386573102439,2.7743675067995115,2.9773004662041873,0.2730081010841989,0.4202878115422461,-0.6673607968978948,-0.6236360793417147
-1.307939579674842,2.0173777368678576,3.056268300230407,-0.48300385530947515,1.046466798066968,-0.7449503428294034,0.09060116095627709
-1.0922247668950718,0.07948392584282366,-0.5959940234822647,0.48846350823609513,-0.12424360150403116,1.0944325977487488,-1.0452066927294543
1.631174744449529,-0.011354846548974808,-0.5762520649757097,-0.3158643629059292,0.29720628799326104,-0.07001712760257854,-0.34525486113144377
-1.1731178216874856,0.2006022890318883,-0.4578003139363798,0.5441288293278308,0.5097361070768562,-0.09811543487231311,-0.8645375790611679
0.14813540658860788,0.7759145141799453,-0.6552198990019297,0.7853288671929264,-0.3687087059071928,1.2579202417220612,-0.5767317127053739
-1.0113317121026577,0.10976351664008982,-0.4578003139363798,0.5491355976369957,0.6645158128556337,0.4990728035018183,-0.9658561477523395
1.2806381736824022,-0.7986242072778948,-0.41831639692326983,-0.16635042022071833,-0.9034590983760501,0.9802421164490701,1.7080089118558015
-0.2832942189709328,-0.9500221612642257,-0.3788324799101599,0.4010746709294639,1.2831240854236239,-0.9478352661287426,1.289801226464614
-0.5529377349456458,0.7759145141799453,-0.5170261894560447,-1.448309514652227,-0.08641811663719678,-0.2821286915070665,-0.9998101847388932
0.9570659545127467,-0.828903798075161,-0.41831639692326983,0.3159295106092197,-0.8315051610968661,-0.5041500284064415,1.6132433953980865
-0.6338307897380596,-1.3133772508314194,-0.29986464588393996,0.4515676469391978,1.1709545981900078,-0.010522998270644332,0.9161934440062006
-0.3102585705684041,0.6850757417881468,0.5490395698979244,-1.1130238549847016,-2.507485634170599,2.1321411827126115,-0.6263918950505999
-0.660795141335531,-0.5563874808997656,-0.3393485628970499,1.5756685013611602,-0.8240449954335264,-1.4556711494838634,-0.10144481246935806
-1.227046524882428,0.07948392584282366,-0.4775422724429348,-0.1477457731516807,-1.1854949649635118,-1.8616772326583373,1.541747301723727
1.4154599316697587,-0.4049895269134348,-0.35909052140360487,0.3513617649996801,-0.7281030076315425,-0.16139538738788048,0.6876530423292145
0.7683154933304477,-0.07191402814350713,-0.6354779404953746,-0.04184138703390573,-0.13073276391713737,0.14387539652197742,-0.1302798406494477
-0.7686525477254161,-0.828903798075161,-0.20115485335116504,-0.5240995016278469,0.61611890150659,0.6593876746477949,0.12008133311659885
-1.0113317121026577,-1.3739364324259518,-0.7144457745215946,-0.07675430089930947,0.949256011422311,0.8106185788753864,0.19398949452333594
-0.3372229221658754,-0.8894629796696933,-0.29986464588393996,0.5468687000043934,1.1493924784047576,-0.6418453491009378,0.7141273884758101
-0.9843673605051865,0.14004310743735598,-0.6157359819888196,0.9952808455386778,-0.5138735797721109,-2.3972353934381436,-1.2744321181758937
1.1997451188899884,-0.46554870850796715,-0.5170261894560447,-1.136759301330065,-0.45646549224478783,-0.9539260956292919,-0.05206235697332194
0.8222441965253903,-0.5261078901024995,-0.20115485335116504,-0.3555255059267671,0.7442938561546545,-0.1786886596747249,0.8481433184055776
-0.2832942189709328,0.14004310743735598,0.5292976113913693,-1.387615359652719,-2.5431266519413516,0.8904122215663419,-0.25480611983074164
-0.579902086543117,0.6547961509908806,0.5292976113913693,-1.1816906093974353,-2.366403703830471,0.7578672246594211,-0.2757226661182106
-0.2832942189709328,-1.4647752048177503,-0.31960660439049493,0.10421148641458916,1.1359047778206353,-0.6324580479168055,0.7249040103490664
-1.227046524882428,-0.8591833888724272,-0.8328975255609244,1.0320579862945503,1.0150890809094815,-0.5937968326616961,0.057727471275067194
-0.47204468015323187,-1.2528180692368873,-0.7934136085478145,-0.05729193422856245,0.8488500213178237,0.44672022608947015,0.2495452185717494
1.8199252056318282,-0.6775058440888303,-0.28012268737738494,0.3990822317595949,-0.3829607164477086,-0.44946305543734805,1.4131911674798703
-0.9034743057127727,2.5018511896241162,2.898332632177967,3.123938462418253,0.45810565039948803,-0.10819166905533631,-0.6855360025330126
1.9008182604242423,-0.5261078901024995,-0.4775422724429348,-0.3756688220375614,0.4617225560325534,1.126883377534299,-0.07749713912175336
-0.47204468015323187,2.5926899620159145,3.056268300230407,1.5549107358310708,0.49851534864142055,-1.001821464952765,-0.5987141309339652
0.4986719773557347,0.3217206522209529,-0.023477226792170184,2.925377447879358,1.0372892540428302,0.6663647412558404,1.5087418924598908
-0.579902086543117,2.7743675067995115,3.095752217243517,-0.5456937610143079,0.9305097118308532,-0.335905897757678,0.10363107631225695
-0.7956168993228874,-0.07191402814350713,-0.6552198990019297,0.7614866437780915,0.7984256097104045,0.2630475720889851,-1.0053134344969086
-0.391151625360818,-0.3141507545216364,-0.5170261894560447,0.45466261595666707,0.707626262574346,-0.108064798532239,-0.8223405199108003
-0.9304386573102439,-1.3133772508314194,-0.14192897783150007,-0.15422063888915805,0.6388856189819625,0.33985845584638696,0.03861023040185226
-0.660795141335531,2.07793691846239,3.036526341723852,-0.6189277512156574,1.0476165322926319,-1.0994095366517658,0.06449568741676553
0.2559928129784931,-0.2233119821298379,0.09497452424715971,-0.2117609852698131,0.9687992339449425,0.36931599428812595,1.4508701882605324
-0.4450803285557606,-0.46554870850796715,-0.3393485628970499,1.9609949787902163,-1.159897490047134,-0.025741102312086542,-0.1129823338169101
0.6874224385380338,0.07948392584282366,-0.18141289484461004,-0.23003676694448358,0.8299675171323737,0.09882266953753766,1.6985255851879801
0.0942067033936653,0.2611614706264206,0.6280074039241442,-1.6076111771611308,-2.4707820015960587,1.3028431266702876,-0.4392567979023322
1.0379590093051605,0.8970328773690099,-0.023477226792170184,0.5083122453139053,0.2867982753189037,-1.0813899577884971,0.10731030390756723
-0.4450803285557606,-0.5563874808997656,-0.5367681479625998,0.5780287405072176,0.5059722553424906,0.2697884868016633,-0.8257083381324399
-1.2809752280773707,-0.13247320973803944,-0.5959940234822647,0.47144162150800933,-0.30089099845376066,-3.568438736849025,-1.2891535118085187
-0.5259733833481745,-0.4049895269134348,-0.5170261894560447,0.7702661546625761,0.6624419407571026,-0.13933052066783733,-0.9135031372362946
1.873853908826771,-0.8591833888724272,0.03574864872749477,0.5000934890966945,1.05115251937898,-0.1884748890608108,-1.4859221247276564
2.1165330732040126,-0.3141507545216364,-0.6354779404953746,0.0005289730166098667,0.28925421886704106,0.33102542268978424,-0.4551123932707387
0.41777892256332083,0.4731186062072837,-0.023477226792170184,-0.370173077589597,0.9970018245926072,0.5622160907917285,-0.2925217660644758
-0.4181159769582893,2.6835287344077132,3.056268300230407,-0.8731336051989788,0.845516256500326,-0.7426075138720902,0.36364293614238596
0.5795650321481486,-0.4049895269134348,-0.20115485335116504,-1.02403219062919,0.48493880731774497,1.434926041740274,2.5711412577857553
0.525636328953206,0.4428390154100175,-0.06296114380528015,1.653247553245491,0.9630580422181134,0.6639948581855863,1.8126671360066675
-0.7416881961279448,0.10976351664008982,-0.5762520649757097,1.4546655204309504,-0.15320123806886174,0.9967820421599514,-0.5492315606336808
-0.84954560251783,-1.1619792968450888,-0.28012268737738494,0.14936426837738528,1.2685836214695456,-1.0113138186200343,2.0400473792014204
-0.7147238445304736,0.8061941049772114,-0.5170261894560447,-1.7626968799922447,-2.3456705258203923,-1.0753310656387667,-0.12466476560055874
-0.7956168993228874,-1.1014201152505565,-0.6552198990019297,-0.3121665567871735,0.904346109317247,1.2597921089450812,0.26990553336868556
-0.579902086543117,0.533677787801816,-0.5959940234822647,-0.6728240380970002,-0.4163296577559206,-0.0816864482171852,-0.911479967942469
1.7120677992419429,1.2301083761389375,0.09497452424715971,0.15714427806499237,0.24446512829413458,-0.36354911574077464,0.2734603142194674
-1.200082173284957,-0.5261078901024995,-0.5170261894560447,-0.2656440718920484,-0.5217003097572974,3.0734181175301676,-1.11530095730733
1.3076025252798735,-1.4647752048177503,-0.023477226792170184,-0.28266361261670153,0.6033571761956211,0.22450449372580555,-0.9527500787139415
-0.5259733833481745,0.7456349233826791,0.5490395698979244,-1.5910526101516582,-2.5332613447288828,2.624923551263806,-0.2602442670592276
-1.1731178216874856,-0.7683446164806287,-0.26038072887082997,0.8923476727675318,-1.1058806493781759,-2.315880794121935,-0.12712928025209
1.1188520640975745,-0.9803017520614918,-0.003735268285615202,0.053703446908328505,0.4775392838602845,-0.12404507772553018,-0.8867089330146228
-0.391151625360818,0.17032269823462212,-0.04321918529872517,1.743757678296869,0.9970140848832145,0.31693904302660797,0.4290760009929603
0.6065293837456199,-0.3141507545216364,-0.1221870193249451,0.20665005343665904,0.2963133507434659,-0.2096584686291454,0.9300335349944387
1.6851034476444717,-1.1619792968450888,-0.3788324799101599,0.30890098008218714,-0.3528073155657545,0.39148283420310315,1.5735637954527657
1.0379590093051605,1.139269603747139,0.13445844126026968,-0.09261214102143345,0.397534881224192,-0.25472856023298057,-0.1690547611265105
-0.5259733833481745,-0.7077854348860964,-0.3788324799101599,0.20708779852602222,0.879146584815186,-1.1743646989206298,1.3658537014271155
1.5772460412545866,-1.3133772508314194,0.09497452424715971,0.2536851799796939,0.7372954801009565,0.09961797398134818,-1.046004545234316
-1.1731178216874856,-1.1014201152505565,-0.43805835542982485,1.8641446777239097,-1.0173135795766122,-0.07644507629261484,-0.21808908023406318
0.2559928129784931,-0.13247320973803944,-0.08270310231183513,-0.9519581814258135,0.5877650926743844,-0.29415731501659514,2.479025926830575
-1.2809752280773707,-1.3436568416286856,-0.26038072887082997,0.2730421959350974,1.277054357786688,-0.19958277460459597,2.2165151866900037
-1.1461534700900142,2.4110124172323175,2.898332632177967,-1.013637266866189,0.4296102772220576,-0.023131077102169457,-0.5875014134820901
-0.9034743057127727,0.14004310743735598,-0.5565101064691548,0.502457568325547,0.6514673433236613,-0.05738917838088243,-1.1699794079327028
-0.579902086543117,-1.1316997060478227,-0.240638770364275,-1.144479481945453,0.7867831226061055,-0.9414538326530937,-0.014069192464420874
-0.7686525477254161,2.7440879160022456,2.9180745906845225,-0.7253071850743055,0.9106406680773101,0.03222841241057987,0.24421455527849528
0.30992151617343566,0.07948392584282366,-0.26038072887082997,0.0858883218542746,0.46022465488166975,-0.3063254469612227,1.0849183278833818
-1.0922247668950718,-0.2838711637243702,-0.4775422724429348,1.086193737087432,-1.2748429938557118,2.0019280589121804,-0.8240936118258938
-0.3102585705684041,0.3217206522209529,0.09497452424715971,-0.5057706057173104,0.8830706098073502,0.16006183406049573,1.9022630290288538
-0.6877594929330022,0.7456349233826791,0.5490395698979244,-1.6093448617279742,-2.4992811232312633,0.9685073288842189,-0.6661405953153453
0.9031372513178041,0.049204335045557504,-0.20115485335116504,0.2647473103105978,0.37622703055224677,0.6191611725183946,1.2621135990495875
-0.4181159769582893,0.29144106142368675,0.5490395698979244,-1.5424719800364601,-2.4161285976212805,1.5910233991572118,-0.23280135147845707
0.9301016029152754,-0.5563874808997656,-0.31960660439049493,0.1399549054439299,-0.7689712032890412,0.4874298929157036,0.5355622238393176
-0.660795141335531,2.47157159882685,3.056268300230407,1.643002396665872,0.43801535871972536,-1.012322666568615,-0.5286821820241757
-0.2832942189709328,-0.7380650256833625,-0.1221870193249451,-0.1826195470618673,0.7906587598449774,0.8082964247722889,0.12829047054087375
0.6065293837456199,0.10976351664008982,-0.14192897783150007,-0.8181445973976514,0.6077946940968735,-0.8332025913448131,3.0626090607341276
0.6065293837456199,-0.5563874808997656,-0.20115485335116504,-0.13136562608689492,0.47466590797676045,-1.884525651205546,1.495477284090141
0.6604580869405625,-0.46554870850796715,-0.18141289484461004,-0.4191188523665216,0.6010479438807582,-0.3323042763113437,3.2757638306458756
1.3615312284748162,0.5033981970045498,-0.003735268285615202,-0.03732986284209747,0.16267590604371698,-0.5920076712707144,0.23471276944627842
-1.2809752280773707,0.4428390154100175,-0.6354779404953746,-1.442036899945319,-1.648644552987842,-1.9363848676279953,0.06972517595729633
1.2806381736824022,-0.7380650256833625,-0.35909052140360487,0.018417951390727154,-0.4659978881758671,-0.3286288456098058,1.7412498062786526
-0.6068664381405884,0.5639573785990821,0.7069752379503642,-1.3601408406690472,-2.3454254048840744,0.00984740415193199,-0.582378578032708
-0.6068664381405884,-0.16275280053530558,-0.6552198990019297,-0.07709598353181447,-0.7254923453323907,3.566818395297838,-1.139837599364512
1.9277826120217134,-0.16275280053530558,-0.6354779404953746,-0.17823665407864356,0.18976154474307153,-0.21365399133944105,-0.7595266068193601
0.4447432741607921,-0.25359157292710405,-0.20115485335116504,-0.5625238180740082,0.48326202969001436,1.060176948353268,2.857047101093249
0.33688586777090695,-0.3747099361161687,-0.06296114380528015,-0.04985274537628226,0.695063833337085,0.8311840683190626,1.689494878684605
-1.227046524882428,-0.25359157292710405,-0.5367681479625998,0.561603512672401,0.745488120100696,0.016700326689979336,-1.1007032100981788
0.2559928129784931,0.14004310743735598,-0.22089681185772,0.1178979108448131,0.34621254849440164,-0.5219468669575059,1.232817735105103
-0.9034743057127727,0.6245165601936145,-0.6157359819888196,0.09626410454335566,-0.08311824826067285,1.1792427742869815,-1.2085756373394565
1.7659965024368858,0.07948392584282366,-0.6157359819888196,-0.1666127915790351,0.2838093758019035,1.9309477265368846,-0.33402412328369724
-0.7416881961279448,-0.435269117710701,-0.5170261894560447,0.7398637376150287,0.4746771829892605,0.5013224673114948,-1.11935256202569
-1.1461534700900142,0.2006022890318883,-0.5959940234822647,1.1308257302271343,-1.1402466377919194,-3.4201638607673055,-0.9177607738453769
1.3345668768773449,-0.4049895269134348,-0.5565101064691548,-0.6176729725279838,0.2176797609566831,1.2290667954740215,-0.30494814305230356
2.1704617763989553,0.2006022890318883,-0.6157359819888196,-0.04538032523147589,0.46637987178572926,1.2200824345477674,-0.36644225950115855
0.9301016029152754,-0.46554870850796715,-0.14192897783150007,-0.7901006419380856,0.5110008282872551,-0.28875680162855416,3.143522800244413
-0.4450803285557606,2.4110124172323175,3.036526341723852,-2.0414985870541202,0.3901422919869886,-0.858747820990846,-0.5234883051361522
1.7929608540343571,-0.6472262532915641,-0.28012268737738494,0.14457039190007093,-0.8659175384157466,0.3652607847081507,0.4277009222416512
1.7659965024368858,-0.9197425704669595,-0.4578003139363798,-0.42598077475696394,-0.8595158115757411,0.507585028715156,0.6492069433413544
-0.6877594929330022,0.6850757417881468,-0.6157359819888196,1.2355090055993458,-0.12458512655906019,0.9841412022680144,-0.7508716538672934
0.040278000198722706,0.4428390154100175,0.5885234869110343,-1.608424346636442,-2.445177710117975,0.5420111936949079,-0.3194685025766292
0.4717076257582634,-0.04163443734624096,0.01600669022093978,-0.22384903526991598,0.937136746715293,0.13226082693466698,-0.731852643001364
-1.1191891184925429,0.8061941049772114,-0.5762520649757097,-0.7463967784265652,-2.372868907459496,-0.67826713789661,0.3899464060221985
1.0918877125001032,0.927312468166276,0.07523256574060473,0.7182747008790656,0.32786114019489804,-0.1069618103280953,0.2525839204299363
-1.227046524882428,0.4428390154100175,-0.5565101064691548,-1.2974663874664114,-1.7200846232755937,-0.4521950858950005,0.9399658008949094
-0.17543681258104765,0.6547961509908806,-0.5170261894560447,0.894737286727617,-0.3260978025174033,1.4119223860104302,-0.5891015112642224
0.17509975818607917,0.3217206522209529,0.13445844126026968,0.22664990226104315,0.967721253922184,0.14068822802228875,-0.7472248184718028
-0.4450803285557606,0.07948392584282366,-0.6157359819888196,1.56898308181566,-1.615801916796733,-2.4710080102430143,0.6547152379381272
-0.04061505459369118,0.23088187982915445,-0.06296114380528015,1.4403663302777725,1.0402578821588557,0.37221580232962104,2.4862665631341185
1.3884955800722873,-0.13247320973803944,-0.5367681479625998,-0.17047692654825844,0.6033247882091417,-0.28324872613749114,-0.25136069699275737
-0.6338307897380596,0.533677787801816,-0.4775422724429348,1.18027510177139,-1.0433520064137392,0.7581020896689262,1.122282599925792
-0.49900903175070316,-1.2225384784396212,-0.1221870193249451,-0.408243817804221,0.9684727579576601,-0.8827933538843605,0.05422546437587843
0.8492085481228615,-0.4049895269134348,-0.06296114380528015,0.1327425428061298,0.4623383683216204,0.24830018472181567,1.3896938012689368
1.7929608540343571,-1.0408609336560242,0.13445844126026968,0.6494201205640073,0.9149468228992782,-0.45209413784643143,-1.4256953649062518
-0.579902086543117,-0.3747099361161687,-0.5367681479625998,1.1862203113513725,-0.38442576077421686,3.0737567019476253,-0.7097763501108502
-0.5529377349456458,0.3520002430182191,0.6674913209372543,-0.9642303388330044,-2.520733593329088,0.807915542482244,-0.4879246139345132
-1.1461534700900142,-0.828903798075161,-0.240638770364275,-1.3493754298997698,0.7182103782170762,0.4242657896375381,-0.020275688602818184
-0.84954560251783,-0.9803017520614918,-0.28012268737738494,0.8913631373170371,-0.8181028271814512,-1.7960401042685032,-0.10730345546570207
1.3076025252798735,-0.435269117710701,-0.5959940234822647,-1.266048920964546,-0.13938066706948793,-0.46363421816906186,-0.2867626577531684
-0.4450803285557606,-0.9803017520614918,-0.1221870193249451,-1.3542268871960133,0.8319214983095582,0.22399166650231186,0.13417807189641673
-0.49900903175070316,0.6850757417881468,-0.6552198990019297,0.49948672204067945,-0.3552871595177749,1.449834364256293,-1.0951317946067782
-0.2832942189709328,0.7759145141799453,-0.6157359819888196,-0.8818983817455823,-0.36923717827686825,-0.09035702710942665,-1.179426388760189
0.067242351796194,0.049204335045557504,0.13445844126026968,1.5511229417286299,0.8911161564080596,0.3022332106537457,2.3775653532048513
1.3345668768773449,-1.192258887642355,0.01600669022093978,0.786212540455052,0.8831688196704859,-0.1387621045940512,-1.410152337151408
-0.3372229221658754,2.0173777368678576,2.9378165491910773,-1.5966965537909152,0.5181260065795584,-0.19294998909718422,-0.5425798974001464
-0.5529377349456458,0.3520002430182191,-0.4578003139363798,1.4641813811477533,-0.30604336391339687,1.5812157533216713,-0.5837304416595197
-1.227046524882428,-0.6472262532915641,-0.29986464588393996,1.3517254832058851,-0.8451574103100697,-0.8100378041614988,-0.1865405752365728
-0.49900903175070316,0.07948392584282366,-0.5959940234822647,-1.097384534309803,-0.2499364416594614,0.8482714914725374,-1.0461609128885812
-0.013650702996219882,0.2006022890318883,-0.023477226792170184,1.4023132748594282,0.9583064783718371,0.5822544497182073,-0.17878088503533668
-0.5529377349456458,2.532130780421382,2.997042424710742,-0.5253408566275161,0.8665086075603219,-1.11713342173314,0.2719820948871008
-0.4181159769582893,-0.04163443734624096,-0.5762520649757097,0.3108752397203588,0.8301861383987729,0.28799827842941084,-1.2023466122996318
-0.6068664381405884,-0.2233119821298379,-0.6354779404953746,0.690316542116441,0.6085641419597474,0.24387942257490336,-1.048762952493604
-0.4450803285557606,0.38227983381548525,-0.5762520649757097,1.480732399452305,-0.5042375477630536,1.4274221807706593,-0.548463768042287
-0.2832942189709328,0.5033981970045498,-0.5565101064691548,1.247528010085176,-1.1845626071587998,-1.0913740583854339,0.7885421830881648
-1.3618682828697846,2.1082165092596563,3.095752217243517,-0.7021980757625657,0.9678449085699724,-0.8764615418550761,0.3179565533192789
-0.22936551577599024,0.2006022890318883,-0.023477226792170184,1.580164658831508,0.9303992942192878,0.46279184466909784,0.6030704566867428
0.17509975818607917,0.14004310743735598,0.5687815284044793,-1.360766678977452,-2.4171840532165096,1.930827621466578,-0.4075676847621792
-1.0113317121026577,-0.7077854348860964,-0.22089681185772,-0.9342059634813568,0.9075175848193172,-0.2527058874362646,0.05875874445582267
0.14813540658860788,0.14004310743735598,0.01600669022093978,2.3108795086054483,1.0417777414493512,0.2797631776070633,1.2507963961865864
-0.5259733833481745,0.6850757417881468,0.6674913209372543,-0.9421664837697696,-2.405215790238223,1.4436370581018119,-0.44384417659693653
0.6874224385380338,-0.435269117710701,-0.4775422724429348,-0.25793543177823663,-0.707855183724312,0.669406217083287,-0.7157650657181154
-0.9034743057127727,0.10976351664008982,-0.5367681479625998,-1.1298677027941677,-2.294514785026606,-0.8787437601562486,-0.7760608838897818
-0.9574030089077152,0.018924744248291346,-0.6552198990019297,0.8834068322541785,-0.6456692900027433,2.4131998698978756,-1.0678322974674388
-1.307939579674842,-0.8894629796696933,-0.20115485335116504,-0.19707676328806034,0.908300148916313,-0.7071745153114611,0.1514160935266371
-0.4450803285557606,-1.3133772508314194,-0.6749618575084846,1.6967131418063957,0.9272851579511404,0.3226746176131872,0.23923561537453758
-1.0922247668950718,0.6547961509908806,-0.6157359819888196,-1.4179871948698142,-0.15069026714263314,1.6141716274682123,-1.1741288860113035
0.5795650321481486,-0.07191402814350713,-0.16167093633805507,-0.46698310160718504,0.1208054948368716,1.2165889602692133,1.7413063883413253
-0.9843673605051865,2.350453235637785,2.957558507697632,1.5792428171308923,0.5594590392930215,-1.1692532267689257,-0.6488399000982016
0.5795650321481486,0.2006022890318883,-0.4578003139363798,-1.4009413334229819,-0.1069646796506774,-0.8989638548233897,-0.2821947331283156
1.5233173380596439,-1.2528180692368873,-0.04321918529872517,0.8028846053550515,0.9973677215838859,0.10989906037818342,-1.3819895268771551
-1.1731178216874856,-1.010581342858758,-0.7144457745215946,-1.7980270632844042,1.0489621783368468,0.0014977781861114207,0.11646590773349969
-0.5529377349456458,-0.3747099361161687,-0.6552198990019297,-0.1427655729324035,-1.2232287736094964,-0.7557230132102387,-0.9366457907997439
0.22902846138102176,0.14004310743735598,-0.6157359819888196,0.5981720705823178,-0.2288303031032544,1.147305373430727,-0.7412691636640125
-0.7147238445304736,0.07948392584282366,0.7267171964569191,-1.4659892777968104,-2.424851244042661,0.09209713586943594,-0.4177642809913014
-1.1191891184925429,-0.16275280053530558,-0.5170261894560447,0.44347525771807605,0.7046176175272292,-0.09132879657892262,-0.9833925773998905
-1.0652604152976004,0.5639573785990821,-0.5170261894560447,0.7639746382698543,-1.1939445694453803,0.472974057687793,1.2493951312210632
-0.5259733833481745,0.2611614706264206,0.07523256574060473,1.6454534376137797,0.9699218029664339,0.6632441302876343,1.424268951710341
-0.8765099541153013,-0.828903798075161,-0.3393485628970499,1.4091067382364564,-1.0625343750960214,-1.3544155634200825,-0.22769725480620648
-0.2832942189709328,2.7440879160022456,2.9180745906845225,-0.5645991852733574,0.9361176929696786,-0.6246404498194623,0.06167338474102104
1.253673822084931,0.17032269823462212,-0.10244506081839011,0.16189674239498916,0.5673900408021846,-0.24070769114329757,3.047291102881821
0.9301016029152754,-0.011354846548974808,-0.20115485335116504,-0.1290624432022308,0.10923251474694312,0.14614987041331762,0.9132315529839536
0.7413511417329763,-0.2233119821298379,-0.1221870193249451,-0.4892939533276732,0.31660492656720873,0.7971575680043601,0.9402308952076782
0.8761728997203329,-0.46554870850796715,-0.26038072887082997,0.032019768084932024,-0.8318200477167378,0.9174323661100378,0.6013409111073339
-1.1191891184925429,-1.3739364324259518,-0.6552198990019297,-2.235189460055152,1.0305386125619953,1.9506744242890985,0.119691223386225
-0.579902086543117,0.5033981970045498,-0.6552198990019297,0.9550145014590136,-0.35307918765591934,0.5112728163436464,-0.535378756622705
-0.4450803285557606,0.17032269823462212,-0.5959940234822647,-0.4324332836403066,-2.2193770912971362,-0.9366043886819617,-0.2900681722979114
1.5502816896571152,1.0484308313553408,0.13445844126026968,0.1477705141376969,0.5380204502099091,-0.7475611840506936,0.18601826229813165
-0.4181159769582893,0.049204335045557504,-0.5170261894560447,1.0654988947208222,-0.8434827559252255,2.772413746446019,-0.8741783153449456
-0.9034743057127727,0.715355332585413,-0.49728423094948976,-0.20636669150597645,-2.272077254625084,-1.0316192750052904,-0.7165549413567096
-1.0922247668950718,-1.4647752048177503,-0.8526394840674795,-0.8647195182623427,0.8956419658259275,1.7240659166591807,0.16985661525584675
-0.391151625360818,0.10976351664008982,-0.6354779404953746,0.6117107825770637,-0.6407139626503967,2.333545887040356,-0.8467513247905292
0.2559928129784931,0.10976351664008982,-0.4775422724429348,-1.3737997893294842,-0.4426216630237065,-0.45267323391813735,-0.5196542106021075
-0.7416881961279448,0.5033981970045498,-0.6552198990019297,1.8060048955479657,-0.37257910913679687,1.192602403443016,-0.7851786462470194
-0.6068664381405884,0.38227983381548525,-0.49728423094948976,-0.799521762817313,-2.117657783407481,-0.6132232805685136,0.3098967697935378
-1.2540108764798994,-0.5261078901024995,-0.5170261894560447,0.411180022860683,0.6612082845480859,0.6910852028021037,-1.0870930234603657
-1.1461534700900142,0.17032269823462212,-0.5959940234822647,0.789484333496505,-1.6027236509099827,-0.33011703480570054,1.530906565140595
0.9031372513178041,-0.7380650256833625,0.01600669022093978,0.8769131226830118,1.0103329970886639,-0.2857164933645513,-1.5124206231283759
0.2559928129784931,-0.3141507545216364,-0.08270310231183513,-0.9033453416410463,0.5183588196229535,1.2087965751270742,3.5386252476719364
0.8761728997203329,-0.9803017520614918,-0.39857443841671486,0.0039428069903475445,-0.49026109310318083,1.2737895408024207,1.5732318157386145
-0.09454375778863376,-0.2233119821298379,0.07523256574060473,-0.46944167729570696,0.8978659783207339,0.036157907483568535,1.867091111607654
-1.0652604152976004,-1.434495614020484,-0.4578003139363798,0.6271827151091283,1.1336083891492783,-0.503643137793997,1.3686141840706048
-0.4450803285557606,0.23088187982915445,0.01600669022093978,0.51508265162659,0.9840018115229289,0.036652722154108384,0.25773304074831954
-0.5529377349456458,-1.010581342858758,-0.20115485335116504,-0.5882597689734891,0.9769227958002272,0.749440535657195,0.11734708392534382
1.0379590093051605,-0.04163443734624096,-0.06296114380528015,-0.13055740396575974,0.2516066094811999,0.9409140274459377,1.686679363748839
0.984030306110218,-0.9197425704669595,-0.39857443841671486,0.13484637524610013,-0.41061705032114776,0.6485528295890193,1.6371923207348826
0.7413511417329763,-0.4049895269134348,-0.20115485335116504,0.18284549973509556,0.5589649200770982,1.3802469466168357,2.627000555147206
-0.3102585705684041,-1.404216023223218,-0.3788324799101599,0.39798538538459444,1.0410252314781598,-0.14314052781120018,0.8460466516594862
-0.6338307897380596,0.5942369693963483,0.6082654454175893,-1.2737115127814014,-2.4957304373583558,1.1301827886550802,-0.3803894150963653
1.873853908826771,-0.4049895269134348,-0.29986464588393996,-0.26117495530309504,-0.7682024649701092,0.33358624857242886,0.2093360640804561
-0.3641872737633467,-0.46554870850796715,-0.31960660439049493,1.2587287142106378,-1.1621445685580736,-1.3558714662791627,-0.21940242906872282
1.0109946577076894,-0.04163443734624096,-0.18141289484461004,-0.3229424846738772,0.7482378323548626,0.5210369261761367,0.9270718420085018
-1.307939579674842,-0.4049895269134348,-0.41831639692326983,0.8358598121510624,-1.0715300113638146,-0.6665136808639873,-0.24597544399112878
0.7683154933304477,-0.25359157292710405,-0.10244506081839011,0.03417146617655909,0.3478485268963906,0.8942076803559794,1.5177772537249965
-0.5529377349456458,0.2006022890318883,-0.5367681479625998,0.6640939550968908,-0.400549833847505,-1.3038690270302202,1.4286659119513356
0.5526006805506773,-0.04163443734624096,-0.10244506081839011,0.18508224643583454,0.11461163024189787,0.3319449071286215,1.3920117999367756
0.984030306110218,0.018924744248291346,-0.5565101064691548,0.01383561619736946,-0.35649277302333826,0.1312677975461983,0.09440187565253354
0.6874224385380338,-0.07191402814350713,-0.5959940234822647,0.12411082215825757,0.024832787374828937,-0.2913360057296274,-0.43214074278998643
-1.1461534700900142,-0.7683446164806287,-0.20115485335116504,-0.4631718514602256,1.0337884405765518,0.4751007244623262,0.03737848996902667
-1.1191891184925429,0.17032269823462212,-0.4578003139363798,0.9666280862293003,-0.5050560313994148,1.571839319458824,-1.2401710751257906
0.6604580869405625,0.018924744248291346,-0.240638770364275,0.14900629538431362,0.5909737262741693,0.7054500758564809,2.7953467082060808
1.5502816896571152,0.5639573785990821,-0.04321918529872517,-0.0767909971009521,0.6093544688267314,-0.46608009550610463,-0.23053810221983445
-0.9034743057127727,0.3217206522209529,-0.6354779404953746,1.0832049207354588,-1.758606980437923,0.8823311274943836,1.400468638998548
-0.47204468015323187,0.2006022890318883,-0.6552198990019297,0.6790652034169056,0.4608155231085497,0.04712973852719065,-0.85616048504306
-1.0652604152976004,0.7456349233826791,-0.5170261894560447,-0.3291887407554898,-2.185471875330358,-0.6845785637549512,0.16401013641279566
-1.307939579674842,2.1082165092596563,2.957558507697632,2.8129698365132305,0.48506334440467624,-0.28364533974114503,-0.6038362874276648
0.067242351796194,0.3520002430182191,0.5490395698979244,-1.0685369729297332,-2.469460419869359,2.8815118420487087,-0.4777672254429465
-0.6877594929330022,-0.07191402814350713,-0.5959940234822647,0.44491805581345906,-0.7449396828709925,3.8303592787647522,-0.9692891026602306
-0.3641872737633467,0.5639573785990821,-0.5959940234822647,-1.330911844266684,-2.1047907518958,-0.9621055113735884,0.032296147858058885
1.3345668768773449,-0.04163443734624096,-0.5762520649757097,-0.416540857921668,0.4957053907176398,1.8339992986969291,-0.1840996888605215
0.9301016029152754,1.2603879669362037,-0.023477226792170184,0.07829415513751947,0.31133332179904866,-0.336508215511549,0.29457468588194474
0.4717076257582634,-0.4049895269134348,-0.5762520649757097,0.11892028557515355,-0.23369120632375048,0.23263815509650856,0.06543698307217591
0.9301016029152754,-0.9500221612642257,0.09497452424715971,0.08331176972275578,0.8245651721567311,0.4816054693171222,-0.8025207581241665
1.7929608540343571,-0.8591833888724272,0.09497452424715971,0.7123524685673903,0.9303080396830976,-0.07721398353829859,-1.4373849081919947
-0.7686525477254161,0.3217206522209529,0.6674913209372543,-1.2085060450495786,-2.4356618555423117,-0.00010709165499825955,-0.2928998858771727
1.0918877125001032,-0.10219361894077328,-0.16167093633805507,-0.9421812480311649,0.5714385732421029,-0.015032520900023537,2.2999421923044014
1.4963529864621725,-0.2233119821298379,-0.5565101064691548,-0.4208246442292949,0.3244319718054631,-0.3508284260566063,-0.40849507790519296
-0.579902086543117,-0.9803017520614918,-0.06296114380528015,-0.42649053377310603,0.975545498258181,0.35303075522152244,0.02888089176413985
0.7952798449279189,0.533677787801816,-0.023477226792170184,0.3905133644536715,0.42161037989428785,-0.407665000082166,0.026221480313101318
-0.579902086543117,2.07793691846239,2.9180745906845225,3.2718246777018307,0.4376924241650539,-1.0723357970968868,-0.5553343064572042
-0.4450803285557606,-0.5866670716970318,-0.26038072887082997,0.34444218598407467,-1.0886296251759378,-0.06594478948197145,-0.1521875644870421
-0.8225812509203587,2.5926899620159145,3.036526341723852,-0.40809776911607426,0.9341435917309545,-1.0317115574236397,0.07907711189177857
1.4693886348647014,-0.7077854348860964,0.03574864872749477,-0.049507799085940864,0.46550490755343105,-0.12561813467038713,-0.8465232452811206
-0.7956168993228874,0.29144106142368675,-0.6157359819888196,-0.09137792776690651,-0.14523479798334668,0.1097944210328803,-1.1297079821043867
1.2267094704874597,0.018924744248291346,-0.5170261894560447,0.030770980084593322,-0.45244606323160763,0.6238770164386706,-0.3711335832766232
2.035640018411599,-0.10219361894077328,-0.5762520649757097,-0.17019455630864438,0.4637360764789584,0.19837655882568597,-0.4551113200592811
0.8492085481228615,-0.2233119821298379,-0.14192897783150007,-0.44340775004704636,0.37662414882420636,0.13803654132601562,1.5202494808915723
2.2243904795938976,0.10976351664008982,-0.5762520649757097,-0.40005176134035547,0.20534288226621594,1.8897891918692187,-0.35445030750123474
-1.0652604152976004,0.23088187982915445,-0.5367681479625998,-1.381355354714259,-2.17288359534153,-1.20863013147134,0.5760012403485033
-0.6338307897380596,0.17032269823462212,-0.5170261894560447,-0.7453034031790917,-2.1647189419104373,-0.8724001506040335,0.4801263390117207
0.525636328953206,-0.10219361894077328,0.09497452424715971,2.3767992007239567,0.8550536241788623,0.5898142729018105,1.248380691126737
-1.2809752280773707,0.07948392584282366,-0.6157359819888196,0.5289285484329658,-0.8040218737639092,2.8678228599246416,-0.9356516723195589
0.040278000198722706,0.5942369693963483,0.6082654454175893,-1.6537775722496124,-2.3648495335995974,1.7529251250252693,-0.17499117062025665
-1.1191891184925429,0.6850757417881468,-0.4578003139363798,0.6653598174538401,-0.9559198732540216,-0.9810044181914469,1.3731933958567573
-0.9843673605051865,2.047657327665124,3.056268300230407,-3.1565837580670153,0.5540802763246451,-0.40469360628815587,-0.529980535876404
1.0649233609026318,-0.435269117710701,-0.22089681185772,-0.14628734101812021,0.4615356455423393,0.49648536743694793,1.5834580165793746
0.6874224385380338,-0.19303239133257175,-0.1221870193249451,-1.0900182989826148,0.5335794290477132,-0.9429459723191449,2.9070051580295586
0.8761728997203329,0.14004310743735598,-0.49728423094948976,-1.15815677371946,-0.5275262951287398,-0.11920188727552498,-0.6926882152603561
-0.3102585705684041,2.5624103712186486,3.056268300230407,-0.8686447929536618,0.4904605420431897,-0.09580973828162681,-0.526996587787866
-0.3102585705684041,-0.7683446164806287,-0.7539296915347046,1.1573382840688409,0.9014343574352673,0.9081330350577342,0.10029947148281444
1.631174744449529,-1.4647752048177503,0.07523256574060473,0.865106066440917,1.0161576693547354,-0.4338096029127254,-1.501339787140185
-0.17543681258104765,0.715355332585413,-0.5367681479625998,1.4146775547942443,-0.453954938512434,1.094266744720032,-0.7593638149761792
0.28295716457596437,0.17032269823462212,-0.6157359819888196,-0.44072798972372723,-0.5462450073822879,0.0004297565825555781,0.024960864732664456
1.5502816896571152,-0.5261078901024995,-0.5762520649757097,-0.551634504011226,0.2740661110456081,0.9808288966278806,-0.7089339432514071
-0.6068664381405884,2.5018511896241162,2.997042424710742,-0.4958675327452747,0.9424336220256697,-0.29285193546312493,0.20176905848595514
-1.307939579674842,-0.07191402814350713,-0.6157359819888196,0.06565295303738682,-1.1427283633826213,-0.815497220483762,-1.1828020513999578
-1.200082173284957,2.6835287344077132,3.036526341723852,0.33701142558800207,0.5180676461412537,-0.3202011045174441,-0.6033633907068797
-0.3102585705684041,-0.8894629796696933,-0.6749618575084846,0.9988482569564733,0.875430989703207,0.9175658878956535,0.04427184144022439
0.17509975818607917,0.4428390154100175,0.6477493624306992,-1.6712467357034542,-2.4297351908253684,2.0618237595017748,-0.5604648511513068
-0.3102585705684041,0.7456349233826791,-0.6552198990019297,-0.8364069214710019,-0.3955541671257443,-0.7040230152334633,-1.1237608581194805
-0.9034743057127727,-0.7380650256833625,-0.43805835542982485,0.11847769487155901,0.9823437802257777,-0.5160510077217115,1.6674483755424265
-0.47204468015323187,0.17032269823462212,-0.5762520649757097,-0.4697324161445016,-0.38900909579356097,1.4971963829003967,-0.9825930404962777
-0.7416881961279448,0.3520002430182191,-0.5565101064691548,-0.49968458206908517,-2.1997382015935205,-0.8213589214321215,0.08600904955721106
-0.8225812509203587,0.41255942461275136,-0.5762520649757097,-1.2574042214915642,-0.9369815611921442,-1.029879337319278,1.399191399269074
-1.3349039312723132,-0.7077854348860964,-0.3788324799101599,0.5557024402743334,-0.8987689361273034,-0.051206267898753294,-0.21733196125477444
1.6581390960470004,-0.435269117710701,-0.3788324799101599,0.11514638795222519,-0.36082113522345405,0.3238653270400309,0.8024844172085183
1.5772460412545866,-0.9197425704669595,-0.4578003139363798,-0.08590209043479921,-0.1315436060346908,0.6841455559609151,1.6577436043083509
0.4717076257582634,0.14004310743735598,-0.20115485335116504,-0.4635640769013647,0.5219967883822904,-0.1768723158671256,2.136152963770888
-0.5259733833481745,-0.16275280053530558,-0.06296114380528015,3.040448259896622,0.9655195493990968,0.11422461734902621,0.5297544074980706
-0.2832942189709328,0.4428390154100175,-0.6157359819888196,1.7113415025737742,-0.2811554131795234,1.6153966273352758,-0.6036747782783876
1.2267094704874597,0.9878716497608083,0.05549060723404975,0.8700094769407147,0.25049211174658814,-0.2780830354187435,-0.2113867020815151
-0.391151625360818,-1.2830976600341535,-0.6947038160150396,-1.637191483587634,0.9717823066691289,0.9207321056882272,0.16505999957092243
-1.1191891184925429,-0.13247320973803944,-0.6354779404953746,1.0647002321646923,-1.3492056945016775,1.5235155351827727,-0.8826360853590643
0.41777892256332083,0.018924744248291346,-0.5367681479625998,-0.071344027979444,-0.503386637519466,-0.7121655038970164,-0.5725012165184932
0.9031372513178041,-0.8591833888724272,0.07523256574060473,-0.23456371371497653,0.4419824561727153,-0.44750321295035417,-1.0796696637765264
0.30992151617343566,-0.04163443734624096,-0.6354779404953746,-0.6528217036261225,-0.5644617303201763,0.6324727031926918,-0.7224555809505844
-0.3102585705684041,2.3807328264350516,2.9180745906845225,2.051390913720463,0.5351266803269947,-0.892369464190768,-0.5442293870733876
-0.5259733833481745,2.3201736448405192,2.957558507697632,-0.7473737352486254,0.9576585542795335,-1.1794756835183666,0.2984027295891091
-0.3102585705684041,2.229334872448721,3.036526341723852,-2.0393978746391217,0.46087420463794143,0.004696006462596729,-0.5819983428651777
1.9547469636191848,-0.435269117710701,-0.4775422724429348,-0.10775812669911512,0.3040273301545698,1.2560907942601185,-0.3192261651795722
-0.4450803285557606,-0.16275280053530558,-0.003735268285615202,3.0910041072024135,0.8964991896633628,0.42490208861977236,1.4151990885228083
-1.2540108764798994,-0.3747099361161687,-0.5565101064691548,0.5185725172574732,0.55643769161303,0.22306561419834506,-1.2025065217152229
2.035640018411599,-0.2233119821298379,-0.4578003139363798,-0.22128333938897307,0.46203540248905206,0.36354843231229617,-0.7783008635185005
-0.9574030089077152,2.4110124172323175,2.9773004662041873,-0.3093806098850427,0.9071619465760197,-0.8331133959128868,0.2539194936624845
-0.22936551577599024,0.41255942461275136,0.5687815284044793,-1.307353162098279,-2.4911818497836378,0.8215249942902335,-0.45307412452578577
1.8468895572292996,-0.2838711637243702,-0.6552198990019297,-0.6786217686449069,0.5142065343446625,0.7927683903731593,-0.780892438085441
-0.6877594929330022,0.6850757417881468,-0.4775422724429348,-2.0382485603761413,-2.0879644827020605,-1.1663736034616043,0.5758877782602673
-0.7416881961279448,0.5639573785990821,0.7069752379503642,-1.3020929496122244,-2.437503612914429,0.5724183923168411,-0.4307285643885677
0.4986719773557347,0.10976351664008982,-0.26038072887082997,-0.24741414700384987,0.32036878324143736,-0.3686082156153182,1.500702793735984
-0.9304386573102439,-1.192258887642355,-0.35909052140360487,0.8301967733206058,1.1179964702822363,-0.12758569718951634,1.9296901805559055
-0.9304386573102439,2.5926899620159145,3.056268300230407,-1.5400000305324557,0.4289346000818976,-0.25464056700648957,-0.6865313982565607
0.39081457096584954,-0.435269117710701,-0.06296114380528015,-0.37497443295030136,-0.023329022427067112,0.37707595837459196,1.468536809522476
-0.2832942189709328,0.7456349233826791,-0.5565101064691548,-1.2691540799356975,-2.2712371622321412,-1.0326799832993627,-0.42662333452584744
1.7120677992419429,-0.7986242072778948,-0.003735268285615202,0.4534069255992922,0.9711796303736352,0.06966429035995737,-1.4046116568954639
-0.2832942189709328,-1.1316997060478227,-0.26038072887082997,1.7189403114248711,-0.7744210252868908,-1.9494055005117752,-0.09631008866404062
-1.2809752280773707,2.653249143610447,2.9378165491910773,-0.7114415427390435,0.8854793597017788,-0.4250759396694868,0.21519564238957864
-0.84954560251783,0.10976351664008982,-0.49728423094948976,-0.3739014735184092,-1.083245688374805,1.1140628483453165,0.6811470553327388
1.3076025252798735,-0.46554870850796715,-0.5367681479625998,-0.5315232958300555,0.008430569483666819,-0.15606358831610304,-0.652369492365395
1.0918877125001032,-0.5261078901024995,-0.06296114380528015,-0.2202897231496837,0.4959995941316034,-0.6716189187401151,2.9858377303145662
0.9031372513178041,-0.4958282993052333,-0.1221870193249451,-0.010168192193646272,0.4367286501796161,0.2783757132113438,1.2044671130074727
-0.9843673605051865,-0.7380650256833625,-0.31960660439049493,2.0125666056840457,-1.0076878575104788,0.6009899874664992,-0.11109905591964951
-0.49900903175070316,0.10976351664008982,-0.5959940234822647,-1.996770252171437,-2.140033550703326,-0.9990816066878936,0.06814268051456587
-0.49900903175070316,2.653249143610447,3.076010258736962,-3.335882030878218,0.5159032492590032,-1.2027986716992136,-0.6613085240450614
-0.391151625360818,2.1687756908541886,2.9180745906845225,2.377512786742361,0.4154062188287431,-0.409092338694047,-0.668522170543011
0.22902846138102176,0.2611614706264206,0.07523256574060473,3.6163112810387283,0.9744723036153243,0.17264506175318103,0.0034357966477109305
-0.9304386573102439,0.5942369693963483,-0.5762520649757097,-1.4226161788252925,-1.6438104929822739,-2.296672631823721,1.0835727383739333
-0.17543681258104765,0.10976351664008982,0.09497452424715971,3.342903165535581,0.8579564537703112,0.5871344415113564,-0.5224828716969102
-0.6068664381405884,-0.7986242072778948,-0.31960660439049493,0.676925309153771,0.969632038692892,-0.9103049297306818,1.6013297961920558
-0.06757940619116247,0.2611614706264206,-0.6552198990019297,-0.0362788293657503,-0.21427875050422968,1.365822766471658,-0.6870933255620918
1.172780767292517,-0.435269117710701,-0.5959940234822647,-0.3304699059970711,-0.6251951637914026,-0.7454633830369961,-0.014612244365934649
-0.9843673605051865,-0.9197425704669595,-0.4578003139363798,0.12723579847472644,1.1477046220118083,-1.1059586527665377,0.5774695960191075
1.3884955800722873,-0.011354846548974808,-0.5367681479625998,-0.5006360340834263,0.21109925958063852,0.5639853843586141,-0.2205194883090498
-0.013650702996219882,-0.19303239133257175,-0.003735268285615202,-0.18172545642735902,0.8626864016747503,0.30621515242002684,2.0820240604563436
-0.7416881961279448,-1.404216023223218,-0.28012268737738494,0.11127417961915004,0.903308632128456,-0.7981383709055134,0.5540203653496591
-1.3618682828697846,2.7743675067995115,3.095752217243517,-0.8623326812042792,0.8392954458514603,-1.2231507895650462,0.18789082098043022
0.525636328953206,-0.2838711637243702,-0.5762520649757097,-0.4450279806111823,0.09182125890670864,-0.7974084551467072,-0.16964498836592787
0.9570659545127467,0.17032269823462212,-0.26038072887082997,0.047775261812434515,0.4805923584832857,0.6062713054572906,2.5413615202766344
0.14813540658860788,0.41255942461275136,0.5885234869110343,-1.590586854659074,-2.456065171962716,2.2855282674091293,-0.4690289062896802
-1.200082173284957,2.622969552813181,3.095752217243517,-1.5724077019931095,0.5173177179220385,-0.2065976138146034,-0.6135007181201492
-0.8225812509203587,2.6835287344077132,2.9180745906845225,-2.922322324786685,0.38651734111359426,-0.34193851203170256,-0.634810920986489
-0.49900903175070316,-1.2830976600341535,-0.3393485628970499,-0.0955555733784421,0.9836888384263087,-0.34408008641025056,0.5669915620310247
-0.9574030089077152,2.1687756908541886,2.9773004662041873,-1.4205140899286874,0.4107614844572623,-1.1609912784025531,-0.615495311501046
1.7929608540343571,-0.7986242072778948,-0.003735268285615202,0.19647269555826527,0.49313509518168763,0.4633818311567512,-0.8962115140807231
1.7659965024368858,-0.7683446164806287,-0.28012268737738494,-0.4197262338520074,-0.4946267355503485,-0.0653026154744515,0.3374950555796311
1.172780767292517,1.078710422152607,-0.003735268285615202,0.6008822870573356,0.5885859743896378,-1.0529498546603147,0.13535227278825857
-0.2832942189709328,0.049204335045557504,-0.5959940234822647,0.9645066368196797,-1.383919963457487,0.823563435608624,-1.0116274945118007
-0.8765099541153013,2.1687756908541886,3.076010258736962,-0.6368196760583708,1.0359621567346775,-0.5484139777550278,0.2380463310198207
-0.7956168993228874,-0.2838711637243702,-0.5959940234822647,0.30350039240608195,0.6956156420681161,0.8396230000579724,-0.9659629307480411
-0.9843673605051865,0.4731186062072837,-0.5762520649757097,-0.9159455545128484,-0.3470570551488211,0.9819685591545295,-0.9308732414551496
-1.3618682828697846,2.532130780421382,2.898332632177967,-0.6207766612571889,0.3941393923708406,-0.18553755219433288,-0.6947103129778865
-0.4450803285557606,-0.25359157292710405,-0.5367681479625998,0.5267840160252912,0.5028242648467421,-0.23957869450116417,-1.2104443303166286
-0.660795141335531,-0.6472262532915641,-0.31960660439049493,1.0706624582491608,-0.9646140072358969,0.43120056863729117,-0.24516496585386385
2.1434974248014838,0.17032269823462212,-0.5762520649757097,-0.09474415742100208,0.49816653863586813,0.0593992470546613,-0.18393814773473927
0.20206410978355047,0.6547961509908806,-0.4578003139363798,-0.05820250673412117,-0.45100038316761665,1.0106272455558407,-0.6356712575811437
1.5502816896571152,-0.5563874808997656,-0.4578003139363798,-0.3124584107855596,-0.4625572274199644,0.638766520654655,1.0518353701437695
1.1458164156950459,0.07948392584282366,-0.240638770364275,-0.30576694669040066,0.4781507858944434,0.6546639759765273,1.4833261394207236
0.6874224385380338,0.10976351664008982,-0.5959940234822647,-1.3101403538185576,0.13995593673623674,-0.4893272305542036,-0.17027424747212178
-0.6877594929330022,2.3807328264350516,2.957558507697632,-0.6440094484386341,0.8731095298804631,-0.9511798747851677,-0.06390057338506913
-0.3372229221658754,2.653249143610447,2.957558507697632,-2.4915556620203048,0.3984891248668843,-0.9200630914047925,-0.5973451422534292
-0.4181159769582893,2.47157159882685,2.9773004662041873,-0.7526863378215263,0.4104546242164253,-0.09415978509514325,-0.6220548387951309
-0.7686525477254161,0.5639573785990821,0.7267171964569191,-1.332526419286832,-2.503675282159642,-0.10640785536153392,-0.27477934776715823
1.1997451188899884,-1.1316997060478227,-0.04321918529872517,0.3050218853512834,0.8413094944141161,0.3497397197646552,-1.4386337513313279
-0.9304386573102439,0.049204335045557504,-0.5762520649757097,-1.1978536753385276,-1.08756071743591,-0.07770607688788674,1.6134102055615325
-0.84954560251783,-0.828903798075161,-0.3788324799101599,0.2760345691953347,1.2301894178228596,-1.0297122910663827,1.143465833719066
0.9301016029152754,0.14004310743735598,-0.14192897783150007,-0.7535253472479042,0.400135632811156,0.7236178364832871,2.2351046517103494
0.4447432741607921,0.17032269823462212,-0.14192897783150007,-0.7181745745837878,0.42951424898200413,-0.5920898677371612,1.9934740934850745
0.2559928129784931,-0.46554870850796715,-0.6157359819888196,-1.4220429400683259,-0.32215502221309256,0.0004728614852579499,-0.4945699558126656
-0.17543681258104765,0.3217206522209529,0.1147164827537147,0.8497727954790494,0.8968541421638757,0.34467676693074606,2.3450070863120898
-1.2540108764798994,0.17032269823462212,-0.4578003139363798,0.4263965701773036,0.4730229441595713,-0.3168764984039738,-0.8904734526688354
-0.3641872737633467,-0.04163443734624096,-0.023477226792170184,3.497561608476344,1.0101374400420842,0.08810468731519706,1.9661635017702055
0.8492085481228615,-0.8894629796696933,-0.43805835542982485,-0.24636511042328121,-0.8010049840856339,-0.4935385164228495,1.4675750616216325
-0.8225812509203587,-0.7683446164806287,-0.43805835542982485,0.1659888705957061,0.9021687655034483,-1.1887503841141527,1.1521106056062194
-0.4450803285557606,0.5942369693963483,-0.6552198990019297,-0.9128199897006203,-0.3402979539282528,1.483596072729261,-0.918095960475972
-0.579902086543117,-1.3739364324259518,-0.39857443841671486,0.2638569800642437,0.9123463551298903,-0.4794432106729931,2.0126744460192394
-0.47204468015323187,0.6547961509908806,0.7069752379503642,-1.2140198234014756,-2.3657979702089285,0.9531814638690564,-0.6326334750474832
0.8761728997203329,-0.7380650256833625,0.07523256574060473,0.04315133293577998,0.7267714345381672,0.29584376589662087,-1.046199138620393
-0.3372229221658754,0.23088187982915445,0.07523256574060473,1.1331401124853253,1.056713902342113,0.1881213050908023,-1.039085022083678
0.9301016029152754,-0.9803017520614918,-0.023477226792170184,0.8629127267883724,0.8622230088550622,-0.36866476417710387,-1.434169031603913
0.013313648601251414,0.07948392584282366,-0.5959940234822647,0.5147162661365176,-0.32332379422124435,0.2981751078258969,-0.5953998132209893
1.5502816896571152,1.2301083761389375,-0.023477226792170184,0.3613558453497515,0.5899433966178973,-0.11120924319114127,-0.23295526457257465
1.2806381736824022,-0.5563874808997656,-0.5959940234822647,-0.34915914085311883,0.15356879413554428,-0.2839494014887322,-0.21567946433656215
2.413140940776197,-0.46554870850796715,-0.6552198990019297,-0.2793706018095147,0.20089488107776032,-0.580790250313383,-0.612619395308761
-0.2832942189709328,0.29144106142368675,-0.5959940234822647,0.9711508317385448,-0.16823628064611257,0.3468095974138317,-0.7378165488376172
0.9570659545127467,0.049204335045557504,-0.5367681479625998,-0.7991885026563125,-0.528531755718925,0.42317573829295874,0.11113798424535408
-0.4181159769582893,0.41255942461275136,0.01600669022093978,3.1450773058833783,0.8865430814839318,0.18342127459848862,2.4728793648373606
-0.579902086543117,2.6835287344077132,3.056268300230407,0.8228112473019317,0.5526132928774145,-0.7478979221782669,-0.6749505240352753
1.0918877125001032,-0.5563874808997656,-0.18141289484461004,-0.3498655571977697,0.4045606492666767,0.6373507986575213,1.8645705036252636
-0.9034743057127727,0.3217206522209529,-0.5959940234822647,2.23491859263933,-0.5906056313133534,-0.5064446895980292,0.38096294480533216
-0.6068664381405884,0.3520002430182191,-0.49728423094948976,0.5663815975143682,-0.4275578304764715,1.1945946810990884,-0.5339688828915653
-0.3641872737633467,0.2611614706264206,-0.5170261894560447,-0.30468920149130346,-0.4394843579004615,1.1848052813291905,-0.9784344105965261
0.20206410978355047,0.38227983381548525,0.6082654454175893,-0.9084745070935536,-2.3385665745679938,2.8792433740524044,-0.18316827321849485
-1.0652604152976004,2.3807328264350516,2.9378165491910773,-1.9065690295413442,0.44145182193940957,-0.9491789905185665,-0.5311092133075338
-0.660795141335531,0.29144106142368675,-0.6157359819888196,0.8639570793416806,-0.25501556961009036,0.6109727588373608,-1.0660877883370503
-0.9034743057127727,2.441292008029584,3.076010258736962,2.6917199766249196,0.3940411349053904,0.03271354143668024,-0.5405080954755273
-0.17543681258104765,0.049204335045557504,-0.4578003139363798,0.8147946064620316,-0.24680877420870836,1.215677774512084,-0.5899508677447017
0.525636328953206,-0.19303239133257175,-0.6157359819888196,-0.18648472536424804,-0.04460469932294973,0.16258519783607178,0.009595796040517768
-0.5259733833481745,2.7440879160022456,3.036526341723852,-2.8979256745301596,0.4107306628563966,-0.7743221038491199,-0.6430698047687006
-0.8225812509203587,0.2006022890318883,0.5885234869110343,-1.4713129660338875,-2.5466625290034806,-0.14802088655285972,-0.2336172122063159
0.067242351796194,0.6245165601936145,-0.6552198990019297,0.7754018733644661,-0.29038312420575013,1.3381932603023239,-0.5715123823374855
0.7413511417329763,0.14004310743735598,-0.6552198990019297,-0.10740251566868231,-0.1613505626563371,0.06995539600242846,-0.7398357363298002
-0.9574030089077152,-1.3436568416286856,-0.7341877330281495,-2.792833639978336,1.0211646833906258,1.8396800439909706,0.09437536603957163
0.5526006805506773,-0.2233119821298379,-0.16167093633805507,-1.0508190393517578,0.4811448044566299,0.9784405788855829,1.604623105522766
-1.1191891184925429,0.2006022890318883,-0.5367681479625998,0.877042178805483,-0.18395434953226353,1.3442020678294242,-1.1493976769123246
1.2806381736824022,-0.2838711637243702,-0.5367681479625998,0.0446922382614204,0.120335957276831,0.06462664414293492,0.07010728066027566
-1.200082173284957,0.715355332585413,-0.4578003139363798,-0.9847023707206004,-2.1127502865020773,-0.8742139219229452,-0.6176574412390904
1.631174744449529,-0.10219361894077328,-0.6552198990019297,-0.07570997627461366,0.3994114520554651,1.8096495731860804,-0.34538745952291056
-1.0652604152976004,-1.192258887642355,-0.8526394840674795,-2.801736421772747,1.0546079319126986,0.6059099445714198,0.21682104448844594
1.3345668768773449,-1.434495614020484,0.09497452424715971,0.6991651962653422,1.010996125180777,-0.47241200761225716,-1.4529006966881666
-1.1731178216874856,-1.1316997060478227,-0.7736716500412595,-1.330228279511586,0.9266082956929659,1.7190237195107991,0.20042533669510845
-1.1731178216874856,0.5942369693963483,-0.4578003139363798,0.3938207904145995,-0.3717175611230217,1.044326035189555,-1.0615118252548206
-0.6338307897380596,2.7743675067995115,3.095752217243517,-3.2077524002213136,0.48877072048296843,-0.8645939112310509,-0.6832580840526059
-0.49900903175070316,0.4428390154100175,-0.5762520649757097,-0.18340488368013466,-2.390275809933292,-1.2315533998165569,0.8377416446754045
0.4986719773557347,-0.19303239133257175,-0.16167093633805507,-0.03520838749876555,0.2169440743621712,-0.44132818287995285,1.4569771393578657
-0.49900903175070316,-1.192258887642355,-0.22089681185772,-0.5620446189444098,0.7668546388296785,0.4505361339188535,0.019074460679221444
-0.7416881961279448,-0.9197425704669595,-0.35909052140360487,1.4510294305606428,-1.0757205109723225,-2.2053276232188685,-0.23151584055351965
-1.038296063700129,0.7456349233826791,-0.49728423094948976,-1.891663008495323,-2.36595617964669,-0.6107042431928636,-0.2828480025928903
-0.4181159769582893,2.441292008029584,3.076010258736962,-3.111604434530933,0.5003585237541861,-0.8121232764750512,-0.683611945507322
-0.6338307897380596,-0.7077854348860964,-0.3393485628970499,0.6857939143063488,0.8680764423500977,-0.9699598415300896,0.8213125268846192
0.2559928129784931,0.4428390154100175,0.6872332794438092,-1.2821360789323466,-2.3789811839317925,0.18834068769582601,-0.32893933896714095
0.5526006805506773,0.07948392584282366,-0.22089681185772,-0.47060753726656557,0.664613792790606,0.0223226296599895,1.3166547485570055
-0.2832942189709328,-0.25359157292710405,-0.5565101064691548,0.763878647629428,-0.6158331666342979,0.5188474996589052,-1.1862451971837358
-0.7147238445304736,0.5033981970045498,-0.5367681479625998,-1.2768220220767061,-1.169225950924177,-1.2277377254998623,0.5294357852422497
-0.9034743057127727,2.5018511896241162,2.9180745906845225,-0.3343045822650355,0.8572860946170879,-0.759496144594328,-0.010531330091872218
0.17509975818607917,0.10976351664008982,0.05549060723404975,2.6871743077096917,0.9016894416259501,0.6647752678557473,0.040873512908772995
0.2559928129784931,-0.2838711637243702,-0.49728423094948976,-0.15021824531971517,-0.06125100302461552,-0.9642382340815883,-0.48883823446968266
1.4693886348647014,0.2006022890318883,-0.49728423094948976,-0.40177401712007194,0.2608050693338806,-0.3418725973016311,-0.29241076398692795
-1.1731178216874856,0.29144106142368675,-0.4775422724429348,-0.5173050088819667,-2.127462558887367,-0.7896964188980915,0.074437678898634
0.0942067033936653,0.41255942461275136,0.07523256574060473,2.0206260311630673,0.9833437202946468,0.1436993048599845,0.6850177495206303
0.39081457096584954,0.018924744248291346,-0.18141289484461004,-0.3584443990080811,-0.0117509533802076,0.8345687372319799,1.025691775522827
-0.391151625360818,0.8061941049772114,-0.5367681479625998,1.615865259308413,-1.0326376140124804,0.7595311898902669,-0.05754190905230651
-1.2809752280773707,-0.7683446164806287,-0.29986464588393996,0.9554618519961017,-1.0114344821466434,-0.9225778357394712,-0.1672580692465064
1.631174744449529,-1.4647752048177503,0.13445844126026968,0.1467696903215366,0.5844888498657351,0.05973235932037465,-0.9601628992323453
-0.8225812509203587,-1.404216023223218,-0.7736716500412595,0.7839357860172131,0.9057254380410965,0.840426246499273,0.13695921572273112
1.0109946577076894,-1.1014201152505565,0.07523256574060473,0.8690666209542554,0.8686681350850013,0.22177862184456035,-1.4217948660718813
-0.49900903175070316,0.7759145141799453,-0.5170261894560447,0.4097996711474695,-0.35691799462434104,-0.7154908041333686,-0.8949118477383019
0.2559928129784931,-0.16275280053530558,-0.18141289484461004,-0.2524795673937159,0.39926495009274565,0.729010065303022,2.3156054546259455
1.4693886348647014,1.2603879669362037,0.03574864872749477,0.3562835445467587,0.5508961116620533,-0.8019388579161801,-0.04696511126732159
-1.3618682828697846,2.4110124172323175,2.997042424710742,-0.3740122523590404,0.8570241494059339,-0.9824074419738502,0.010816500945337714
1.873853908826771,-1.0408609336560242,0.01600669022093978,0.04922817006546513,0.5774615733687554,0.3699811757106706,-0.8572277174391328
-0.49900903175070316,2.7743675067995115,3.056268300230407,-0.3425608107003299,0.8727717245421879,-0.0863348364802512,0.10832442605368804
0.14813540658860788,0.3520002430182191,-0.06296114380528015,2.524340334063932,1.0133143260412507,0.35564619997867836,2.0794979655963473
-1.1731178216874856,-0.4049895269134348,-0.6157359819888196,1.130046657597622,-1.368945786278103,2.640452125821406,-0.9056392822974092
1.0379590093051605,-0.011354846548974808,-0.08270310231183513,-0.13182118763599548,0.02279617441666178,1.0849711703993365,0.8469306148944583
-0.6338307897380596,0.2006022890318883,-0.6157359819888196,0.1735492815947123,-0.3485976362659704,0.709118235588746,-0.7124344815932553
1.7929608540343571,-0.828903798075161,-0.35909052140360487,0.4739935545677989,-0.15450029671526685,0.777190472788169,0.2107196275067379
0.12117105499113659,0.715355332585413,-0.5170261894560447,1.174355680275051,-0.37796504523516344,1.6506400508006918,-0.7059893368020402
0.8761728997203329,-1.3436568416286856,-0.06296114380528015,0.061266834299443663,0.7958633589657025,-0.544646631583651,-1.0316545112904825
-1.227046524882428,-1.0408609336560242,-0.4578003139363798,0.3597577960884742,-0.7620880306758883,-0.04205784634612316,-0.13365693496456554
-0.8765099541153013,-1.010581342858758,-0.43805835542982485,1.220386216629069,-0.8722696524164637,-1.332135306905385,-0.24807618083762206
-0.8225812509203587,-0.25359157292710405,-0.6157359819888196,0.5240340970330083,0.5517871376339891,0.38086605920275635,-1.206168179129321
1.8199252056318282,-0.4049895269134348,-0.26038072887082997,0.1601153936614787,-0.5794455411303471,1.2651600011237152,0.3256547534276552
-1.227046524882428,0.6245165601936145,-0.5367681479625998,-1.855861641585291,-2.2477074501511387,-1.1321567017760186,-0.6661273911988926
-1.1191891184925429,-0.5563874808997656,-0.5565101064691548,0.3725109839442689,0.42979288688801087,0.5641529951476811,-1.1464799140123776
-1.0922247668950718,0.7456349233826791,-0.5959940234822647,-1.3976874885047237,-0.3908382798673951,-0.22726565253671602,-1.0820460700747923
-0.7147238445304736,-0.2838711637243702,-0.6157359819888196,0.8601957575738844,0.38735272267365706,0.24669274110898265,-0.9623762231736127
-1.0652604152976004,-1.3133772508314194,-0.06296114380528015,-0.5819658686742177,0.7655115808245385,-0.09765495298220815,0.09813337938338915
-0.9304386573102439,-1.3739364324259518,-0.7736716500412595,-0.18846694266202169,0.8925251085914854,1.4460874684076968,0.13917689173903697
-0.6338307897380596,-0.7077854348860964,-0.8526394840674795,1.4302973892773703,0.8593829402215936,1.5176658678361084,0.17613458251717473
-1.0113317121026577,0.5639573785990821,-0.5367681479625998,-0.24468503682262094,-2.262530250172212,-0.8377119920857022,-0.7877654228846946
1.7120677992419429,-0.7986242072778948,-0.39857443841671486,-0.11035815282925972,-0.6052226599986321,0.8836202124811099,1.6213400663662205
0.9301016029152754,-0.04163443734624096,-0.06296114380528015,0.1527767318542194,0.4920775212834362,0.9625053483956728,2.9414957451493478
-0.391151625360818,0.41255942461275136,-0.5565101064691548,-1.0287575462511627,-0.4910315639667509,0.5772823769434796,-0.9142259525111514
0.30992151617343566,-0.16275280053530558,-0.5565101064691548,-0.7672197871898547,-0.4910577955368379,0.3006654911417755,-0.14390469160355834
-0.8765099541153013,-0.9803017520614918,-0.26038072887082997,-0.4523629398824127,1.0568527030585917,-0.13542125138619618,0.136331674990325
-0.3641872737633467,-0.7077854348860964,-0.28012268737738494,0.3972559219501055,-0.7981919679376484,0.41528212155112776,-0.07776788346497836
1.7929608540343571,0.07948392584282366,-0.6552198990019297,0.08870436183614343,0.2534985208321307,1.1472276432152124,-0.2637268981947654
-1.1191891184925429,-0.07191402814350713,-0.5762520649757097,0.29859994632898756,-0.9917177878062433,-1.2614783177539766,-1.006213058225328
-1.307939579674842,-0.46554870850796715,-0.5959940234822647,0.39670809224561654,0.8316747629362337,0.18704562760694826,-1.0564699205233832
0.28295716457596437,0.4428390154100175,0.03574864872749477,1.9284526016478047,0.9020978465864495,0.4094650766969039,2.533412182873293
1.253673822084931,-0.5261078901024995,-0.06296114380528015,-0.6621117056553715,0.46925264006611794,0.596580703366366,3.1693934899278116
-0.5529377349456458,0.3217206522209529,-0.5565101064691548,1.6590742218255286,-0.4418379093179115,0.12756419264063512,-0.6470238696999082
0.9301016029152754,-0.8591833888724272,-0.023477226792170184,0.11304811729590096,0.7289134556378531,-0.22925710904926677,-0.8203581451886032
-1.1461534700900142,2.0173777368678576,3.0167843832172974,-0.8699851668532883,0.8858010732121604,-0.1962478811024524,0.33791289766092286
0.8492085481228615,0.6547961509908806,0.13445844126026968,0.35870964923369614,0.3178527597336312,-0.24767544162149124,-0.20855975736196886
-0.49900903175070316,0.049204335045557504,0.07523256574060473,2.402115683815914,0.9245586428440122,0.6333731871402746,1.0178572319564911
0.14813540658860788,0.6547961509908806,-0.6552198990019297,0.9283976781382393,-0.5094411180450626,0.870109705901321,-0.6770070479127177
1.6042103928520577,-1.1619792968450888,-0.003735268285615202,0.6045509556538734,0.9635642816121693,-0.3355664023841255,-1.3814529831028834
-1.200082173284957,0.2611614706264206,-0.5170261894560447,-1.0008801011780435,-2.3943629271931424,-0.833995678701116,0.3055295240834178
0.39081457096584954,0.2006022890318883,-0.5170261894560447,-0.03591522476750169,0.04989492935013832,0.17048494364446687,0.07772385528845702
-1.200082173284957,-1.2225384784396212,-0.7736716500412595,1.7887320203659705,0.8600759621185069,1.684136320781405,0.26694456530465693
-1.307939579674842,0.07948392584282366,-0.49728423094948976,0.22055853826316701,-0.5217959293359666,1.3805256991814614,-1.2121263313748454
1.3076025252798735,-1.434495614020484,-0.04321918529872517,0.6118425996423497,1.0244842865193837,-0.09972962212631262,-1.356252879070078
-0.9843673605051865,-1.4647752048177503,-0.240638770364275,-0.12394880206835293,0.6188968639384509,-0.8231734317802029,0.02061979978621905
1.7929608540343571,-0.3141507545216364,-0.4578003139363798,-0.1713960551836809,0.31896136466089847,1.7522963202607018,-0.6235949493801504
1.6581390960470004,0.018924744248291346,-0.6552198990019297,-0.017042608648284496,0.4561256029130836,-0.3831348680567254,-0.48598171202783286
-0.3102585705684041,2.2898940540432533,3.056268300230407,1.7637928149228763,0.5287644521815559,-0.7827951951585003,-0.5923728007740041
-0.5259733833481745,-0.16275280053530558,-0.6157359819888196,0.6649145615626737,0.6975344235786815,0.15477459228902385,-0.9054643949777476
-0.3641872737633467,-0.8894629796696933,-0.6947038160150396,-1.2775145219928354,0.8667609406964553,1.7712531908298814,0.07973452522073834
1.6851034476444717,-1.010581342858758,-0.003735268285615202,0.38264547140280486,1.053865695509077,-0.043011608394812724,-1.387261793804433
0.6334937353430912,0.14004310743735598,-0.5959940234822647,-1.0992774777984045,-0.6760169348259065,0.3248588940208985,0.09792228539386373
-0.9843673605051865,0.049204335045557504,-0.6552198990019297,0.3567062979560269,-0.7244504132854322,2.0223179442478285,-0.5484462156661742
-0.579902086543117,0.41255942461275136,-0.5367681479625998,0.8466543444833509,-0.3602328429105305,0.18888308250125732,-0.7378716494433367
0.28295716457596437,-0.3747099361161687,-0.6157359819888196,-0.08092464517363296,-0.2760773805312197,-0.5801965712459577,-0.4896383849224902
-0.660795141335531,2.047657327665124,3.0167843832172974,-0.669613346874525,0.8360159795577381,-0.40040189326074627,0.15766969142063897
-0.4181159769582893,0.3217206522209529,-0.6552198990019297,0.5838484349137864,-0.35357964471592696,0.033406421056618174,-0.6196722853770998
-0.7147238445304736,0.29144106142368675,-0.5762520649757097,-1.2367935539674828,-0.6934417460989815,-2.2998843371182445,1.6525613556037884
-0.9843673605051865,0.6850757417881468,-0.5565101064691548,0.7005479139309959,-0.4177763464500977,0.7292353793869497,-1.2197096640639165
-1.1461534700900142,-0.9197425704669595,-0.20115485335116504,-1.2461459146032632,0.7081079319885584,0.6816809757971449,0.03346997084574798
0.9570659545127467,-1.434495614020484,0.09497452424715971,0.07432670225694701,0.5417022943823302,0.5744667733209449,-1.117863067523213
-0.7686525477254161,0.049204335045557504,-0.5565101064691548,1.6767885047348965,-0.06504873144050433,1.2181438109225668,-0.7716321976867221
0.30992151617343566,-0.34443034531890254,-0.240638770364275,-0.5518655115379456,0.47861421464040677,-0.056579036900079774,2.635951681939984
2.251354831191369,-0.04163443734624096,-0.5959940234822647,-0.31587377684317036,0.23272436621032622,1.9509491686469138,-0.499697423313192
1.5502816896571152,-0.9500221612642257,-0.023477226792170184,0.5960241149247377,0.9124345743448756,-0.40157047286969955,-1.4263238869176629
-0.6338307897380596,0.07948392584282366,-0.5565101064691548,0.7308724380788788,0.7052994335697224,-0.07103530066226552,-0.9465041186625772
1.3884955800722873,0.5942369693963483,0.1147164827537147,0.17042516508052125,0.5838281194034363,-0.9666155895578814,0.13411541793143963
0.8492085481228615,-0.16275280053530558,-0.240638770364275,0.049034822277512435,0.46522488199503154,-0.1565704943249887,1.6280288971999384
-0.9034743057127727,-1.0711405244532903,-0.10244506081839011,-0.21138655434450138,0.872441688710077,-0.8097277519153202,-0.007949141901015944
0.8492085481228615,-0.3141507545216364,-0.20115485335116504,-0.45115621835687897,0.4501437657657121,-1.7558609577425648,2.519650590571754
-1.038296063700129,-0.5866670716970318,-0.39857443841671486,1.5587521389047945,-1.18498914006886,-0.4347423603667564,-0.08754463453911356
-0.3372229221658754,2.47157159882685,3.056268300230407,3.1546054292558763,0.5114255999116565,-0.038150907059221736,-0.6125205561127135
-0.5259733833481745,-0.5563874808997656,-0.49728423094948976,0.9485525766435288,-1.0879669753523677,1.5826092659526363,-0.6466895720524959
-0.47204468015323187,-0.6775058440888303,-0.28012268737738494,1.153499033493164,-0.9514453490435687,-1.3508358575245016,-0.2516750173185139
-0.579902086543117,0.6850757417881468,-0.6552198990019297,0.5972742853913855,-0.3236723284926321,0.7075944331417441,-0.616743848683363
-1.3349039312723132,0.6850757417881468,-0.6157359819888196,0.5758457902984432,-0.8671428911643283,-0.5919788504161664,0.7886391700088093
-1.200082173284957,2.1082165092596563,3.056268300230407,-2.5516622668439504,0.45875520734101544,-0.44110479463419006,-0.6696173160662676
-0.3641872737633467,0.38227983381548525,0.7267171964569191,-0.9208395071875863,-2.3575064507700922,-0.023042689983397355,-0.46448326965235714
-0.4181159769582893,2.1687756908541886,3.076010258736962,-1.1767005763117322,0.3926141836579177,-0.4700612725824836,-0.543948738552715
-0.6338307897380596,0.3217206522209529,-0.5367681479625998,1.4551627594491845,-0.1223953913237485,1.372459608941274,-0.5443781328732675
-0.5259733833481745,-1.4647752048177503,-0.6749618575084846,-1.5724336736076345,0.9111426587402052,0.140240668878345,0.12811118772353294
0.6334937353430912,0.07948392584282366,-0.5170261894560447,-1.44911523317276,-0.2133107367691987,0.4555951978683685,-0.41167434630024846
2.06260437000907,-0.011354846548974808,-0.4775422724429348,-0.6648304323775326,0.2141666463336592,-0.4441467015619865,-0.6037179093151156
-1.0113317121026577,-1.1014201152505565,-0.06296114380528015,-0.8564872924744071,0.953891805091045,0.8794100839116138,0.04803759818548391
1.3345668768773449,0.6850757417881468,-0.06296114380528015,0.0038524220213867586,0.20348565683616424,-1.1340401856137847,-0.015401164706434482
0.7683154933304477,-0.25359157292710405,-0.5565101064691548,-0.34756297876807113,-0.546264149350975,-0.9736955005428143,-0.24840397126621538
-0.391151625360818,-0.2838711637243702,-0.5367681479625998,-0.08427052683877854,-0.9016417353941047,-2.512126827225001,-1.1836333869395117
0.9031372513178041,0.10976351664008982,-0.4578003139363798,-0.6009865583059719,-0.15344648070543787,0.019158817561325706,-0.7126726862086932
-0.22936551577599024,0.23088187982915445,-0.5170261894560447,0.1446353598369506,-0.4096199623494781,1.2118829982979977,-0.6068701486606839
-0.5259733833481745,-0.8591833888724272,-0.7144457745215946,-1.4954365183500777,0.8366422064250068,0.6958861993054991,0.14798092115711758
-0.04061505459369118,0.018924744248291346,0.03574864872749477,0.015310348666000388,0.9777744084025014,0.37004591517907964,-0.11575297899347477
1.631174744449529,-0.6472262532915641,-0.28012268737738494,-0.016015440171136257,-0.0924150428202962,-0.10528593081797524,1.2307682028178593
-1.038296063700129,0.41255942461275136,-0.49728423094948976,0.016207244131142814,-0.37095659590288155,0.14230460285394933,-1.0562715083068297
1.631174744449529,-1.1619792968450888,0.1147164827537147,0.43052325405102165,0.9656247693767476,-0.3592731224796411,-1.4820453671766423
0.8222441965253903,-0.011354846548974808,-0.1221870193249451,-0.37343843109101826,0.432291865623463,-1.6631812021560393,2.3631552955452824
0.525636328953206,0.4428390154100175,0.13445844126026968,3.4508540965248256,1.0430290441958354,0.2785399893878936,-0.4510230513706955
1.8199252056318282,-1.2528180692368873,-0.023477226792170184,0.4829663035206887,0.9325093211742898,-0.5945185870237267,-1.3569445962851545
-0.391151625360818,0.018924744248291346,-0.04321918529872517,3.3912759050354278,1.0569207963740186,0.24219611684806439,2.0126289776089887
0.984030306110218,-0.9803017520614918,0.07523256574060473,0.3596628388067029,1.0275678724300452,-0.5214806255154233,-1.3884710554808055
-0.3641872737633467,-1.4647752048177503,-0.28012268737738494,0.0493112636717183,1.0073733123698556,-0.8918071566549539,0.886428933490859
1.631174744449529,1.0484308313553408,0.13445844126026968,0.7780582733985096,0.31167038076894904,-1.2428958360258433,-0.13052286717652986
-0.5529377349456458,-0.4958282993052333,-0.4578003139363798,0.8664996922245695,0.39228698016355534,0.8287448999811934,-0.8873197767424318
1.6851034476444717,-0.7683446164806287,-0.003735268285615202,0.6642105091755627,0.9466080801030688,-0.3895138547812919,-1.4387934318242108
-1.0922247668950718,0.17032269823462212,-0.5170261894560447,0.6106975444927429,0.6999095765674582,0.8744884024053001,-1.2116240949386994
1.1188520640975745,0.6547961509908806,-0.06296114380528015,0.6911052122140756,0.2938064848432969,-1.0260504028177582,-0.23981477254665762
-1.227046524882428,-0.5563874808997656,-0.5565101064691548,0.6746370900205894,-0.8011266165331878,4.112303311346973,-0.6772863109059526
1.7120677992419429,-1.010581342858758,-0.43805835542982485,0.0017650674626647754,-0.39243239158418075,1.0327790508461643,1.6342931145640087
-0.6338307897380596,2.0173777368678576,2.997042424710742,-0.8168983489061296,0.8683302296022333,-0.4668831417936714,0.23744735475420817
-0.47204468015323187,2.441292008029584,3.095752217243517,-0.8999379432175406,1.0297234651293963,-0.4985737210209347,0.20179382755959666
-1.2540108764798994,-1.0711405244532903,-0.22089681185772,-0.5245167052228739,0.6285955953817414,0.843425510417596,0.048097614088777656
0.8761728997203329,0.14004310743735598,-0.06296114380528015,0.04140762798182871,0.5437790850416712,-0.7682339289516102,2.580435328963661
1.0379590093051605,-0.19303239133257175,-0.20115485335116504,-0.0045940820545091535,0.03767832239953933,-0.6050584439708225,0.8766747549224773
0.7952798449279189,-1.0711405244532903,-0.3393485628970499,-0.3028645993169655,-0.56407342386545,1.063541559552649,0.5640571726201393
-0.5529377349456458,0.5033981970045498,0.6082654454175893,-1.0529677450920683,-2.3100462833749256,1.076486140432984,-0.617545645744506
1.3076025252798735,-1.1619792968450888,-0.41831639692326983,0.2981774203384198,-0.6345576886156793,0.034705169876156225,1.1274035264141464
-1.2809752280773707,0.14004310743735598,-0.5367681479625998,-0.03716769934466167,-1.1039680202422972,3.4469857252415372,-0.8726175048782625
0.8761728997203329,1.2603879669362037,0.03574864872749477,0.1933267608131763,0.2869450368489643,-1.2376651299857873,0.09484472481440935
-0.660795141335531,0.8061941049772114,0.6872332794438092,-1.6882314614179927,-2.4817797701299886,1.3529519768840108,-0.5872845944263319
0.4986719773557347,0.2006022890318883,0.1147164827537147,2.1494980980948677,0.9723379096639365,0.6618150198019999,0.682030413557698
-1.227046524882428,-1.0711405244532903,-0.6749618575084846,1.507741958908844,0.9913397905759149,1.2317291891119884,0.2822735659523579
-0.3641872737633467,0.715355332585413,-0.6157359819888196,2.1269606156601855,-1.7722426285682773,-1.0995434638769954,1.5884945795992726
2.1974261279964264,-0.3747099361161687,-0.5170261894560447,-0.25061331567885614,0.4317907214734362,1.7151093668375497,-0.2401419517879577
-0.3641872737633467,-1.0711405244532903,-0.7144457745215946,-3.047576371660328,0.8434583909047836,1.1893928305555745,0.05561481445950295
-0.9574030089077152,0.715355332585413,-0.5565101064691548,-0.08300435128239117,-0.20132502799150892,1.1876318369534338,-0.9918948877788694
1.9277826120217134,0.17032269823462212,-0.5959940234822647,-0.40847980859333244,0.549016159270094,-0.32671104567108394,-0.43279430076984726
-0.3641872737633467,0.7759145141799453,-0.5762520649757097,0.39820806420015065,-0.09258340053274143,0.859422653845948,-0.6218281326402858
1.6581390960470004,-0.8591833888724272,0.05549060723404975,-0.09979478362596006,0.6357708701708168,0.5881815932391135,-0.8522736347258909
-1.0113317121026577,0.6547961509908806,-0.5565101064691548,0.9998852483255432,-1.6220457058914355,0.6484879515526434,1.3674571323965512
-0.013650702996219882,0.07948392584282366,0.5490395698979244,-0.9082179728152048,-2.3149708017006025,1.9149285764621704,-0.5473636052963458
-0.4450803285557606,0.2006022890318883,-0.6354779404953746,1.1589554464754261,-0.3215209885661485,1.0885890107132459,-0.7227011525167889
-0.7956168993228874,0.5639573785990821,-0.6157359819888196,1.1916198357453098,-0.2179044136160362,1.4195767163981103,-0.7616829651615761
0.39081457096584954,0.2006022890318883,-0.10244506081839011,-0.7133216550252006,0.4710692746428268,-1.0468790636277499,2.2479708982311553
1.0649233609026318,-0.10219361894077328,-0.08270310231183513,0.27304571494024527,0.09327655374019134,-0.28316507599040425,1.2324976829907806
-1.038296063700129,-1.010581342858758,-0.18141289484461004,-1.1342972305752062,0.6640933930550452,-0.5736568187333978,0.13421656179776614
1.873853908826771,-1.404216023223218,-0.023477226792170184,-0.25931597699683495,0.5221607967700032,0.23063822540924966,-0.8878693783769814
-0.391151625360818,0.23088187982915445,-0.5367681479625998,1.7935196468188357,-1.4534336228409839,-1.0996904998887147,1.1802305281195427
-0.47204468015323187,-0.7380650256833625,-0.28012268737738494,1.1693648991015184,-0.9966039885136626,0.4604453770195595,-0.19325916620402175
-1.038296063700129,-1.434495614020484,-0.7934136085478145,1.0574234501877546,0.9636434262990318,-0.10968787594789006,0.06867335968876362
0.7143867901355051,0.14004310743735598,-0.5762520649757097,-0.5470248566299535,-0.6692079257215119,-0.8756187393907272,-0.03704875549506077
1.2806381736824022,-0.828903798075161,0.01600669022093978,0.34763899070154103,0.8588089447700217,-0.4412972758076475,-1.456004850818909
-0.3641872737633467,0.07948392584282366,-0.4578003139363798,-0.6965786793786073,-2.326482359984473,-0.8972953745862157,0.4195477200825568
-0.20240116417851894,0.3217206522209529,-0.023477226792170184,2.601715040271773,0.9058483211721176,0.4510603134515234,-0.024775160795846556
-0.49900903175070316,2.532130780421382,3.076010258736962,-0.5361600339652451,0.9753581853936814,-0.833917786822971,0.25608846546422925
1.631174744449529,-1.4647752048177503,-0.023477226792170184,0.49580185883881733,0.9010338540099943,-0.2561649031967809,-1.4980849261050306
1.7929608540343571,0.8667532865717438,-0.06296114380528015,-0.05063130531626847,0.3539514131384169,-1.1029452087260379,0.03247735471625561
1.3076025252798735,-0.5261078901024995,-0.5565101064691548,-0.9910467878947936,-0.2723056757620986,0.2527298203509015,-0.45945175274300915
1.5233173380596439,0.533677787801816,0.13445844126026968,0.7725174681295234,0.5639549980176194,-0.49530801912472466,0.24699344621466696
1.0649233609026318,-0.435269117710701,-0.10244506081839011,-0.21949482098170797,0.4884621739525731,0.37880060482859995,1.5867256138929076
-0.4450803285557606,-1.2830976600341535,-0.7539296915347046,1.2373911746283077,1.0412341001079852,1.1394654299653209,0.21010874907715332
0.9301016029152754,-0.4958282993052333,-0.18141289484461004,-0.20345622089616766,0.5086873957417029,-0.14109939981385325,2.199134457187171
0.9031372513178041,-0.5261078901024995,-0.39857443841671486,0.23686324416146687,-0.712141673401205,-0.45447165883446544,0.6721618226901568
-1.0652604152976004,0.5639573785990821,-0.5565101064691548,-1.202018818906264,-2.087470305555018,-0.6709390696414254,0.17622629694814565
-1.307939579674842,-0.46554870850796715,-0.29986464588393996,1.3643638864600862,-0.8162750559084029,-2.2872847211971314,-0.24378680445843814
-0.3372229221658754,0.23088187982915445,-0.5367681479625998,0.9427963739471893,-0.1806501780860866,-2.280712387249304,0.43862781370427356
-0.5529377349456458,0.6547961509908806,-0.4578003139363798,0.9545694889457531,-1.304887021233484,-0.035945824927550045,0.8296721046818676
1.6851034476444717,-0.4958282993052333,-0.5565101064691548,-0.10268085061333376,0.3428351588495919,1.1795382666321041,-0.1187052876018594
-0.3102585705684041,-0.04163443734624096,0.09497452424715971,1.3893996271515472,1.0440870492093925,0.2952221769307424,-0.9550069811813258
1.1458164156950459,-0.3747099361161687,-0.6157359819888196,0.014761892562635803,-0.22028821316117908,-0.5468319164582491,0.03326668748099962
-0.7416881961279448,0.2611614706264206,0.7267171964569191,-1.3113423494239127,-2.330419495372739,2.5866266927853827,-0.4164864162664975
-0.6338307897380596,0.07948392584282366,-0.5170261894560447,-1.122967179071745,-2.2772092485392523,-0.8225510242368775,0.09100579274383695
1.5233173380596439,-0.3141507545216364,-0.5959940234822647,-0.6226057260247899,0.4547060246355097,0.3476983749340964,-0.6920315299419451
1.7390321508394144,-0.16275280053530558,-0.6354779404953746,-0.0008222172355752491,0.5695573863334998,0.9004698273387698,-0.2669312032850093
1.0379590093051605,-0.8591833888724272,0.1147164827537147,-0.17037040682100096,0.6359032620888169,-0.1552481838185468,-0.9927351304102978
0.33688586777090695,-0.5563874808997656,-0.6354779404953746,-0.7023066522326279,-0.27187185565612365,-0.2587762294059657,-0.3615826419250781
-0.5259733833481745,-1.3739364324259518,-0.8131555670543695,1.7888141743739092,0.9982399846093413,0.8841893996599848,-0.0011984928518899987
-1.3618682828697846,-0.8591833888724272,-0.6749618575084846,-1.239342281221562,0.9237676239471461,-0.14426015186986454,0.2328464407319633
-0.660795141335531,-1.0711405244532903,-0.41831639692326983,0.3812971378486761,0.9654230424414217,-0.8186192735852754,0.6996412503527528
1.1458164156950459,-0.9500221612642257,0.07523256574060473,0.20740743750383062,0.44531240112896653,0.5884414017661042,-1.1220675215718368
-1.307939579674842,0.23088187982915445,-0.5565101064691548,-0.6798566821096425,-2.172955098060506,-0.66524337696923,-0.49042467047163135
-0.579902086543117,-1.1014201152505565,-0.3788324799101599,0.7293817065052093,1.0894858279886217,-0.6602696747378275,1.955221010860192
-0.7147238445304736,-0.9803017520614918,-0.1221870193249451,-0.9427126537167286,0.7103820481653927,0.6734742172566374,0.10553219219396147
0.4447432741607921,-0.3747099361161687,-0.16167093633805507,0.06006172265892019,0.7368085187463561,1.1021737807432472,0.8899821246006138
-0.9304386573102439,0.07948392584282366,-0.6157359819888196,1.6462882816871252,-1.4090675893109785,1.2462609608700326,1.325973581541165
-0.6877594929330022,-1.2528180692368873,-0.43805835542982485,0.6028623239284491,1.0898941934302186,-0.04849052815873527,0.5669030434337318
-0.6877594929330022,0.2006022890318883,-0.5170261894560447,-0.7812485266361617,-2.2557343635890383,-0.7529436258660887,0.5583267993775483
-0.5259733833481745,0.5639573785990821,-0.6157359819888196,0.6272139871752846,-0.9851541830066648,-0.8225244012242843,-0.13212526872051814
1.1458164156950459,0.8970328773690099,-0.04321918529872517,0.7650088467522,0.5431488519456011,-0.9094151976310748,0.10200153725302254
0.9570659545127467,-1.1619792968450888,-0.023477226792170184,-0.3000651589052987,0.5736785648461133,-0.0644202557040177,-0.90561021311055
-0.47204468015323187,0.8061941049772114,-0.5170261894560447,0.6029273377480484,-0.25560809493642955,0.1537768220797582,-0.6095124285173493
-0.013650702996219882,0.6245165601936145,-0.6157359819888196,0.30977098228859884,-0.3614469907028492,0.08559501610783299,-0.5411471086876157
-1.2540108764798994,0.23088187982915445,-0.5367681479625998,-0.14105521075171934,-0.5082817021372186,0.3542430119675699,-0.9966596027210574
-0.391151625360818,-1.0408609336560242,-0.31960660439049493,0.3110827572892449,-0.92962310685657,-1.964531469684093,-0.2046145568267342
0.41777892256332083,-0.011354846548974808,-0.5762520649757097,-0.4895961967698295,-0.5071692522003121,-0.565251813052272,-0.6928936388707403
1.7929608540343571,-0.4958282993052333,-0.31960660439049493,-0.48691147113822575,-0.19522287060379706,0.40229739829994865,1.070895022421134
-1.038296063700129,-0.4958282993052333,-0.35909052140360487,1.1071844890859115,-1.077677228384468,-2.4732353479301783,-0.24251662281575967
-1.0922247668950718,-1.3436568416286856,-0.39857443841671486,0.6912032735616119,1.0149464679660898,-0.24525618858007855,0.8432998952942443
1.0918877125001032,-1.2528180692368873,-0.04321918529872517,-0.18016629775868903,0.6327464907622482,-0.16700705526625856,-1.0051209021419432
-1.3618682828697846,-1.0408609336560242,-0.3393485628970499,-0.00594589072596645,1.0317447757395743,-0.2593724668486732,1.3643668829584217
0.8761728997203329,-1.1619792968450888,0.01600669022093978,0.674144904086278,0.8974416997844643,-0.04631738851002869,-1.4613570179485755
1.5502816896571152,-0.9197425704669595,0.05549060723404975,0.25852759239535933,0.5586942542116345,-0.47165352247410425,-1.15198656181913
-1.200082173284957,-1.2225384784396212,-0.3788324799101599,0.35186825836308544,1.282548548734832,-0.823067998235151,1.7839874902047745
-1.1191891184925429,-0.7380650256833625,-0.28012268737738494,0.7654429870556769,-1.146140121000772,-0.9580248450614278,-0.05127127821871746
1.1188520640975745,0.8364736957744776,0.07523256574060473,0.4913364308215863,0.22986468856658768,-0.7476179096715496,0.0012648917208760904
1.1997451188899884,-1.1316997060478227,0.13445844126026968,-0.05553947963936261,0.7248600780905992,0.1780085595309423,-1.1538422854164678
1.5233173380596439,-0.25359157292710405,-0.4578003139363798,-0.4909701368716222,0.5454492163084254,0.9669446722352707,-0.5776419573573384
-0.5259733833481745,-1.2225384784396212,-0.29986464588393996,0.41706007299330217,1.0812973594785507,-0.7882839840411158,1.8515823303265648
-0.49900903175070316,0.7759145141799453,-0.6552198990019297,-0.3268879956396978,-2.2751796290796977,-0.9852559131488458,-0.40029398765916
-1.3618682828697846,-1.0711405244532903,-0.6749618575084846,0.8426013582327521,0.9249985542500058,0.9415992370721765,0.19588735279856748
1.8199252056318282,-1.0711405244532903,-0.31960660439049493,0.4193067443259075,-0.9115867495396481,-0.15689510262311163,0.3489222485364621
-0.4181159769582893,2.622969552813181,2.9378165491910773,-1.7499561024148085,0.509386299219001,-0.47205155896551587,-0.6699005803014068
2.1704617763989553,0.07948392584282366,-0.5565101064691548,-0.7061047200745886,0.4683648856306485,1.6532440572852076,-0.20708431108300912
1.5772460412545866,-0.5261078901024995,-0.5959940234822647,-0.02935027928089826,0.2300577509824094,1.3479579102932868,-0.7470978230544579
0.8761728997203329,-1.2830976600341535,0.09497452424715971,0.7966143785444946,0.9658908986517669,-0.39798096072422595,-1.4838034192654284
-0.9574030089077152,-1.2830976600341535,-0.20115485335116504,-0.48269350060035077,0.9553600320364876,0.20084415540885547,0.10462417390617504
0.8222441965253903,-0.5866670716970318,-0.35909052140360487,-0.07377972015999844,-0.41077421789691865,0.22280963425302078,0.5700812555140056
1.6042103928520577,-0.8591833888724272,0.1147164827537147,0.6709525200691564,0.8700735166457169,-0.06181289921054457,-1.4569381227334022
-0.4450803285557606,-1.434495614020484,-0.35909052140360487,0.30623851554947507,1.1492842891204333,-0.6745763261504957,1.2376923571112186
-0.14847246098357636,0.10976351664008982,-0.023477226792170184,-0.4746188659970391,0.8702564334813253,0.23396285974952855,1.0547659405424943
-0.391151625360818,0.07948392584282366,0.6872332794438092,-1.3265924509732938,-2.319385285021213,1.2555322062478482,-0.6275268039031905
1.253673822084931,0.6245165601936145,-0.06296114380528015,0.18502856365322023,0.3192428515205553,-1.0217951562608953,0.1722670877966558
-0.7686525477254161,-0.5261078901024995,-0.6354779404953746,1.0041684620966183,-0.9268086608428175,2.194147557023631,-0.7094580299966669
1.2806381736824022,-0.8591833888724272,0.07523256574060473,-0.053379871765756454,0.5274175994635617,-0.32081254851172913,-0.987272638341919
1.44242428326723,-1.010581342858758,-0.43805835542982485,0.3351668863742935,-0.8288585388412889,1.3075222257010368,1.3097934317301594
-0.3372229221658754,0.049204335045557504,-0.5762520649757097,1.5229319620743882,-1.4899365918979546,-0.781991160932634,1.7295550717162929
-0.9843673605051865,0.6245165601936145,-0.5762520649757097,-1.4263795234225787,-1.553052516299737,0.19355656824621814,-0.19097153267992883
1.0649233609026318,-1.1619792968450888,0.07523256574060473,0.2995454874520292,0.8969299650174858,-0.033418474756787775,-1.4530593373995748
-1.0113317121026577,0.23088187982915445,-0.5170261894560447,-1.2182611322847168,-0.36518068457428976,1.6098575908843626,-1.0320263900524305
-1.038296063700129,-0.7986242072778948,-0.43805835542982485,0.7074125932744517,-1.1605708530860706,-1.4768214868530045,-0.13443318352475142
-0.6338307897380596,0.533677787801816,-0.49728423094948976,-0.41771799905698986,-1.1192088561601865,0.815356720691365,0.858219642095899
1.873853908826771,1.0181512405580746,0.07523256574060473,0.5044559163918153,0.20862959129708686,-0.7295517155170278,0.2790295131576627
-0.660795141335531,-1.0711405244532903,-0.1221870193249451,-1.1613342438576209,0.8191122402906554,0.5597465324453632,0.08347084177900349
0.6334937353430912,-0.3141507545216364,-0.49728423094948976,0.08077630257481046,-0.4274630425910813,-0.1910092843863749,-0.073666710984731
1.6042103928520577,-0.7683446164806287,-0.04321918529872517,-0.2506929561116902,0.7470832822119629,0.03180376445390445,-0.951555280047231
-0.49900903175070316,0.5033981970045498,-0.5565101064691548,-0.9284849767702089,-1.1299230756662442,-0.34034442611448795,1.6703241716411317
-0.6338307897380596,0.5639573785990821,-0.6157359819888196,0.6847845962022521,-0.6366514378243116,-0.1618917994391759,0.3108463012158977
-0.660795141335531,0.38227983381548525,-0.5170261894560447,-1.4927559520868035,-0.28319149936867555,-0.2227718150316235,-0.9463088790240619
1.6851034476444717,-0.7077854348860964,0.03574864872749477,0.0981398300424829,0.5647947450692388,-0.25227572113852376,-1.0856992758805306
-0.9304386573102439,2.713808325204979,3.076010258736962,-0.3656585470821663,0.9037172768968448,-1.0813107597789382,0.3317872802786491
0.7413511417329763,-0.16275280053530558,-0.5170261894560447,-0.49034058804758507,-0.372955056503658,-1.1360743634010504,-0.6031881173072542
-0.6877594929330022,0.3520002430182191,-0.5367681479625998,1.6589182644647225,-0.12651308274224188,0.521089751365268,-0.6248103236561974
0.9031372513178041,-1.404216023223218,0.05549060723404975,0.2528707995995505,0.7296379839802599,-0.09550787437599557,-0.870155604124351
0.8222441965253903,-0.25359157292710405,-0.26038072887082997,0.1957016504098843,0.3912901652315791,-0.4050944770077525,2.094495587906217
-0.6338307897380596,0.23088187982915445,-0.6552198990019297,-0.05633394093424407,-0.19352803149011785,0.6209216221129533,-1.0046263278941834
-0.6338307897380596,0.07948392584282366,-0.5565101064691548,-1.2543867104853692,-2.2856307483448424,-1.1950433303941614,-0.15772239594948007
0.984030306110218,-0.16275280053530558,-0.20115485335116504,-0.3455013644153722,0.42800505665179633,0.8824184894667919,1.5748021473914215
-0.660795141335531,-1.2830976600341535,-0.7341877330281495,-2.362865753477435,0.8777866832248363,1.4565550108374061,0.048328667958228606
-1.3618682828697846,0.049204335045557504,-0.5170261894560447,-0.5109039883902736,-2.282669681362583,-0.7150731769537992,0.7308091406433983
-0.04061505459369118,0.5639573785990821,-0.6552198990019297,1.199083970833064,-0.1604941857808481,0.8505209333168546,-0.5226132793343976
-1.307939579674842,0.41255942461275136,-0.5959940234822647,1.78975105164244,-1.0723855718146924,-0.708802374605084,0.46097044835463
-1.3618682828697846,-1.1014201152505565,-0.35909052140360487,1.9803509573971625,-1.0525136368941257,-0.2501591018247919,-0.10617168848643689
-0.84954560251783,-0.5563874808997656,-0.4775422724429348,0.31172020193095523,0.5493687554560096,0.5250187229592644,-0.9904506718261437
-0.5529377349456458,2.713808325204979,2.9773004662041873,-0.35487356633528033,0.861719067844484,-0.8670212807629515,-0.02488359930243346
-1.038296063700129,2.6835287344077132,3.056268300230407,1.149836732620227,0.5009279686938818,-0.6431313188744313,-0.7017299494792955
-0.391151625360818,0.41255942461275136,-0.4578003139363798,2.0755043778229147,-1.5664613398477503,-0.07190819931969283,0.588862190760626
1.8468895572292996,1.1089900129498729,-0.003735268285615202,0.6223158292494976,0.3674778103630044,-0.6256929659238768,0.26569361716651824
1.1458164156950459,-0.19303239133257175,-0.22089681185772,-0.8008041509331321,0.48188573494013587,0.03366079592296688,3.4936225406995725
-1.1461534700900142,-1.434495614020484,-0.29986464588393996,0.5446725954192326,0.9986659723381696,-0.4860745655944271,1.241112415131466
-1.200082173284957,-0.16275280053530558,-0.4775422724429348,0.6161375893133048,0.5929998559451326,0.40624583741057574,-1.0020140387291194
-1.307939579674842,2.622969552813181,2.9378165491910773,-0.5685302810854361,0.9616000044134927,-1.2054649619197935,0.025733188176830745
-0.6877594929330022,0.4428390154100175,-0.5762520649757097,0.7684574717972413,-0.3212880906469271,0.8138842961680387,-0.6569297786025556
1.44242428326723,0.8061941049772114,0.1147164827537147,0.30779382804925315,0.44573617984092745,-0.7633921280304068,0.11807070315494905
-1.1731178216874856,2.1990552816514546,3.056268300230407,-1.752660404008724,0.475747486465093,-1.0417846212228499,-0.55136452253008
-0.660795141335531,-1.3133772508314194,-0.29986464588393996,0.5436628683604562,1.1463625766785601,-0.5175643328906034,1.7294388952588042
-0.3102585705684041,0.3520002430182191,0.09497452424715971,1.9520565002395012,0.929843507102318,0.11115605020056996,2.3978545457134595
-1.0113317121026577,2.1990552816514546,3.076010258736962,-0.48641513979989015,0.9604357191480771,-0.11666357612179387,0.08265443072822194
0.4986719773557347,0.049204335045557504,-0.20115485335116504,-0.5663285788084133,0.5043114967919465,-0.9921752546504051,3.0466778571007387
1.631174744449529,-1.4647752048177503,0.03574864872749477,0.4081132258334064,0.9155782361734998,-0.09522251032298835,-1.4315263111618768
1.3076025252798735,-0.3747099361161687,-0.240638770364275,-0.21738393058243285,0.5092038516703664,0.33941994596065034,1.4339859012691156
-0.8765099541153013,-0.7986242072778948,-0.14192897783150007,-0.6349021055184366,0.9385438554317053,0.8997120222100967,0.021569154974430495
-1.1191891184925429,2.653249143610447,3.036526341723852,-0.904740377819619,0.4387417637609507,-0.4549810911427142,-0.6767750216668115
1.5233173380596439,0.14004310743735598,-0.6552198990019297,-0.3608852220736926,0.19604717357827073,1.3881893405668484,-0.4905080751899849
-1.2540108764798994,-0.8894629796696933,-0.10244506081839011,-0.6270937802077737,0.7518175048941129,0.9307101195588127,0.11328152019064905
-0.84954560251783,2.1082165092596563,2.997042424710742,1.8379304553237394,0.4322808272753026,-0.3940134467062135,-0.6891328933525708
0.17509975818607917,0.41255942461275136,-0.4578003139363798,1.3564770019528658,-0.2153315825831872,1.382159489953987,-0.709944469857534
-0.7686525477254161,0.2006022890318883,0.7267171964569191,-1.3382648853194685,-2.544872552172303,1.7165620518404576,-0.16083750094316293
0.8222441965253903,0.07948392584282366,-0.240638770364275,-0.42923511042083834,0.05369336910628237,0.7999457621127717,1.2927443912459746
-0.84954560251783,-0.7077854348860964,-0.35909052140360487,0.8015058715064503,0.8981330448224665,-0.8310572935936131,2.2019660094304285
1.8199252056318282,-0.9803017520614918,0.05549060723404975,-0.22297594894674755,0.6704540759215574,0.2626339338706757,-1.0002112747651268
2.035640018411599,-0.4958282993052333,-0.5367681479625998,0.060296660140366914,0.57298180482023,0.18011002104849153,-0.48328573562472393
-1.0652604152976004,-0.5261078901024995,-0.3393485628970499,0.47337283118524426,-0.881533569494103,0.0017210047692438042,-0.06133476770261354
0.9031372513178041,-0.7986242072778948,-0.3788324799101599,-0.4438229866698083,-0.8265661806489696,0.8891247339603713,1.174227609675089
-0.7956168993228874,-0.9803017520614918,-0.20115485335116504,-0.5974953301577892,0.8045893550631981,-0.187880463265997,0.022912368048148182
-0.47204468015323187,0.23088187982915445,-0.4775422724429348,-1.097514839240224,-1.0090989239552202,-2.446316736499811,0.34196623401605286
-0.013650702996219882,0.14004310743735598,-0.49728423094948976,0.45195471755646943,-0.3998993868325014,1.440457736654895,-0.6155277903644623
-1.1191891184925429,-1.1014201152505565,-0.31960660439049493,0.08015468747156348,0.9877926322141874,-0.8106097614167204,1.2430792100282178
1.3076025252798735,-0.7380650256833625,0.13445844126026968,0.7273544603048291,0.9005332604301398,0.2397313737386281,-1.4017347219971281
2.06260437000907,-0.4958282993052333,-0.5959940234822647,-0.1338742338894251,0.21964470324053556,0.7274274599986614,-0.21279113054084295
1.7120677992419429,-0.9803017520614918,0.13445844126026968,-0.020722965369064178,0.7423148657989093,-0.0017342953168416118,-0.8379109133768601
-0.3102585705684041,0.5942369693963483,-0.4775422724429348,0.022084858489790263,-0.4592786296439535,0.9622149548386008,-0.624057470996774
-0.7686525477254161,-0.7683446164806287,-0.43805835542982485,0.42388515554923895,-1.1672704648851253,-1.958459287839691,-0.1959386352813488
-0.6338307897380596,2.5926899620159145,3.095752217243517,-0.6111754586808436,0.987914127243737,-0.90059944826255,0.03475454700296061
0.7683154933304477,0.17032269823462212,-0.6157359819888196,-1.0309093400980311,-0.34448780686380054,0.21824136650293685,0.08849831148022118
1.5772460412545866,-0.9803017520614918,0.13445844126026968,-0.12912166981438397,0.8229698290668518,0.37999714950658897,-0.8391114116739468
1.3345668768773449,-1.0711405244532903,0.07523256574060473,0.13059144118986554,0.40296576154233926,0.5157286349037186,-0.8567348713761344
-0.6877594929330022,0.29144106142368675,-0.5565101064691548,-1.947363368026072,-2.257250278623557,-1.2459683420971244,-0.15378113379324723
0.22902846138102176,0.2611614706264206,0.6872332794438092,-1.3906573221589709,-2.3437139826506828,2.091719535825457,-0.5575004441594864
1.7659965024368858,-0.46554870850796715,-0.28012268737738494,-0.44989315684076114,-0.9594077721223996,-0.5814219457597527,1.4504638504537437
-0.7147238445304736,-1.434495614020484,-0.31960660439049493,0.5117910552041246,0.8356384887082638,-0.11167603890509961,1.2508428693131675
1.1997451188899884,-0.9803017520614918,-0.023477226792170184,0.47546937425740804,0.9948039754079644,-0.05406343549685085,-1.5074956357645883
2.1165330732040126,-0.19303239133257175,-0.5565101064691548,-0.22654005082398693,0.42186176861845226,-0.24659210569126983,-0.09138529842814055
-0.3372229221658754,2.5624103712186486,3.076010258736962,-0.0871041977546034,0.5319326022577457,-0.19069510076185653,-0.556394640649008
0.7952798449279189,-1.1619792968450888,-0.39857443841671486,-0.48542550737765333,-0.15306989609626387,0.29402412468457095,1.0584950751050057
-0.7686525477254161,-1.0711405244532903,-0.3393485628970499,1.0407064182270744,-1.0540580356271296,-0.6647168456301948,-0.24072173778998715
-0.4450803285557606,0.6547961509908806,-0.4775422724429348,-0.4080550902067003,-0.9035143462516575,-2.199214712655828,1.610960727134857
0.9570659545127467,1.2603879669362037,0.01600669022093978,0.5001461245563487,0.2980324746721769,-0.019749898049216657,0.08650479984996216
1.8199252056318282,-0.2838711637243702,-0.49728423094948976,-0.6908613253819577,0.5128272586120692,0.27916635509959997,-0.6644183705387924
-0.3372229221658754,-0.9803017520614918,-0.26038072887082997,-1.0395044064371792,0.8070184055487012,-0.8118296753260994,0.13319042120947286
-0.9843673605051865,0.41255942461275136,-0.6552198990019297,-1.1937395274219247,-2.098796971956281,-1.0059550590969986,0.6478447642029596
-0.7686525477254161,-0.3141507545216364,-0.4775422724429348,-0.024447193949943543,-0.8168138467534918,-2.5025277556928907,-1.0436097991384958
1.8468895572292996,-1.4647752048177503,0.13445844126026968,0.8260382588084856,1.0280133991129066,-0.3917752506790225,-1.3952513783634353
0.7952798449279189,-0.7077854348860964,-0.4578003139363798,0.1382871204326758,-0.2589242805782263,1.2999202624583683,0.8129056638302296
1.7120677992419429,0.7759145141799453,0.05549060723404975,0.13213698466004592,0.49105832248548403,-0.20645442306402845,0.1532609398433332
1.3615312284748162,-0.616946662494298,-0.29986464588393996,0.2842328477550369,-0.4217354642282116,0.557560828017748,0.712687646326865
-1.0922247668950718,0.7759145141799453,-0.5959940234822647,-0.8943839596333568,-0.7158146325566063,-1.0897814312810066,1.4714318242275763
0.8492085481228615,-1.010581342858758,0.1147164827537147,0.7565895172160578,0.8355360399936926,0.08601782162373241,-1.4932506348295327
-1.1191891184925429,0.07948392584282366,-0.6157359819888196,0.11757223330204836,-0.20821850426048696,-0.27222202602719325,-1.0383579993547951
-0.4181159769582893,0.4428390154100175,-0.06296114380528015,3.468800438273677,0.8391025073812887,0.17747166895317557,2.3839239194278816
0.4717076257582634,0.4731186062072837,0.07523256574060473,0.021386188345247147,0.9581322844359296,0.43530283230709066,-0.920772171583457
1.0109946577076894,0.7456349233826791,-0.06296114380528015,0.7094497461525903,0.3496700928034959,-0.19224750466412543,-0.2099566529924089
-0.3641872737633467,0.5033981970045498,-0.4578003139363798,-1.160304108962867,-2.088871340036393,-0.8400095452421267,-0.3555735965278603
-1.2540108764798994,-1.434495614020484,-0.8131555670543695,-0.5062212099377311,0.8850504641900235,0.3012335466822354,0.16423153919157105
-0.9304386573102439,2.3201736448405192,3.0167843832172974,0.712702060981875,0.5111157290489295,-1.0157962832873633,-0.6319748097293322
-0.6068664381405884,0.14004310743735598,-0.4775422724429348,-1.1611706560009591,-2.3858533545721388,-0.9313788366005378,0.7290757887697561
-0.5259733833481745,-0.7380650256833625,-0.26038072887082997,0.3270658791813807,0.9336149433225296,-0.43239039362170206,0.6847259784449862
-0.660795141335531,-0.10219361894077328,-0.5762520649757097,0.35313610165660625,-0.8864935641187212,-0.6015710551355827,-1.2913286941379851
0.7952798449279189,-1.1316997060478227,-0.04321918529872517,-0.008710422367176666,0.4487856568965116,0.5980596765092736,-1.002102347843966
0.7143867901355051,-0.5261078901024995,-0.49728423094948976,-0.1662836548781488,-0.6590329156016538,0.22404048989981695,-0.275812611303681
-0.06757940619116247,0.23088187982915445,-0.5367681479625998,0.9450339026490725,-0.4363489901016248,0.19778898829623387,-0.6905083374717891
-1.0922247668950718,0.17032269823462212,-0.6552198990019297,0.8543532275369697,0.8036164019143599,-0.1925882522815461,-0.8133585156234544
-0.579902086543117,-0.8591833888724272,-0.6749618575084846,0.9863028519913807,0.8554402093159112,1.6780588977318724,0.1761569751550852
0.8492085481228615,-0.4049895269134348,-0.16167093633805507,-0.34253322122119345,0.6019495631641166,-0.25998061985369075,3.541500778510995
-0.84954560251783,-0.435269117710701,-0.6157359819888196,0.7447250297725994,0.46665673897542953,0.5338055513963742,-1.0748499586929097
1.1458164156950459,1.139269603747139,-0.023477226792170184,0.45881926922626837,0.5344758071365477,-0.478401279621779,0.24806197384088743
-0.3372229221658754,-1.1619792968450888,-0.41831639692326983,1.6355294241672305,-1.028641931369277,0.38963280426559393,-0.20657669205626922
1.0109946577076894,-0.9803017520614918,-0.41831639692326983,-0.22295002720474447,-0.24184590368573355,0.9713339794531816,1.417183619478893
-0.9304386573102439,0.8061941049772114,-0.5565101064691548,1.1355969625845879,-0.6617531701061898,1.110100027675741,0.3339403673880408
-0.391151625360818,0.14004310743735598,-0.4578003139363798,0.6209175054742782,-0.5429619852854439,2.469881659652771,-1.211985154559106
1.3884955800722873,-1.2830976600341535,-0.023477226792170184,0.48677398080017636,0.959804937727227,0.03951626387878593,-1.3896946994988384
0.7952798449279189,-0.04163443734624096,-0.18141289484461004,0.1738422128395721,0.24463182082370916,0.8873339508109348,1.7001275590462106
-0.7147238445304736,-1.192258887642355,-0.29986464588393996,0.7646467722429243,0.981962238688736,-0.13842480321334294,2.0873704303909557
0.525636328953206,-0.34443034531890254,-0.10244506081839011,-0.47470042951431873,0.23611447375667843,0.04392459853172417,0.9717777506898776
-0.2832942189709328,-1.4647752048177503,-0.3788324799101599,0.5858485823806462,1.183733081761282,-0.8379887366978122,1.0311507772466466
-1.2809752280773707,0.715355332585413,-0.4578003139363798,-0.13937516507967154,-2.178697228361284,-1.1110364015802665,-0.7525658933878411
-1.1731178216874856,0.6245165601936145,-0.6157359819888196,-0.6134692635364825,-0.39717257937530637,-1.0350106978236655,-0.12513330515913382
-0.7416881961279448,-0.8894629796696933,-0.31960660439049493,0.5135055448347243,-1.1335013003765897,-1.0822261885386046,-0.1877163237185949
0.8761728997203329,-0.3747099361161687,-0.10244506081839011,-0.8967445058927549,0.5060620598043845,-0.28237010770222537,2.3523284160533753
1.873853908826771,-0.9197425704669595,-0.39857443841671486,0.025040625318924807,-0.9035035131323462,0.5179507698768555,1.6831120339365928
1.0379590093051605,-0.4049895269134348,-0.10244506081839011,0.1391646992726201,0.07016804580442933,0.8338996861705905,1.568604926256394
1.4154599316697587,-1.1316997060478227,0.01600669022093978,-0.2953259566763354,0.4594637880097087,0.5666006289620362,-0.9426225737200097
0.7413511417329763,-0.5563874808997656,-0.08270310231183513,0.19864466383770873,0.5956595324620069,0.7679586384502501,1.4532559934711262
0.20206410978355047,0.5033981970045498,0.7069752379503642,-0.9761844910862068,-2.4610076076201626,-0.31185355193901343,-0.5263650047528159
-0.7416881961279448,2.5624103712186486,2.898332632177967,-0.6097948635897235,0.9113343519158503,-0.870055770455287,0.3771238528522337
0.9031372513178041,-0.4049895269134348,-0.10244506081839011,-0.1069552509123319,0.7599219337622779,0.967615330941707,1.195164457228015
-1.1461534700900142,-0.7683446164806287,-0.35909052140360487,-0.0062906993681465335,1.029519522890105,-0.5881898876416013,0.572175792915543
1.1997451188899884,-0.4958282993052333,-0.26038072887082997,0.3521902513239292,-0.13410178049435417,-0.16136810746047314,1.6132574904962533
-1.3349039312723132,-0.7380650256833625,-0.3788324799101599,0.3554705226941126,-0.9927337824294956,-0.54154661592138,-0.18354667627762192
-1.0113317121026577,0.23088187982915445,-0.4775422724429348,-1.446279756871641,-0.07722948037548473,1.4829368099552485,-0.9855184962893233
1.3345668768773449,-0.2233119821298379,-0.5959940234822647,-0.27167683567664624,0.2080376354022149,-0.054424444830651064,-0.6277912912074136
1.1997451188899884,1.0484308313553408,0.07523256574060473,0.4898362533922625,0.3364210971719576,-0.30619183921214205,-0.16265603350299226
1.7929608540343571,0.9878716497608083,-0.003735268285615202,0.6279751116816014,0.49993497811393756,-0.3193256872588738,0.2276005115439312
0.2559928129784931,0.049204335045557504,-0.06296114380528015,-0.8257016589580843,0.5352936503870466,-0.6907389376965392,3.3419487812299606
-0.4181159769582893,-0.3747099361161687,-0.5959940234822647,0.629971335178435,0.4572747039381409,0.29625387448082663,-0.7951213070552821
-0.579902086543117,0.018924744248291346,-0.6354779404953746,0.44538084688333984,-0.7526192709566767,2.154109565068943,-1.300575400117487
1.5233173380596439,-0.07191402814350713,-0.5170261894560447,-0.13607437615396237,0.30588143538759033,-0.6300121949574607,-0.4372386561872187
-0.660795141335531,-0.8894629796696933,-0.28012268737738494,1.1418994449474336,-0.8609459117612649,0.4326183486253736,-0.2523667183636528
-0.5529377349456458,-0.7683446164806287,-0.35909052140360487,1.2605170211584094,-0.8629571351714278,-1.8084334412389336,-0.09387233126170198
0.2559928129784931,-0.2233119821298379,-0.5170261894560447,-0.13048096534883474,-0.26025471858092575,0.19411881676234014,-0.28532943844792497
-0.49900903175070316,0.4428390154100175,0.07523256574060473,1.4229538339782581,0.9523903993319826,0.4185437190127687,2.638512996376929
1.6851034476444717,-0.46554870850796715,-0.5565101064691548,-0.6863514110751575,0.322155724302332,-0.1403360365699721,-0.5213095579714044
-1.1191891184925429,0.10976351664008982,-0.4775422724429348,0.8667064317821135,0.8220623039528733,0.8865952565146734,-1.1017262945683197
-0.7416881961279448,-0.5563874808997656,-0.5959940234822647,0.18814197951910394,-1.0797707539520347,-1.3595252316221138,-1.2107618437507928
0.6065293837456199,0.14004310743735598,-0.5367681479625998,-1.112268800961755,-0.6164394171451294,0.15646977123796,-0.7809306351110719
1.3615312284748162,-1.3133772508314194,-0.023477226792170184,-0.0011070252440613907,0.5348227763695569,0.5939045145172488,-0.8368583145923721
0.7143867901355051,-0.04163443734624096,-0.6157359819888196,-0.13644512249735313,-0.2545147330787975,-0.9742203831796252,-0.5052969777658446
-1.2809752280773707,0.5639573785990821,-0.4775422724429348,2.187401817228419,-0.6053856911916501,-0.5677440028838969,0.34555539869421414
0.6874224385380338,0.2006022890318883,-0.18141289484461004,-1.0976552224098781,0.40139808752264705,0.37481619193353494,1.906718262816975
-0.8225812509203587,0.4428390154100175,-0.49728423094948976,0.00037654862525897745,-0.33479869872249257,1.5822723777097643,-0.7349400977656081
-1.227046524882428,-0.9803017520614918,-0.20115485335116504,-0.6211999373304871,0.8501127513144012,-0.4709426931700151,0.1603410777095249
-0.9034743057127727,-1.2830976600341535,-0.31960660439049493,0.6368550638303705,0.9874009441987754,-1.0949104271486605,0.9653020923185273
-0.391151625360818,-0.46554870850796715,-0.6552198990019297,0.5617480891236994,0.7269956939844344,-0.19687680005729122,-0.8291946498364062
-1.200082173284957,0.17032269823462212,-0.5367681479625998,0.20786994729268782,-0.23663817134470294,-0.42967877371269203,-0.9579236835877436
1.6042103928520577,0.533677787801816,0.1147164827537147,0.6232809204011388,0.4849347584264908,-0.96059551055292,-0.16814160661256805
0.20206410978355047,0.533677787801816,-0.6552198990019297,0.45448015633770344,-0.17169641838322242,0.5711255069752581,-0.5381893119298325
-1.038296063700129,-1.3739364324259518,-0.7539296915347046,-1.8751102566219084,0.8997425253508503,1.9524496416366648,0.06893677160131288
-1.3618682828697846,0.6245165601936145,-0.6157359819888196,-0.4416631234488899,-0.31005885855032633,0.9839357803858819,-1.0286869184576417
0.17509975818607917,0.07948392584282366,0.5885234869110343,-1.6370588466180869,-2.364543127377068,3.063085631398029,-0.6482494192269584
-0.4450803285557606,0.38227983381548525,-0.6157359819888196,-1.3439140635786277,-2.251282498978726,-0.7499265007931474,0.38972195820803673
-0.09454375778863376,0.7759145141799453,0.5885234869110343,-1.6086411883720302,-2.5440001422981955,0.17396537072229143,-0.6998639897665835
1.5772460412545866,-0.828903798075161,-0.06296114380528015,0.5450105036992775,0.852360679930836,-0.3202107131796778,-1.4906235469015012
-1.307939579674842,-0.9803017520614918,-0.08270310231183513,-1.3218506074955692,0.7141878352939637,0.1216653618917247,-0.015136708106923927
1.1188520640975745,0.2006022890318883,-0.49728423094948976,-1.3725419823822782,0.004804240388526861,-0.9654092334978545,-0.6123051193140686
1.3884955800722873,0.5942369693963483,0.07523256574060473,0.4716926418803327,0.5368096372741175,-0.15142022827406618,-0.2433183644630726
1.0649233609026318,-1.192258887642355,0.07523256574060473,-0.13970496209274838,0.7991374358690148,-0.10552917662354043,-0.7985984240605111
-0.2832942189709328,2.3807328264350516,3.036526341723852,-0.19393134921210028,0.4175290647279372,-0.644462895472291,-0.616426083252535
-0.17543681258104765,-0.19303239133257175,-0.06296114380528015,2.630171136267938,1.0475491570536375,0.13514654210048468,2.08042938305522
-1.3349039312723132,-1.3739364324259518,-0.43805835542982485,0.39217988270286847,1.0230035765404255,-1.1690980255113201,0.9636337363255021
1.0918877125001032,0.07948392584282366,-0.22089681185772,-0.42208161730793453,0.4113282129214488,-0.14194974525126358,3.013594089047414
-0.3641872737633467,-1.2830976600341535,-0.240638770364275,-0.2593216784235434,0.6354836809130744,0.30284196283692677,0.059722394595359024
0.28295716457596437,-0.2838711637243702,-0.6157359819888196,0.11021138021742735,0.007422159795337964,0.5871799610892242,-0.02485834694751942
-0.7686525477254161,-0.46554870850796715,-0.3393485628970499,1.1941166935816716,-0.8240320359277813,-0.8378254766863681,-0.09200889969143664
-0.7416881961279448,0.14004310743735598,-0.5762520649757097,-0.27465523266133574,-0.5908726439256727,-1.578742232527708,-0.8074962164044304
1.3615312284748162,0.6547961509908806,0.03574864872749477,0.20869562080669934,0.4489845416143637,-0.29712525230959563,0.11533520215618726
-1.0113317121026577,0.5942369693963483,-0.5565101064691548,0.9887706221780468,-1.6131182581436996,-1.388948291017231,1.0711822968007287
1.2806381736824022,-1.404216023223218,-0.06296114380528015,0.4476356693809305,0.9476029150481835,-0.40593121070826715,-1.3949792548517366
-1.3349039312723132,-0.16275280053530558,-0.4775422724429348,0.7577087503687058,0.6374772523968281,-0.30955956690779274,-0.8102802571931097
-1.227046524882428,0.4428390154100175,-0.5565101064691548,-1.360091901760719,-0.45256470885842853,-1.890001974103084,0.6583625580683679
-1.2540108764798994,2.441292008029584,2.997042424710742,0.6045685267408031,0.42872601032978647,-0.8132550200988689,-0.5503617518616388
0.8492085481228615,-0.5563874808997656,-0.08270310231183513,0.2830455146711324,0.3054174825670828,-0.3016380492487643,1.2028372977875106
-0.6068664381405884,2.1082165092596563,3.036526341723852,-0.5548394838324889,0.9302611100875136,-0.04082452726876314,0.30525819798581877
0.6334937353430912,0.018924744248291346,-0.20115485335116504,0.021508190498215635,0.5416207933808705,0.8290534485083003,2.066561596053002
0.9570659545127467,-1.0711405244532903,-0.06296114380528015,0.6818864201665519,0.8671181745154648,0.11887481084480163,-1.4784787194087186
-0.6877594929330022,2.713808325204979,2.997042424710742,-0.34778210865496595,0.9607998386868729,-0.5771858613567747,-0.05478163716305641
1.3884955800722873,-0.4958282993052333,-0.4578003139363798,-0.046488001923340114,0.2922637180613594,-0.7264259865152204,-0.559687624764125
0.0942067033936653,0.23088187982915445,0.5687815284044793,-1.3437128658557216,-2.5235205027507943,-0.343245400436392,-0.4740428920800238
-1.200082173284957,-0.4958282993052333,-0.6157359819888196,0.5064760088776492,0.40150151343191287,0.3677007049055558,-1.1898474015537062
-1.1731178216874856,-1.1014201152505565,-0.7539296915347046,-3.068836969910712,0.8897912744038731,-0.010514092712552764,0.04956527027332994
0.525636328953206,-0.5261078901024995,-0.1221870193249451,-0.739439938652368,0.41851281012994906,0.6057241056792274,1.7941249253570641
1.1188520640975745,0.8364736957744776,0.07523256574060473,0.3681982097319902,0.4515928022419957,-0.04615171510645827,-0.16939258545541952
0.7413511417329763,-0.34443034531890254,-0.1221870193249451,-1.0807463188878936,0.45785248736638995,1.48109262168407,2.890292399552959
-1.2540108764798994,0.4731186062072837,-0.5762520649757097,-1.2561328691673994,-1.0645843018828256,-1.4110185105666009,0.8253706106606711
0.040278000198722706,0.2006022890318883,0.6082654454175893,-1.2157563187836558,-2.387956063793891,2.445567231765993,-0.5087662118357901
1.0109946577076894,0.049204335045557504,-0.06296114380528015,-0.18198886114433013,0.4043563459683157,1.6118275655125838,2.726829551211484
-0.47204468015323187,0.5942369693963483,-0.49728423094948976,0.7356568966291498,-0.5397841252351316,-0.6265264304467472,-0.005528262461224781
0.9301016029152754,-0.9803017520614918,0.07523256574060473,0.813977038230285,0.8393735140972919,-0.5118852837711464,-1.4523617953733714
-0.2832942189709328,0.3217206522209529,-0.023477226792170184,1.3869860963248408,0.9910889304170795,0.5381075107552834,-0.5795171610053382
1.2806381736824022,-0.9500221612642257,-0.023477226792170184,0.7031894798821142,0.9208729698287755,-0.17026801634167166,-1.3589792080806888
-1.038296063700129,0.8061941049772114,-0.5762520649757097,-0.725606956834274,-0.27810841324063795,-0.6570514387862388,-1.2269592990284188
1.253673822084931,-0.9500221612642257,-0.43805835542982485,-0.3874183912210676,-0.5263649598596251,-0.5131092674731029,1.4811362393596612
1.8468895572292996,-1.0408609336560242,0.13445844126026968,-0.07180014411098834,0.5405432871358707,0.44156148044865745,-1.0312468239298245
-0.391151625360818,0.4428390154100175,-0.5565101064691548,-1.6930073478791932,-2.139296509688226,-0.7822398416818802,-0.39607721702378923
0.7143867901355051,-0.5261078901024995,-0.22089681185772,0.2666643861151145,0.4513617073727276,-0.43363575528201076,1.6522804910600206
-1.307939579674842,-0.7077854348860964,-0.35909052140360487,0.09057497839412366,1.050416493281164,-0.18354642927133777,1.9241432507100311
-0.660795141335531,-1.3436568416286856,-0.31960660439049493,0.08005888834162168,1.047660092901727,-0.004673273187323733,0.7362345561356228
-0.6338307897380596,0.29144106142368675,-0.5762520649757097,-0.9203714595538934,-2.255280628650373,-1.1700089546610983,0.5370051400197784
1.1997451188899884,0.8667532865717438,-0.003735268285615202,0.36849350493438987,0.5345033140894168,-0.9688120419843642,-0.19718460889270484
1.5502816896571152,-0.46554870850796715,-0.4775422724429348,-0.4264088286178637,0.22583596093514058,1.2421195466168011,-0.45080444599107605
1.3615312284748162,-1.2225384784396212,0.1147164827537147,-0.023681485161410023,0.5166792990240867,0.4553173344482111,-0.8592416219039312
-0.5529377349456458,0.29144106142368675,-0.6354779404953746,-0.38754002830717577,-2.2231223426514184,-1.2165798631085327,-0.055170106280688795
-1.3349039312723132,-0.7986242072778948,-0.240638770364275,-0.311549897017706,0.9849579947354233,-1.012460636642647,0.0246514121030937
-0.3102585705684041,-1.1014201152505565,-0.06296114380528015,-1.486362242906827,0.8538005022156002,0.5778576380183371,0.022663926953966265
1.631174744449529,-0.7380650256833625,-0.3393485628970499,0.1021319937602255,-0.8576728542660211,-0.43343733493143044,1.0484804533518908
-0.9034743057127727,0.3217206522209529,-0.6157359819888196,-0.9028096848217123,-2.0868913976343446,-1.0410673921314424,0.38112703878267873
-0.9574030089077152,-0.5261078901024995,-0.41831639692326983,0.44713823486241056,-0.7832209742753555,-1.0654308333051632,-0.2293392777837867
-1.2540108764798994,-0.2838711637243702,-0.5762520649757097,0.480507356780604,0.5441737850262083,0.5746540838562934,-1.0969611096078415
-0.9034743057127727,0.17032269823462212,-0.6157359819888196,-1.422567541146996,-2.154732024255259,-1.0062213597899512,0.5331654793936038
0.9031372513178041,-0.435269117710701,-0.26038072887082997,-0.47290620768544483,-0.8654124989592935,0.6226528184695771,0.2484882969634583
-0.2832942189709328,-1.1316997060478227,-0.26038072887082997,1.265933005479488,-1.0052617619611401,0.012887119652957928,-0.2550988084140649
1.4963529864621725,-0.9803017520614918,-0.26038072887082997,0.015886637626408812,-0.6452351375787193,1.224550376522101,1.5427972557241987
-0.8225812509203587,-0.10219361894077328,-0.5170261894560447,1.0870669690383645,-1.1219127682510568,3.7628639667388555,-1.1867367650949476
1.3076025252798735,0.018924744248291346,-0.22089681185772,-0.8786029850369456,0.4008265480810869,-1.1281592570766674,1.7267065028850703
-0.2832942189709328,0.5639573785990821,0.5687815284044793,-1.7002009963518612,-2.443924515404005,1.2982896202580314,-0.274039135274913
-0.6338307897380596,-1.3739364324259518,-0.35909052140360487,0.17919832619551304,1.2075667184573309,-0.5975380369592626,2.136454941892356
-0.579902086543117,-0.8591833888724272,-0.26038072887082997,0.5605249395894392,0.9087371305345356,-1.1948076622036508,1.0373512777903084
1.3615312284748162,-0.8591833888724272,0.07523256574060473,0.7084661622698135,1.0244774564853247,0.35416639157884483,-1.4736351527664813
-0.391151625360818,-1.404216023223218,-0.22089681185772,-1.1332234671982606,0.6712109671020513,-0.8874411096103081,0.08507254129335375
-0.49900903175070316,2.0173777368678576,3.076010258736962,-3.025800055624881,0.540496764405357,-0.4300088297848635,-0.6584747352632828
-0.3102585705684041,-0.4958282993052333,-0.6552198990019297,0.6881601540128518,0.5559420998688875,0.4460337218791502,-0.7955875519362359
-0.7686525477254161,2.4110124172323175,3.0167843832172974,-0.3446713839103655,0.3912650945292705,-0.6044538783365626,-0.6606140997281198
-0.8765099541153013,-1.2528180692368873,-0.26038072887082997,0.1180713375526028,1.121632408757926,-0.1737066177044372,0.5033453551949811
-0.5529377349456458,-1.404216023223218,-0.6552198990019297,1.5334432464106753,0.8824860816699466,1.7339265929697347,0.22041136286438265
-0.4450803285557606,0.8061941049772114,-0.5762520649757097,1.1861010960749296,-0.3751210408782089,0.060443855803576224,-0.5841378601268382
-1.0922247668950718,-1.4647752048177503,-0.1221870193249451,-1.0586280110103052,0.8836774409766107,0.5297633466769123,0.10209435451005534
1.8199252056318282,-0.25359157292710405,-0.49728423094948976,-0.43434468794162834,0.27045728927361845,1.9291012583093972,-0.5805870703436181
-0.3372229221658754,-1.0408609336560242,-0.3393485628970499,1.8334176504055675,-1.0023812848001765,-0.7941852499937815,-0.23590369348611182
-0.14847246098357636,0.14004310743735598,0.01600669022093978,0.9096777956200097,0.850373573829445,0.453815977446137,-0.5157889934808493
0.7952798449279189,-0.25359157292710405,-0.1221870193249451,-0.4797874207673732,0.16112502216889926,1.16280118949399,0.8769754521668883
-1.1191891184925429,-0.46554870850796715,-0.4578003139363798,1.8029706533081098,-0.9461696908933707,-1.2524505260336822,-0.06047168185524584
0.41777892256332083,-0.2838711637243702,-0.5565101064691548,-1.2906154210715886,-0.1071729438209166,0.34115013256735033,-0.41622688096015587
-0.49900903175070316,2.653249143610447,3.056268300230407,-0.8554749899985982,0.9625847503622782,-0.8375153243633248,0.09868002137435576
-1.2809752280773707,2.441292008029584,2.9773004662041873,-1.050119242088219,0.445165326142152,-0.8428658942627762,-0.5917169797296582
0.5795650321481486,-0.34443034531890254,-0.10244506081839011,0.20347071208147527,0.4263888192891399,-0.15567974092812625,1.4109106485465108
1.4693886348647014,-1.0711405244532903,-0.26038072887082997,-0.4032169289248051,-0.13333979496798812,0.34553354166531786,1.2399895656001032
-0.84954560251783,2.0173777368678576,2.898332632177967,-1.3582076959379612,0.436126951078817,-0.6961366348189101,-0.5464417489942271
-0.47204468015323187,0.6547961509908806,-0.5367681479625998,1.496008267141422,-0.11095550461234935,0.27783785907297676,-0.7509332587848766
-0.5529377349456458,0.6547961509908806,0.6477493624306992,-1.2228386118893386,-2.452182587480311,-0.0842571278220794,-0.638427991887816
-1.1731178216874856,-0.6775058440888303,-0.41831639692326983,1.1532358621795953,-1.0695386174614374,0.06416003318626698,-0.16280784541368243
-0.84954560251783,-0.8894629796696933,-0.6552198990019297,-1.0090554862552752,1.0021345684677774,0.8506905815682818,0.14906750824141712
-0.391151625360818,0.3520002430182191,0.6280074039241442,-1.4484013878172415,-2.4578188035281636,-0.5427458806372827,-0.5225252089532324
-0.7416881961279448,0.049204335045557504,-0.6354779404953746,-0.904945856599809,-0.0771553141722558,-1.7482904430137112,1.481992074171094
1.3345668768773449,-0.6472262532915641,-0.43805835542982485,-0.06245192289452902,-0.6232256458472812,-0.5525042142383174,0.3741199436119771
-1.1461534700900142,-0.9197425704669595,-0.08270310231183513,-1.4111120383069493,0.8209020415321618,0.8426086791831714,0.08796069376775337
-0.4181159769582893,0.8061941049772114,-0.4578003139363798,0.5076965570611655,-1.188992375762418,-2.0248637889632533,1.6983874357842128
1.0918877125001032,-0.9803017520614918,0.03574864872749477,-0.2418691484532186,0.45046203753889663,0.36941482532605546,-1.0049583675642817
-0.7147238445304736,-0.7986242072778948,-0.7736716500412595,-1.3323716708359585,0.9806699880715453,-0.4066878482734955,0.2863212519136621
1.5502816896571152,1.078710422152607,0.09497452424715971,0.7985247873902782,0.29900246569959726,-0.8540025583208977,-0.07793611385763774
-0.2832942189709328,0.2611614706264206,-0.5762520649757097,0.35394937885656524,-1.6738106898548062,-2.2791316526125267,-0.12934528822126676
-0.6068664381405884,-1.3133772508314194,-0.35909052140360487,0.8620694083760989,0.8863793663444435,-0.2160216201141209,1.6194173935961749
1.4963529864621725,-0.9803017520614918,0.07523256574060473,0.6679062006993877,1.0499649987948578,-0.2406882107963005,-1.4643460319512953
-1.200082173284957,2.1687756908541886,3.076010258736962,0.47325643270884027,0.5174789442687889,-0.950176166681816,-0.6125232165216135
0.8222441965253903,-1.1316997060478227,-0.06296114380528015,0.2706359724303056,0.6666465436741525,0.325070434705299,-0.7971353574128855
-0.9843673605051865,-0.3747099361161687,-0.6157359819888196,0.7145089524262224,0.7667400079641494,0.7850572881752984,-1.2206364078658523
-1.1191891184925429,0.4731186062072837,-0.5565101064691548,-1.2451465071667263,-2.130691570319718,-1.1323401952770302,0.46711995545665114
-1.1461534700900142,-0.25359157292710405,-0.5959940234822647,0.4753111945770255,0.6292079906329261,0.6888913613554096,-1.0970757788091505
-0.3641872737633467,-0.9197425704669595,-0.39857443841671486,0.013011720140039481,1.028586768549127,-0.9418174901747493,2.192683793178475
-0.6877594929330022,-0.9803017520614918,-0.7341877330281495,1.3346404738242317,0.8417784153894524,-0.018043588756462427,0.01945420166439795
-1.1191891184925429,2.5926899620159145,2.9773004662041873,-0.45791166291298224,1.0387987773438518,-0.7784016808630796,0.031274887320510175
-0.9574030089077152,-0.7683446164806287,-0.31960660439049493,0.6573180308883787,1.2679187046979885,-0.3278621990748806,2.194155299261586
-0.6068664381405884,-0.4958282993052333,-0.39857443841671486,1.3139171203342797,-0.9378510462183435,-0.4827274383368567,-0.09086271675884379
-0.9843673605051865,2.622969552813181,2.9378165491910773,-0.43797410287359945,0.8753011736991626,-0.5168749944520997,0.17085046865807058
-1.0652604152976004,-1.0711405244532903,-0.1221870193249451,-0.7916463769187504,1.0541300621512026,-0.6871678268641553,-0.014082742508521243
1.0918877125001032,-1.2225384784396212,-0.023477226792170184,0.7105766098010948,0.9442150888203288,-0.42340076454654346,-1.3749612939646894
-1.0922247668950718,0.049204335045557504,-0.49728423094948976,-0.8696145960611751,-2.3251084965452904,-0.9569848911698472,0.6097411771906682
1.3076025252798735,0.5033981970045498,-0.04321918529872517,0.20908337766987223,0.5203055827623035,-0.9579640201381501,-0.05672421349077406
1.0918877125001032,1.2301083761389375,-0.04321918529872517,0.7620930078641293,0.21733182710317556,-0.4159270703370298,-0.19632936564661976
-1.2540108764798994,-1.192258887642355,-0.14192897783150007,-1.1363604767568234,0.8262068574475899,-0.056382390989327714,-0.014822242796785793
0.984030306110218,-0.7683446164806287,-0.35909052140360487,0.010736739169080875,-0.12335799770523156,0.08027792320330074,1.1846550717300097
1.631174744449529,-0.3747099361161687,-0.5959940234822647,-0.3799158263628079,0.30161781503047197,-0.47306819494717617,-0.41193160255385214
0.6604580869405625,-0.13247320973803944,-0.6552198990019297,-0.8003497444316402,0.004471285995606656,-0.7131684934997871,-0.020878572906089677
-1.307939579674842,0.6547961509908806,-0.5170261894560447,-0.33015610010942864,-0.4320898016996731,0.23671693791071824,-0.9279937384437359
-0.47204468015323187,2.0173777368678576,3.095752217243517,1.909890944692679,0.48767287053536373,-1.1845967694644506,-0.6162612605379011
1.0379590093051605,0.14004310743735598,-0.26038072887082997,-0.3114442410825284,0.47966247240633086,-0.48405022741600784,1.1523022084623167
1.1188520640975745,-1.010581342858758,0.13445844126026968,-0.08836837242541017,0.7237917451709798,0.14585984508779293,-0.8061215873227265
1.4154599316697587,-0.7986242072778948,-0.3393485628970499,0.3216312066288815,-0.8900055079942409,0.27897487084569655,0.4095311415853424
-1.0652604152976004,-0.011354846548974808,-0.4775422724429348,0.5937319518725208,-0.7022172499514102,1.180125929540201,-0.7686189302315081
0.33688586777090695,0.14004310743735598,-0.023477226792170184,0.25591023456639034,0.8687110705769013,0.5004302461205902,0.7454738312113475
0.6334937353430912,-0.2233119821298379,-0.06296114380528015,0.0418191700481652,0.761510904429034,-0.5761848232529028,1.55870729127448
-1.1731178216874856,2.653249143610447,2.898332632177967,-0.3324448399117399,0.9898219512402623,-1.2315290169861315,0.02320491673426074
-0.5259733833481745,-1.2225384784396212,-0.29986464588393996,0.8282438471524184,1.0689301895488608,-0.16890441514649362,0.811511215674234
-0.8765099541153013,0.6245165601936145,-0.6552198990019297,-0.12849892160743906,-2.2065185082982275,-0.9824750477463599,0.7783056952603185
-0.660795141335531,2.1990552816514546,2.898332632177967,-0.8247081125403251,0.9691899357840904,-0.7640984064031403,0.2682292522895305
-0.7956168993228874,-0.828903798075161,-0.41831639692326983,0.29034519013054144,-1.0658535430677665,-0.9937389018037265,-0.14141018753221873
-1.0652604152976004,2.07793691846239,2.898332632177967,-2.6743265393830575,0.5460179009583149,-1.060950239305421,-0.617786769487841
1.4154599316697587,-1.1014201152505565,0.05549060723404975,-0.08694321324358668,0.3869582912380295,-0.3390034859144138,-1.0797137393919523
-0.22936551577599024,0.6245165601936145,0.6872332794438092,-1.2546855406521236,-2.5655436087121055,1.3743254022683136,-0.6877499085920231
2.1704617763989553,-0.13247320973803944,-0.5170261894560447,-0.00982217663643463,0.38466550103224645,1.068526927154197,-0.6645088182641123
-0.47204468015323187,-0.4958282993052333,-0.5762520649757097,0.47460028771049906,0.6801214711200846,0.9097782076492816,-1.092866810986115
1.5233173380596439,-1.2830976600341535,0.1147164827537147,0.6070094196279461,0.8948641709420099,-0.4876715293630741,-1.3479982450744252
0.7952798449279189,-0.828903798075161,0.13445844126026968,-0.20214193631021762,0.789469934687975,-0.42854550455817597,-0.9905135074758097
-0.9574030089077152,-1.434495614020484,-0.14192897783150007,-1.3044680925613437,0.7826623316481892,0.5430587893533814,0.09165882928864054
-0.6877594929330022,0.4428390154100175,0.5687815284044793,-1.0880813479806548,-2.5281633509928096,1.574720374635161,-0.3249504999498421
0.5795650321481486,-0.3747099361161687,-0.240638770364275,-0.2890561986674845,0.4114804109951551,-0.36741193267682765,1.3304034448793243
-0.660795141335531,-1.1619792968450888,-0.8328975255609244,-1.661228511068062,1.0498771312082937,0.5618744360673247,0.07941394440397093
-1.307939579674842,-0.5261078901024995,-0.3393485628970499,1.068176380857142,-0.9632705302405682,-0.9525117516136293,-0.21546409058250424
1.5502816896571152,-0.616946662494298,-0.3393485628970499,-0.37002380713653366,-0.20875828173091848,1.1800316571318494,0.7453284471232657
1.3345668768773449,-1.3133772508314194,0.09497452424715971,-0.20031779096818014,0.5927201703391157,-0.33661625233817083,-1.1196837779374085
-0.7686525477254161,2.1082165092596563,3.095752217243517,1.3760945120648593,0.5602502656641289,-0.7412931274006258,-0.6339911358693491
0.4717076257582634,0.5033981970045498,0.1147164827537147,1.1474958401242743,0.9588227887990842,0.6570696532060741,-0.8876415526810831
-0.7416881961279448,-1.4647752048177503,-0.08270310231183513,-0.8658797486229255,1.0263038095686459,0.8838797874954119,0.07143155673886643
0.8492085481228615,-0.8591833888724272,0.05549060723404975,-0.24624439298647788,0.7214264005045052,-0.5130842739171844,-1.0087492662001643
0.28295716457596437,-0.04163443734624096,-0.14192897783150007,-0.11391354696416889,0.5605536796769847,0.5213276700022424,1.838026356038027
-0.7686525477254161,0.41255942461275136,0.5885234869110343,-1.6720570504756094,-2.5590698667546192,-0.3464419043114831,-0.5688144811667825
-0.7686525477254161,-1.1014201152505565,-0.8526394840674795,-0.2844393596685486,0.8673511043192556,0.604893991165312,-0.014513447865788901
-1.3618682828697846,0.3520002430182191,-0.6552198990019297,-0.4161433838963203,-2.1639975409503167,-1.063217068863795,-0.1415673244394567
1.0649233609026318,0.10976351664008982,-0.4775422724429348,-1.3204647119528168,0.06248330858530312,-0.4044743635341383,-0.38685810059104
0.984030306110218,-1.192258887642355,-0.003735268285615202,0.8268202260391712,0.9511091390115589,0.16926497841361465,-1.3539905865630273
1.253673822084931,-0.5563874808997656,-0.43805835542982485,-0.12629890901145893,-0.7934338875140673,-0.17898069936794972,1.1377181077718352
1.44242428326723,-0.19303239133257175,-0.5959940234822647,-0.31561005094715766,0.2500232181650363,1.48746228458056,-0.23397882505660064
-0.660795141335531,-0.07191402814350713,-0.4578003139363798,0.6417936783459542,-0.8434626695445697,1.6915557823104697,-0.8796880274456618
-0.8225812509203587,2.07793691846239,3.076010258736962,-2.743003044871281,0.4245479775879705,0.01701527372136419,-0.7006639737962157
-0.391151625360818,-0.828903798075161,-0.43805835542982485,0.9226859976396848,-0.9127476141745533,0.4369025982280023,-0.152615416122901
0.7143867901355051,-0.04163443734624096,-0.14192897783150007,-0.3305607338340258,0.5413459546785028,-0.48346609029290416,1.164391827428674
-0.2832942189709328,-0.7077854348860964,-0.26038072887082997,-0.9286235745035781,0.8832598676305925,-0.26230917117803165,0.014648330961419646
-0.9843673605051865,0.10976351664008982,-0.6552198990019297,0.8633896537258717,0.5271493370659317,0.19159628182850802,-1.1539524341210319
-0.660795141335531,0.41255942461275136,-0.4775422724429348,2.280216601391112,-1.5120275864271662,-1.0665818455749168,1.0509884796695743
-1.307939579674842,-0.8894629796696933,-0.28012268737738494,0.6675686515015006,-0.7455596527282969,-0.001710697704909146,-0.16117663685384132
1.7929608540343571,-0.5866670716970318,-0.4578003139363798,-0.1414897400608676,-0.6574940625383581,0.9476413381199402,0.3775234392559818
0.9031372513178041,-0.07191402814350713,-0.26038072887082997,-0.6475736520558181,0.414709152531361,-0.552736169320471,1.7140980814726294
-1.0113317121026577,0.3217206522209529,-0.5565101064691548,-1.2793581954195625,-0.3967260049924352,0.14942646400850962,-1.2202850029698151
-0.6877594929330022,0.3217206522209529,-0.5565101064691548,1.516824285772036,-1.7491492518816163,-2.137964193257619,0.025500706265724395
0.6874224385380338,0.018924744248291346,-0.06296114380528015,-0.24991169108611344,0.27933874285617,-0.3816894950802674,1.477924884358433
0.30992151617343566,0.17032269823462212,-0.14192897783150007,-0.26389406105642305,0.15651103395310567,0.8994891959344309,1.614425937433997
-1.3349039312723132,2.3807328264350516,2.997042424710742,-1.8491116790167994,0.5179314491815954,-1.0948952308613766,-0.6733203694283145
0.28295716457596437,-0.3747099361161687,-0.08270310231183513,-0.2349983268099615,0.4806802691813801,0.08186671402784038,1.0226419818143822
1.873853908826771,-1.3739364324259518,-0.04321918529872517,0.7997271261185842,0.866715945730809,0.3319554370112404,-1.367524341540848
-0.9843673605051865,-0.4958282993052333,-0.6552198990019297,0.48169635361184054,0.5643287664558689,0.1375972321083816,-0.9937746008408485
2.035640018411599,-0.46554870850796715,-0.49728423094948976,-0.036961721839252885,0.5489205616962688,-0.38156427839154283,-0.2761292768154021
-0.9843673605051865,-1.3739364324259518,-0.10244506081839011,-0.722668667331728,1.0353664797758166,0.7410139711095338,0.14683290466264365
0.33688586777090695,-0.4958282993052333,-0.10244506081839011,-0.4248598219997597,0.6142005798523512,0.2410183635263391,1.4918168808454502
-0.2832942189709328,2.047657327665124,2.9773004662041873,0.1264524547624355,0.43243418756402313,-0.20338910841373853,-0.6826864169942707
0.17509975818607917,0.5942369693963483,0.7267171964569191,-1.4073241145359512,-2.5457513142610035,1.1341937809394886,-0.21236223258286055
-1.3349039312723132,0.38227983381548525,-0.49728423094948976,-1.1978476527327784,-0.650318579825963,-2.143368704588176,1.2633299362544859
-0.5529377349456458,-1.1014201152505565,-0.3393485628970499,1.1285279854422623,-0.7593866626144047,0.42382442499502904,-0.16360545464274595
1.0649233609026318,-1.1316997060478227,-0.06296114380528015,-0.1250376269469237,0.4135120571457286,-0.23424105504609508,-0.9643341825622573
1.1188520640975745,-0.2838711637243702,-0.6354779404953746,-1.330639646026645,-0.25334010868036005,-0.5018395704663697,-0.16120089993562425
1.631174744449529,1.0181512405580746,-0.003735268285615202,0.16973269508790545,0.44686875388107866,-1.1582059980706048,-0.09932589534446698
-1.2540108764798994,0.17032269823462212,-0.5762520649757097,0.14023838085863016,-0.16982788291255105,1.4721391742453032,-1.1414127690989
1.3884955800722873,-1.2830976600341535,-0.06296114380528015,0.6950144159839242,0.9752429249201736,-0.15225198892413205,-1.4440034933660086
-1.1191891184925429,-0.16275280053530558,-0.5565101064691548,0.8212801768376177,0.5780709148865191,-0.12386363066813562,-0.8637115352698639
-0.6877594929330022,0.10976351664008982,-0.4775422724429348,0.42032617059275,-0.575252926362367,0.6426351548793396,-1.211689856256911
0.7143867901355051,-0.46554870850796715,-0.240638770364275,-0.7346155401916277,0.39441692060401135,-0.6674032461688176,2.1969414103472964
2.1165330732040126,0.2006022890318883,-0.5170261894560447,-0.1921463218813713,0.34644370758188714,-0.6757233379116566,-0.575729288146265
0.6334937353430912,-0.4049895269134348,-0.16167093633805507,-0.08164950637179792,0.5259177807477206,-0.11271219885700781,1.19374813605232
-1.227046524882428,2.5018511896241162,2.898332632177967,-0.6366590586091154,0.9212444942220388,-0.2693160388807023,0.07513176346520731
0.2559928129784931,0.049204335045557504,-0.08270310231183513,-0.5073550856628206,0.4900015654609236,1.7527554498300717,2.9129467924115895
-0.391151625360818,-0.7380650256833625,-0.6947038160150396,-0.9706921419595355,0.8759549546725367,1.7390270861759562,0.11113533528258952
-1.307939579674842,0.7456349233826791,-0.49728423094948976,-0.8436829394009041,-0.22319863711819918,1.0859709716557804,-1.057555508341894
-1.1461534700900142,-0.10219361894077328,-0.5367681479625998,0.6147074488639896,0.7951073915395699,-0.32741054576065914,-0.9653875126276182
-0.9304386573102439,-0.07191402814350713,-0.5367681479625998,1.091593325318197,-0.962498235220357,-3.7748215275447543,-1.2867180863291625
1.0649233609026318,-0.4049895269134348,-0.18141289484461004,0.035702756079969325,0.4693867420748342,0.19552957340724622,1.6048295919885802
1.0918877125001032,0.6547961509908806,0.13445844126026968,0.3866937915802505,0.21119730238659315,-0.3358202486393333,0.10251425871256636
-0.3102585705684041,2.622969552813181,3.056268300230407,-0.8834783073323873,0.41425231940050905,-0.15939430040147287,-0.6242079180920811
1.3345668768773449,-0.5563874808997656,-0.240638770364275,-0.047338081054687765,0.027131078342475752,-0.16344959081276328,1.5792633386204926
1.0649233609026318,-0.2838711637243702,-0.20115485335116504,-0.34165146106900895,0.5601973691632564,1.2817875993018981,2.4993798190737566
1.0379590093051605,-0.25359157292710405,-0.240638770364275,-0.8423822440797316,0.4071017322498291,-0.040585778507011346,1.4873256426025243
-0.3641872737633467,-1.0711405244532903,-0.35909052140360487,0.41649417148176365,1.2546827422210598,-0.114477398253618,0.9862334657117737
-1.1191891184925429,-0.9803017520614918,-0.31960660439049493,1.3408994853020555,-0.8015406232982014,-0.7749438005900865,-0.13979009971050207
-0.579902086543117,2.047657327665124,2.9180745906845225,-0.5384617386283593,1.0289199124531503,-0.5063001144507977,0.3627030703454773
1.6851034476444717,-0.3747099361161687,-0.5565101064691548,-0.10892158281441654,0.4100159917858416,1.0043221694463838,-0.13278331413051042
-0.84954560251783,-0.5261078901024995,-0.5170261894560447,-0.020114191442766098,-0.5773288839811939,-0.39664455990817804,-0.8463997792705429
0.9031372513178041,-0.9803017520614918,0.13445844126026968,0.5831469978417261,1.0501716395465208,0.02584428199167839,-1.499800150933888
-0.3641872737633467,0.3520002430182191,-0.6354779404953746,-0.541120129573479,-2.3548245026568533,-1.0143170971603543,-0.7274962247902806
-0.7686525477254161,-0.7077854348860964,-0.7144457745215946,-1.948275464635901,0.9476131535876352,-0.154094283433067,0.27980430206305834
-0.2832942189709328,-0.07191402814350713,-0.6157359819888196,0.6210415125026286,0.6607044903861587,0.49588705147470535,-0.9741772223852561
0.984030306110218,-0.5563874808997656,-0.4578003139363798,-0.8183980216255321,-0.3703702130715031,-0.37984516439200805,-0.6857678819776902
0.9570659545127467,0.7759145141799453,-0.06296114380528015,0.45180430203030186,0.5067113832251207,-0.8550718847728295,-0.0803926223916665
0.28295716457596437,-0.46554870850796715,-0.5565101064691548,-1.4101567620676263,-0.3913474032432204,-0.6462008611308162,-0.6939647311580294
1.7120677992419429,-0.4049895269134348,-0.49728423094948976,-0.002185921500965206,0.4368272763384693,0.3590836158154866,-0.14913039438022602
